State,District,Market,Commodity,Variety,Grade,Arrival_Date,Min_x0020_Price,Max_x0020_Price,Modal_x0020_Price
Tripura,Dhalai,Kulai APMC,Green Chilli,Green Chilly,Grade B,06-09-2026,24000,25000,24500
Keralam,Kozhikode(Calicut),Mukkom Market,Tomato,Tomato,FAQ,06-09-2026,2000,2300,2100
Keralam,Kozhikode(Calicut),Mukkom Market,Onion,Onion,FAQ,06-09-2026,5000,5300,5100
Keralam,Kozhikode(Calicut),Mukkom Market,Cucumbar(Kheera),Cucumbar,FAQ,06-09-2026,1800,2000,1900
Keralam,Kozhikode(Calicut),Mukkom Market,Brinjal,Brinjal,FAQ,06-09-2026,4800,5100,5000
Keralam,Kozhikode(Calicut),Mukkom Market,Apple,Other,Large,06-09-2026,18000,19000,18500
Telangana,Hyderabad,RYTHU BAZAR FALAKNUMA,French Beans(Frasbean),French Beans (Frasbean),Grade A,06-09-2026,5500,5500,5500
Telangana,Hyderabad,RYTHU BAZAR FALAKNUMA,Onion,Onion,Grade A,06-09-2026,4000,4000,4000
Telangana,Hyderabad,RYTHU BAZAR FALAKNUMA,Beetroot,Beetroot,Grade A,06-09-2026,3500,3500,3500
Odisha,Rayagada,Gunpur APMC,Cucumbar(Kheera),Other,FAQ,06-09-2026,4300,5240,4900
Punjab,Gurdaspur,Quadian APMC,Brinjal,Other,Grade A,06-09-2026,1200,1400,1300
Keralam,Kollam,Anchal Market,Colacasia,Colacasia,Medium,06-09-2026,6500,6500,6500
Keralam,Kollam,Anchal Market,Amaranthus,Amaranthus,Local,06-09-2026,4300,4300,4300
Keralam,Kollam,Anchal Market,Potato,Potato,Local,06-09-2026,4600,4600,4600
Keralam,Kollam,Anchal Market,Tomato,Tomato,Local,06-09-2026,4400,4400,4400
Keralam,Kollam,Anchal Market,Pumpkin,Pumpkin,Local,06-09-2026,3200,3200,3200
Rajasthan,Hanumangarh,Rawatsar APMC,Tomato,Deshi,FAQ,06-09-2026,1000,2100,1600
Rajasthan,Chittorgarh,Kapasan APMC,Wheat,Lokwan,FAQ,06-09-2026,2400,2600,2500
Odisha,Bolangir,Kantabaji APMC,Pumpkin,Other,Grade B,06-09-2026,1100,1600,1300
Andhra Pradesh,Nandyal,Atmakur (Nandyal District) APMC,Paddy(Common),Sona,FAQ,06-09-2026,2470,2470,2470
Punjab,Sangrur,Ahmedgarh APMC,Tomato,Local,Medium,06-09-2026,3200,3500,3500
Keralam,Kottayam,Ettumanoor Market,Ashgourd,Ashgourd,FAQ,06-09-2026,2000,2400,2200
Keralam,Kottayam,Ettumanoor Market,Beetroot,Beetroot,FAQ,06-09-2026,4800,5200,5000
Keralam,Kottayam,Ettumanoor Market,Mango(Raw-Ripe),Mango - Raw-Ripe,FAQ,06-09-2026,4000,4400,4200
Keralam,Kottayam,Ettumanoor Market,Green Chilli,Green Chilly,FAQ,06-09-2026,5000,5400,5200
Punjab,Tarntaran,Harike APMC,Pumpkin,Pumpkin,FAQ,06-09-2026,200,300,250
Punjab,Tarntaran,Harike APMC,Round gourd,Round gourd,FAQ,06-09-2026,700,800,750
Tamil Nadu,Thirupur,Tiruppur (South) (Uzhavar Sandhai ),Banana,Red Banana,Local,06-09-2026,5000,6000,5500
Tamil Nadu,Thirupur,Tiruppur (South) (Uzhavar Sandhai ),Tomato,Local,Local,06-09-2026,2000,2200,2100
Tamil Nadu,Thirupur,Tiruppur (South) (Uzhavar Sandhai ),Green Chilli,Green Chilly,Local,06-09-2026,4000,5000,4500
Tamil Nadu,Thirupur,Tiruppur (South) (Uzhavar Sandhai ),Tapioca,Tapioca,Local,06-09-2026,2500,3000,2750
Tamil Nadu,Thirupur,Tiruppur (South) (Uzhavar Sandhai ),Ginger(Green),Green Ginger,Local,06-09-2026,13000,15000,14000
Tamil Nadu,Thirupur,Tiruppur (South) (Uzhavar Sandhai ),Lemon,Lemon,Local,06-09-2026,23000,28000,25500
Tamil Nadu,Erode,Perundurai(Uzhavar Sandhai ),Carrot,Pusakesar,Local,06-09-2026,5500,6000,5750
Tamil Nadu,Erode,Perundurai(Uzhavar Sandhai ),Onion,Bellary,Local,06-09-2026,6200,6600,6400
Tamil Nadu,Erode,Perundurai(Uzhavar Sandhai ),Ridgeguard(Tori),Ridgeguard(Tori),Local,06-09-2026,4200,4600,4400
Tamil Nadu,Erode,Perundurai(Uzhavar Sandhai ),Pumpkin,Pumpkin,Local,06-09-2026,2200,2400,2300
Tamil Nadu,Erode,Perundurai(Uzhavar Sandhai ),Green Chilli,Green Chilly,Local,06-09-2026,4500,5000,4750
Tamil Nadu,Erode,Perundurai(Uzhavar Sandhai ),Chow Chow,Chow Chow,Local,06-09-2026,3200,3500,3350
Tamil Nadu,Erode,Perundurai(Uzhavar Sandhai ),Guava,Guava Allahabad,Local,06-09-2026,3000,3200,3100
Tamil Nadu,Erode,Perundurai(Uzhavar Sandhai ),Onion Green,Onion Green,Local,06-09-2026,6500,7000,6750
Tamil Nadu,Dharmapuri,Dharmapuri(Uzhavar Sandhai ),Cabbage,Cabbage,Local,06-09-2026,3200,3400,3300
Tamil Nadu,Dharmapuri,Dharmapuri(Uzhavar Sandhai ),Ridgeguard(Tori),Ridgeguard(Tori),Local,06-09-2026,2400,2500,2450
Tamil Nadu,Dharmapuri,Dharmapuri(Uzhavar Sandhai ),Pumpkin,Pumpkin,Local,06-09-2026,1500,1600,1550
Tamil Nadu,Dharmapuri,Dharmapuri(Uzhavar Sandhai ),Banana - Green,Banana - Green,Local,06-09-2026,2800,3000,2900
Tamil Nadu,Dharmapuri,Dharmapuri(Uzhavar Sandhai ),Raddish,Raddish,Local,06-09-2026,900,1000,950
Tamil Nadu,Dharmapuri,Dharmapuri(Uzhavar Sandhai ),Ginger(Green),Green Ginger,Local,06-09-2026,21500,22500,22000
Tamil Nadu,Dharmapuri,Dharmapuri(Uzhavar Sandhai ),Coconut,Coconut,Local,06-09-2026,6500,7000,6750
Tamil Nadu,Dharmapuri,Dharmapuri(Uzhavar Sandhai ),Lemon,Lemon,Local,06-09-2026,24000,25000,24500
Tamil Nadu,Dharmapuri,Dharmapuri(Uzhavar Sandhai ),Mashrooms,Mashrooms,Local,06-09-2026,14000,15000,14500
Tamil Nadu,Dharmapuri,Dharmapuri(Uzhavar Sandhai ),Mint(Pudina),Mint(Pudina),Local,06-09-2026,4600,5000,4800
Tamil Nadu,Dharmapuri,Palacode(Uzhavar Sandhai ),Carrot,Pusakesar,Local,06-09-2026,6000,6400,6200
Tamil Nadu,Dharmapuri,Palacode(Uzhavar Sandhai ),Onion,Bellary,Local,06-09-2026,5800,6200,6000
Tamil Nadu,Dharmapuri,Palacode(Uzhavar Sandhai ),Potato,Other,Local,06-09-2026,2800,3000,2900
Tamil Nadu,Dharmapuri,Palacode(Uzhavar Sandhai ),Papaya,Papaya,Local,06-09-2026,3000,3500,3250
Tamil Nadu,Dharmapuri,Palacode(Uzhavar Sandhai ),Bitter gourd,Other,Local,06-09-2026,3800,4000,3900
Tamil Nadu,Dharmapuri,Pennagaram(Uzhavar Sandhai ),Snakeguard,Snakeguard,Local,06-09-2026,2800,3000,2900
Tamil Nadu,Dharmapuri,Pennagaram(Uzhavar Sandhai ),Cucumbar(Kheera),Cucumbar,Local,06-09-2026,4200,4500,4350
Tamil Nadu,Dharmapuri,Pennagaram(Uzhavar Sandhai ),Groundnut,Big (With Shell),Local,06-09-2026,6200,6500,6350
Tamil Nadu,Dharmapuri,Pennagaram(Uzhavar Sandhai ),Brinjal,Round,Local,06-09-2026,2800,3000,2900
Tamil Nadu,Dharmapuri,Pennagaram(Uzhavar Sandhai ),Bottle gourd,Bottle Gourd,Local,06-09-2026,2200,2400,2300
Tamil Nadu,Dharmapuri,Pennagaram(Uzhavar Sandhai ),Pumpkin,Pumpkin,Local,06-09-2026,1800,2000,1900
Tamil Nadu,Dharmapuri,Pennagaram(Uzhavar Sandhai ),Green Chilli,Green Chilly,Local,06-09-2026,4600,5000,4800
Tamil Nadu,Dharmapuri,Pennagaram(Uzhavar Sandhai ),Cowpea(Veg),Cowpea (Veg),Local,06-09-2026,5500,6000,5750
Tamil Nadu,Dharmapuri,Pennagaram(Uzhavar Sandhai ),Raddish,Raddish,Local,06-09-2026,2200,2400,2300
Tamil Nadu,Dharmapuri,Pennagaram(Uzhavar Sandhai ),Capsicum,Capsicum,Local,06-09-2026,6500,7000,6750
Tamil Nadu,Dharmapuri,Pennagaram(Uzhavar Sandhai ),Knool Khol,Knool Khol,Local,06-09-2026,4600,5000,4800
Tamil Nadu,Dharmapuri,Pennagaram(Uzhavar Sandhai ),Mint(Pudina),Mint(Pudina),Local,06-09-2026,4600,5000,4800
Tamil Nadu,Dharmapuri,Pennagaram(Uzhavar Sandhai ),Sweet Corn ,Sweet Corn ,Local,06-09-2026,1800,2000,1900
Tamil Nadu,Dindigul,Chinnalapatti(Uzhavar Sandhai ),Beetroot,Beetroot,Local,06-09-2026,6000,8000,7000
Tamil Nadu,Dindigul,Chinnalapatti(Uzhavar Sandhai ),Banana,Besrai,Local,06-09-2026,6000,7000,6500
Tamil Nadu,Dindigul,Chinnalapatti(Uzhavar Sandhai ),Onion,Bellary,Local,06-09-2026,5000,6500,5750
Tamil Nadu,Dindigul,Chinnalapatti(Uzhavar Sandhai ),Bitter gourd,Other,Local,06-09-2026,6000,7000,6500
Tamil Nadu,Dindigul,Chinnalapatti(Uzhavar Sandhai ),Ridgeguard(Tori),Ridgeguard(Tori),Local,06-09-2026,6000,7000,6500
Tamil Nadu,Dindigul,Chinnalapatti(Uzhavar Sandhai ),Bhindi(Ladies Finger),Bhindi,Local,06-09-2026,3600,4000,3800
Tamil Nadu,Dindigul,Chinnalapatti(Uzhavar Sandhai ),Banana - Green,Banana - Green,Local,06-09-2026,2600,3000,2800
Tamil Nadu,Dindigul,Chinnalapatti(Uzhavar Sandhai ),Ginger(Green),Green Ginger,Local,06-09-2026,16000,18000,17000
Tamil Nadu,Dindigul,Chinnalapatti(Uzhavar Sandhai ),Chow Chow,Chow Chow,Local,06-09-2026,3600,4000,3800
Tamil Nadu,Dindigul,Dindigul(Uzhavar Sandhai ),Cabbage,Cabbage,Local,06-09-2026,3000,4000,3500
Tamil Nadu,Dindigul,Dindigul(Uzhavar Sandhai ),Snakeguard,Snakeguard,Local,06-09-2026,5000,6000,5500
Tamil Nadu,Dindigul,Dindigul(Uzhavar Sandhai ),Beetroot,Beetroot,Local,06-09-2026,7000,8000,7500
Tamil Nadu,Dindigul,Dindigul(Uzhavar Sandhai ),Groundnut,Big (With Shell),Local,06-09-2026,6000,8000,7000
Tamil Nadu,Dindigul,Dindigul(Uzhavar Sandhai ),Cauliflower,Ranchi,Local,06-09-2026,4000,5000,4500
Tamil Nadu,Dindigul,Dindigul(Uzhavar Sandhai ),Papaya,Papaya,Local,06-09-2026,4000,4500,4250
Tamil Nadu,Dindigul,Dindigul(Uzhavar Sandhai ),Bitter gourd,Other,Local,06-09-2026,6000,7000,6500
Tamil Nadu,Dindigul,Dindigul(Uzhavar Sandhai ),Cowpea(Veg),Cowpea (Veg),Local,06-09-2026,3000,4000,3500
Tamil Nadu,Dindigul,Dindigul(Uzhavar Sandhai ),Amla(Nelli Kai),Amla,Local,06-09-2026,5000,6000,5500
Tamil Nadu,Dindigul,Palani(Uzhavar Sandhai ),Potato,Red Nanital,Local,06-09-2026,3600,4000,3800
Tamil Nadu,Dindigul,Palani(Uzhavar Sandhai ),Onion,Bellary,Local,06-09-2026,5000,6000,5500
Tamil Nadu,Dindigul,Palani(Uzhavar Sandhai ),Cauliflower,Ranchi,Local,06-09-2026,3000,4000,3500
Tamil Nadu,Dindigul,Palani(Uzhavar Sandhai ),Coriander(Leaves),I Sort,Local,06-09-2026,5000,6000,5500
Tamil Nadu,Dindigul,Palani(Uzhavar Sandhai ),Beans,Beans (Whole),Local,06-09-2026,7000,8000,7500
Tamil Nadu,Dindigul,Palani(Uzhavar Sandhai ),Raddish,Raddish,Local,06-09-2026,2500,3000,2750
Tamil Nadu,Dindigul,Palani(Uzhavar Sandhai ),Indian Beans(Seam),Indian Beans (Seam),Local,06-09-2026,7000,8000,7500
Tamil Nadu,Erode,Periyar Nagar(Uzhavar Sandhai ),Coconut,Coconut,Local,06-09-2026,5000,5400,5200
Tamil Nadu,Erode,Periyar Nagar(Uzhavar Sandhai ),Ridgeguard(Tori),Ridgeguard(Tori),Local,06-09-2026,4000,4500,4250
Tamil Nadu,Erode,Periyar Nagar(Uzhavar Sandhai ),Banana,Besrai,Local,06-09-2026,2500,2800,2650
Tamil Nadu,Erode,Periyar Nagar(Uzhavar Sandhai ),Ashgourd,Gouard,Local,06-09-2026,2000,2400,2200
Tamil Nadu,Erode,Periyar Nagar(Uzhavar Sandhai ),Pumpkin,Pumpkin,Local,06-09-2026,2000,2200,2100
Tamil Nadu,Erode,Periyar Nagar(Uzhavar Sandhai ),Cowpea(Veg),Cowpea (Veg),Local,06-09-2026,3000,3500,3250
Tamil Nadu,Kallakuruchi,Sankarapuram(Uzhavar Sandhai ),Snakeguard,Snakeguard,Local,06-09-2026,4000,4000,4000
Tamil Nadu,Kallakuruchi,Sankarapuram(Uzhavar Sandhai ),Onion,Bellary,Local,06-09-2026,6000,6000,6000
Tamil Nadu,Kallakuruchi,Sankarapuram(Uzhavar Sandhai ),Potato,Red Nanital,Local,06-09-2026,3500,3500,3500
Tamil Nadu,Kallakuruchi,Sankarapuram(Uzhavar Sandhai ),Tapioca,Tapioca,Local,06-09-2026,3000,3000,3000
Tamil Nadu,Kallakuruchi,Sankarapuram(Uzhavar Sandhai ),Thondekai,Thondekai,Local,06-09-2026,6000,6000,6000
Tamil Nadu,Kallakuruchi,Sankarapuram(Uzhavar Sandhai ),Green Avare(W),Green Avare (W),Local,06-09-2026,7000,7000,7000
Tamil Nadu,Kallakuruchi,Sankarapuram(Uzhavar Sandhai ),Lemon,Lemon,Local,06-09-2026,7000,7000,7000
Tamil Nadu,Kancheepuram,Kancheepuram(Uzhavar Sandhai ),Potato,Other,Local,06-09-2026,2200,3500,2850
Tamil Nadu,Kancheepuram,Kancheepuram(Uzhavar Sandhai ),Cauliflower,Ranchi,Local,06-09-2026,3000,3500,3250
Tamil Nadu,Kancheepuram,Kancheepuram(Uzhavar Sandhai ),Coriander(Leaves),I Sort,Local,06-09-2026,4000,5000,4500
Tamil Nadu,Kancheepuram,Kancheepuram(Uzhavar Sandhai ),Bhindi(Ladies Finger),Bhindi,Local,06-09-2026,3000,3500,3250
Tamil Nadu,Kancheepuram,Kancheepuram(Uzhavar Sandhai ),Banana - Green,Banana - Green,Local,06-09-2026,3500,4500,4000
Tamil Nadu,Kancheepuram,Kancheepuram(Uzhavar Sandhai ),Tapioca,Tapioca,Local,06-09-2026,2500,3000,2750
Tamil Nadu,Kancheepuram,Kancheepuram(Uzhavar Sandhai ),Tender Coconut,Tender Coconut,Local,06-09-2026,2200,2800,2500
Tamil Nadu,Kancheepuram,Kancheepuram(Uzhavar Sandhai ),Amla(Nelli Kai),Amla,Local,06-09-2026,8000,10000,9000
Tamil Nadu,Kancheepuram,Kundrathur(Uzhavar Sandhai ),Banana,Red Banana,Local,06-09-2026,7000,8000,7500
Tamil Nadu,Kancheepuram,Kundrathur(Uzhavar Sandhai ),Onion,Bellary,Local,06-09-2026,5000,5000,5000
Tamil Nadu,Kancheepuram,Kundrathur(Uzhavar Sandhai ),Capsicum,Capsicum,Local,06-09-2026,5000,5000,5000
Tamil Nadu,Kancheepuram,Padappai(Uzhavar Sandhai ),Sweet Potato,Hosur Red,Local,06-09-2026,4000,4500,4250
Tamil Nadu,Kancheepuram,Padappai(Uzhavar Sandhai ),Bottle gourd,Bottle Gourd,Local,06-09-2026,2000,3000,2500
Tamil Nadu,Kancheepuram,Padappai(Uzhavar Sandhai ),Banana - Green,Banana - Green,Local,06-09-2026,3000,4000,3500
Tamil Nadu,Kancheepuram,Padappai(Uzhavar Sandhai ),Raddish,Raddish,Local,06-09-2026,3000,3500,3250
Tamil Nadu,Kancheepuram,Padappai(Uzhavar Sandhai ),Tender Coconut,Tender Coconut,Local,06-09-2026,2200,2800,2500
Tamil Nadu,Kancheepuram,Padappai(Uzhavar Sandhai ),Mashrooms,Mashrooms,Local,06-09-2026,22000,28000,25000
Tamil Nadu,Kancheepuram,Sunguvarchatram(Uzhavar Sandhai ),Banana,Bhushavali(Pacha),Local,06-09-2026,3500,3500,3500
Tamil Nadu,Kancheepuram,Sunguvarchatram(Uzhavar Sandhai ),Ashgourd,Gouard,Local,06-09-2026,2000,2000,2000
Tamil Nadu,Kancheepuram,Sunguvarchatram(Uzhavar Sandhai ),Pumpkin,Pumpkin,Local,06-09-2026,2000,2000,2000
Tamil Nadu,Kancheepuram,Sunguvarchatram(Uzhavar Sandhai ),Colacasia,Colacasia,Local,06-09-2026,3500,3500,3500
Tamil Nadu,Krishnagiri,Avallapalli(Uzhavar Sandhai ),Snakeguard,Snakeguard,Local,06-09-2026,2500,3000,2750
Tamil Nadu,Krishnagiri,Avallapalli(Uzhavar Sandhai ),Potato,Red Nanital,Local,06-09-2026,2000,2500,2250
Tamil Nadu,Krishnagiri,Avallapalli(Uzhavar Sandhai ),Cluster beans,Cluster Beans,Local,06-09-2026,3500,4000,3750
Tamil Nadu,Krishnagiri,Avallapalli(Uzhavar Sandhai ),Bitter gourd,Bitter Gourd,Local,06-09-2026,4000,4500,4250
Tamil Nadu,Krishnagiri,Avallapalli(Uzhavar Sandhai ),Tapioca,Tapioca,Local,06-09-2026,3500,4000,3750
Tamil Nadu,Krishnagiri,Avallapalli(Uzhavar Sandhai ),Chow Chow,Chow Chow,Local,06-09-2026,2000,2500,2250
Tamil Nadu,Krishnagiri,Avallapalli(Uzhavar Sandhai ),Knool Khol,Knool Khol,Local,06-09-2026,1000,1500,1250
Tamil Nadu,Krishnagiri,Avallapalli(Uzhavar Sandhai ),Onion Green,Onion Green,Local,06-09-2026,8000,9000,8500
Tamil Nadu,Dharmapuri,Karimangalam(Uzhavar Sandhai),Cabbage,Cabbage,Local,06-09-2026,3300,3500,3400
Tamil Nadu,Dharmapuri,Karimangalam(Uzhavar Sandhai),Snakeguard,Snakeguard,Local,06-09-2026,2800,3000,2900
Tamil Nadu,Dharmapuri,Karimangalam(Uzhavar Sandhai),Cucumbar(Kheera),Cucumbar,Local,06-09-2026,3800,4000,3900
Tamil Nadu,Dharmapuri,Karimangalam(Uzhavar Sandhai),Onion,Bellary,Local,06-09-2026,5000,5500,5250
Tamil Nadu,Dharmapuri,Karimangalam(Uzhavar Sandhai),Coriander(Leaves),I Sort,Local,06-09-2026,4500,5000,4750
Tamil Nadu,Dharmapuri,Karimangalam(Uzhavar Sandhai),Tomato,Local,Local,06-09-2026,2000,2400,2200
Tamil Nadu,Dharmapuri,Karimangalam(Uzhavar Sandhai),Lemon,Lemon,Local,06-09-2026,16000,17000,16500
Tamil Nadu,Dharmapuri,Karimangalam(Uzhavar Sandhai),Onion Green,Onion Green,Local,06-09-2026,7000,7500,7250
Haryana,Kaithal,Cheeka APMC,Potato,Other,FAQ,06-09-2026,1400,1800,1600
Tamil Nadu,Krishnagiri,Denkanikottai(Uzhavar Sandhai ),Bottle gourd,Bottle Gourd,Local,06-09-2026,1500,2000,1750
Tamil Nadu,Krishnagiri,Denkanikottai(Uzhavar Sandhai ),Ashgourd,Gouard,Local,06-09-2026,1500,2000,1750
Tamil Nadu,Krishnagiri,Denkanikottai(Uzhavar Sandhai ),Knool Khol,Knool Khol,Local,06-09-2026,1000,1500,1250
Tamil Nadu,Krishnagiri,Hosur(Uzhavar Sandhai ),Groundnut,Big (With Shell),Local,06-09-2026,8000,10000,9000
Tamil Nadu,Krishnagiri,Hosur(Uzhavar Sandhai ),Apple,American,Local,06-09-2026,24000,28000,26000
Tamil Nadu,Krishnagiri,Hosur(Uzhavar Sandhai ),Grapes,Annabesahai,Local,06-09-2026,14000,16000,15000
Tamil Nadu,Krishnagiri,Hosur(Uzhavar Sandhai ),Onion,Bellary,Local,06-09-2026,6000,6500,6250
Tamil Nadu,Krishnagiri,Hosur(Uzhavar Sandhai ),Brinjal,Round,Local,06-09-2026,2500,3000,2750
Tamil Nadu,Krishnagiri,Hosur(Uzhavar Sandhai ),Ashgourd,Gouard,Local,06-09-2026,1500,2000,1750
Tamil Nadu,Krishnagiri,Hosur(Uzhavar Sandhai ),Raddish,Raddish,Local,06-09-2026,1200,1500,1350
Tamil Nadu,Krishnagiri,Hosur(Uzhavar Sandhai ),Tapioca,Tapioca,Local,06-09-2026,3500,4000,3750
Tamil Nadu,Krishnagiri,Hosur(Uzhavar Sandhai ),Lime,Lime,Local,06-09-2026,7500,8000,7750
Tamil Nadu,Krishnagiri,Hosur(Uzhavar Sandhai ),Guava,Guava Allahabad,Local,06-09-2026,7000,8000,7500
Tamil Nadu,Krishnagiri,Hosur(Uzhavar Sandhai ),Tube Flower,Tube Flower,Local,06-09-2026,50000,60000,55000
Tamil Nadu,Krishnagiri,Hosur(Uzhavar Sandhai ),Indian Beans(Seam),Indian Beans (Seam),Local,06-09-2026,3500,4000,3750
Tamil Nadu,Krishnagiri,Hosur(Uzhavar Sandhai ),Colacasia,Colacasia,Local,06-09-2026,4500,5000,4750
Tamil Nadu,Madurai,Anaiyur(Uzhavar Sandhai ),Sweet Potato,Hosur Red,Local,06-09-2026,5500,6000,5750
Tamil Nadu,Madurai,Anaiyur(Uzhavar Sandhai ),Carrot,Pusakesar,Local,06-09-2026,3200,5500,4350
Tamil Nadu,Madurai,Anaiyur(Uzhavar Sandhai ),Apple,American,Local,06-09-2026,18000,27000,22500
Tamil Nadu,Madurai,Anaiyur(Uzhavar Sandhai ),Banana,Besrai,Local,06-09-2026,3600,4000,3800
Tamil Nadu,Madurai,Anaiyur(Uzhavar Sandhai ),Cauliflower,Ranchi,Local,06-09-2026,3000,3500,3250
Tamil Nadu,Madurai,Anaiyur(Uzhavar Sandhai ),Papaya,Papaya,Local,06-09-2026,4500,5000,4750
Tamil Nadu,Madurai,Anaiyur(Uzhavar Sandhai ),Amaranthus,Amaranthus,Local,06-09-2026,3000,3600,3300
Tamil Nadu,Madurai,Anaiyur(Uzhavar Sandhai ),Capsicum,Capsicum,Local,06-09-2026,7000,8000,7500
Tamil Nadu,Madurai,Anaiyur(Uzhavar Sandhai ),Drumstick,Drumstick,Local,06-09-2026,3000,5000,4000
Tamil Nadu,Madurai,Anaiyur(Uzhavar Sandhai ),Elephant Yam(Suran)/Amorphophallus,Elephant Yam (Suran),Local,06-09-2026,4500,5000,4750
Tamil Nadu,Madurai,Usilampatti(Uzhavar Sandhai ),Snakeguard,Snakeguard,Local,06-09-2026,3600,4000,3800
Tamil Nadu,Madurai,Usilampatti(Uzhavar Sandhai ),Ashgourd,Gouard,Local,06-09-2026,1600,2000,1800
Tamil Nadu,Madurai,Usilampatti(Uzhavar Sandhai ),Tapioca,Tapioca,Local,06-09-2026,3600,4000,3800
Tamil Nadu,Madurai,Usilampatti(Uzhavar Sandhai ),Mint(Pudina),Mint(Pudina),Local,06-09-2026,4500,5000,4750
Tamil Nadu,Nagapattinam,Sirkali(Uzhavar Sandhai ),Cabbage,Cabbage,Local,06-09-2026,3000,3000,3000
Tamil Nadu,Nagapattinam,Sirkali(Uzhavar Sandhai ),Cucumbar(Kheera),Cucumbar,Local,06-09-2026,2500,3000,2750
Tamil Nadu,Nagapattinam,Sirkali(Uzhavar Sandhai ),Coriander(Leaves),I Sort,Local,06-09-2026,3500,4000,3750
Tamil Nadu,Nagapattinam,Sirkali(Uzhavar Sandhai ),Papaya,Papaya,Local,06-09-2026,3000,3500,3250
Tamil Nadu,Nagapattinam,Sirkali(Uzhavar Sandhai ),Ashgourd,Gouard,Local,06-09-2026,2500,3000,2750
Tamil Nadu,Nagapattinam,Sirkali(Uzhavar Sandhai ),Banana - Green,Banana - Green,Local,06-09-2026,2500,3000,2750
Tamil Nadu,Nagapattinam,Sirkali(Uzhavar Sandhai ),Green Avare(W),Green Avare (W),Local,06-09-2026,6500,7000,6750
Tamil Nadu,Namakkal,Kumarapalayam(Uzhavar Sandhai ),Carrot,Pusakesar,Local,06-09-2026,7500,8000,7750
Tamil Nadu,Namakkal,Kumarapalayam(Uzhavar Sandhai ),Brinjal,Other,Local,06-09-2026,4500,5000,4750
Tamil Nadu,Namakkal,Kumarapalayam(Uzhavar Sandhai ),Chikoos(Sapota),Sapota,Local,06-09-2026,3500,4000,3750
Tamil Nadu,Namakkal,Kumarapalayam(Uzhavar Sandhai ),Banana - Green,Banana - Green,Local,06-09-2026,3000,3500,3250
Tamil Nadu,Namakkal,Kumarapalayam(Uzhavar Sandhai ),Tender Coconut,Tender Coconut,Local,06-09-2026,3000,3500,3250
Tamil Nadu,Namakkal,Kumarapalayam(Uzhavar Sandhai ),Elephant Yam(Suran)/Amorphophallus,Elephant Yam (Suran),Local,06-09-2026,2500,3000,2750
Tamil Nadu,Namakkal,Mohanur(Uzhavar Sandhai ),Cauliflower,Ranchi,Local,06-09-2026,3000,3500,3250
Tamil Nadu,Namakkal,Mohanur(Uzhavar Sandhai ),Cluster beans,Cluster Beans,Local,06-09-2026,3500,4000,3750
Tamil Nadu,Namakkal,Mohanur(Uzhavar Sandhai ),Tapioca,Tapioca,Local,06-09-2026,3000,3500,3250
Tamil Nadu,Namakkal,Mohanur(Uzhavar Sandhai ),Chow Chow,Chow Chow,Local,06-09-2026,3500,4000,3750
Tamil Nadu,Namakkal,Mohanur(Uzhavar Sandhai ),Drumstick,Drumstick,Local,06-09-2026,2500,3000,2750
Tamil Nadu,Namakkal,Namakkal(Uzhavar Sandhai ),Coconut,Coconut,Local,06-09-2026,5500,6000,5750
Tamil Nadu,Namakkal,Namakkal(Uzhavar Sandhai ),Beetroot,Beetroot,Local,06-09-2026,6000,6800,6400
Tamil Nadu,Namakkal,Namakkal(Uzhavar Sandhai ),Cucumbar(Kheera),Cucumbar,Local,06-09-2026,7000,9000,8000
Tamil Nadu,Namakkal,Namakkal(Uzhavar Sandhai ),Groundnut,Big (With Shell),Local,06-09-2026,7000,7500,7250
Tamil Nadu,Namakkal,Namakkal(Uzhavar Sandhai ),Papaya,Papaya,Local,06-09-2026,3000,3500,3250
Tamil Nadu,Namakkal,Namakkal(Uzhavar Sandhai ),Water Melon,Water Melon,Local,06-09-2026,1000,1500,1250
Tamil Nadu,Namakkal,Namakkal(Uzhavar Sandhai ),Mousambi(Sweet Lime),Mousambi,Local,06-09-2026,3500,4000,3750
Tamil Nadu,Namakkal,Namakkal(Uzhavar Sandhai ),Thondekai,Thondekai,Local,06-09-2026,4000,4400,4200
Tamil Nadu,Namakkal,Namakkal(Uzhavar Sandhai ),Capsicum,Capsicum,Local,06-09-2026,4500,5000,4750
Tamil Nadu,Namakkal,Namakkal(Uzhavar Sandhai ),Drumstick,Drumstick,Local,06-09-2026,2500,3000,2750
Tamil Nadu,Namakkal,Namakkal(Uzhavar Sandhai ),Lime,Lime,Local,06-09-2026,3500,4000,3750
Tamil Nadu,Namakkal,Namakkal(Uzhavar Sandhai ),Guava,Guava Allahabad,Local,06-09-2026,7000,8000,7500
Tamil Nadu,Namakkal,Paramathivelur(Uzhavar Sandhai ),Papaya,Papaya,Local,06-09-2026,3500,4000,3750
Tamil Nadu,Namakkal,Paramathivelur(Uzhavar Sandhai ),Pumpkin,Pumpkin,Local,06-09-2026,1700,2000,1850
Tamil Nadu,Namakkal,Paramathivelur(Uzhavar Sandhai ),Bhindi(Ladies Finger),Bhindi,Local,06-09-2026,3500,4000,3750
Tamil Nadu,Namakkal,Paramathivelur(Uzhavar Sandhai ),Raddish,Raddish,Local,06-09-2026,4000,4500,4250
Tamil Nadu,Namakkal,Paramathivelur(Uzhavar Sandhai ),Guava,Guava Allahabad,Local,06-09-2026,5400,6000,5700
Tamil Nadu,Namakkal,Paramathivelur(Uzhavar Sandhai ),Onion Green,Onion Green,Local,06-09-2026,7200,8000,7600
Tamil Nadu,Namakkal,Rasipuram(Uzhavar Sandhai ),Snakeguard,Snakeguard,Local,06-09-2026,4500,5000,4750
Tamil Nadu,Namakkal,Rasipuram(Uzhavar Sandhai ),Coriander(Leaves),I Sort,Local,06-09-2026,7500,8000,7750
Tamil Nadu,Namakkal,Rasipuram(Uzhavar Sandhai ),Cluster beans,Cluster Beans,Local,06-09-2026,2600,3000,2800
Tamil Nadu,Namakkal,Rasipuram(Uzhavar Sandhai ),Bottle gourd,Bottle Gourd,Local,06-09-2026,1800,2500,2150
Tamil Nadu,Namakkal,Rasipuram(Uzhavar Sandhai ),Tender Coconut,Tender Coconut,Local,06-09-2026,3500,4000,3750
Tamil Nadu,Namakkal,Rasipuram(Uzhavar Sandhai ),Sweet Corn ,Sweet Corn ,Local,06-09-2026,2000,2500,2250
Tamil Nadu,Thanjavur,Tirukattupalli(Uzhavar Sandhai ),Carrot,Pusakesar,Local,06-09-2026,6000,6000,6000
Tamil Nadu,Thanjavur,Tirukattupalli(Uzhavar Sandhai ),Snakeguard,Snakeguard,Local,06-09-2026,4000,5000,4500
Tamil Nadu,Thanjavur,Tirukattupalli(Uzhavar Sandhai ),Onion,Bellary,Local,06-09-2026,6000,6800,6400
Tamil Nadu,Thanjavur,Tirukattupalli(Uzhavar Sandhai ),Green Chilli,Green Chilly,Local,06-09-2026,6000,6000,6000
Tamil Nadu,Thanjavur,Tirukattupalli(Uzhavar Sandhai ),Beans,Beans (Whole),Local,06-09-2026,5600,5600,5600
Tamil Nadu,Madurai,Palanganatham(Uzhavar Sandhai ),Beetroot,Beetroot,Local,06-09-2026,4000,5000,4500
Tamil Nadu,Madurai,Palanganatham(Uzhavar Sandhai ),Potato,Other,Local,06-09-2026,4500,5500,5000
Tamil Nadu,Madurai,Palanganatham(Uzhavar Sandhai ),Garlic,Garlic,Local,06-09-2026,20000,27000,23500
Tamil Nadu,Madurai,Palanganatham(Uzhavar Sandhai ),Coriander(Leaves),I Sort,Local,06-09-2026,4000,5000,4500
Tamil Nadu,Madurai,Palanganatham(Uzhavar Sandhai ),Cluster beans,Cluster Beans,Local,06-09-2026,2800,3200,3000
Tamil Nadu,Madurai,Palanganatham(Uzhavar Sandhai ),Green Chilli,Green Chilly,Local,06-09-2026,4000,5000,4500
Tamil Nadu,Madurai,Palanganatham(Uzhavar Sandhai ),Drumstick,Drumstick,Local,06-09-2026,4000,5000,4500
Tamil Nadu,Madurai,Anna nagar(Uzhavar Sandhai ),Sweet Potato,Hosur Red,Local,06-09-2026,5000,5600,5300
Tamil Nadu,Madurai,Anna nagar(Uzhavar Sandhai ),Potato,Red Nanital,Local,06-09-2026,4500,5500,5000
Tamil Nadu,Madurai,Anna nagar(Uzhavar Sandhai ),Cabbage,Cabbage,Local,06-09-2026,3000,3000,3000
Tamil Nadu,Madurai,Anna nagar(Uzhavar Sandhai ),Beetroot,Beetroot,Local,06-09-2026,4800,4800,4800
Tamil Nadu,Madurai,Anna nagar(Uzhavar Sandhai ),Potato,Other,Local,06-09-2026,5800,6000,5900
Tamil Nadu,Madurai,Anna nagar(Uzhavar Sandhai ),Garlic,Garlic,Local,06-09-2026,14000,16000,15000
Tamil Nadu,Madurai,Anna nagar(Uzhavar Sandhai ),Chili Red,Bold,Local,06-09-2026,20000,20000,20000
Tamil Nadu,Madurai,Anna nagar(Uzhavar Sandhai ),Cauliflower,Ranchi,Local,06-09-2026,4000,4000,4000
Tamil Nadu,Madurai,Anna nagar(Uzhavar Sandhai ),Green Peas,Green Peas,Local,06-09-2026,22000,22000,22000
Tamil Nadu,Madurai,Anna nagar(Uzhavar Sandhai ),Tomato,Other,Local,06-09-2026,3000,3000,3000
Tamil Nadu,Madurai,Anna nagar(Uzhavar Sandhai ),Cluster beans,Cluster Beans,Local,06-09-2026,3000,3600,3300
Tamil Nadu,Madurai,Anna nagar(Uzhavar Sandhai ),Bitter gourd,Other,Local,06-09-2026,5600,5600,5600
Tamil Nadu,Madurai,Anna nagar(Uzhavar Sandhai ),Ashgourd,Gouard,Local,06-09-2026,1600,1600,1600
Tamil Nadu,Madurai,Anna nagar(Uzhavar Sandhai ),Amaranthus,Amaranthus,Local,06-09-2026,1500,2000,1750
Tamil Nadu,Madurai,Anna nagar(Uzhavar Sandhai ),Green Chilli,Green Chilly,Local,06-09-2026,4600,4600,4600
Tamil Nadu,Madurai,Anna nagar(Uzhavar Sandhai ),Thondekai,Thondekai,Local,06-09-2026,4200,4200,4200
Tamil Nadu,Madurai,Anna nagar(Uzhavar Sandhai ),Green Avare(W),Other,Local,06-09-2026,8600,8600,8600
Tamil Nadu,Madurai,Anna nagar(Uzhavar Sandhai ),Chow Chow,Chow Chow,Local,06-09-2026,3800,4000,3900
Tamil Nadu,Madurai,Anna nagar(Uzhavar Sandhai ),Knool Khol,Knool Khol,Local,06-09-2026,3600,3600,3600
Tamil Nadu,Madurai,Anna nagar(Uzhavar Sandhai ),Mashrooms,Mashrooms,Local,06-09-2026,22000,22000,22000
Tamil Nadu,Madurai,Anna nagar(Uzhavar Sandhai ),Sweet Corn ,Sweet Corn ,Local,06-09-2026,3000,3000,3000
Tamil Nadu,Perambalur,Perambalur(Uzhavar Sandhai ),Carrot,Pusakesar,Local,06-09-2026,6800,7200,7000
Tamil Nadu,Perambalur,Perambalur(Uzhavar Sandhai ),Onion,Bellary,Local,06-09-2026,6000,6600,6300
Tamil Nadu,Perambalur,Perambalur(Uzhavar Sandhai ),Amaranthus,Amaranthus,Local,06-09-2026,2500,3000,2750
Tamil Nadu,Perambalur,Perambalur(Uzhavar Sandhai ),Banana - Green,Banana - Green,Local,06-09-2026,3000,4000,3500
Tamil Nadu,Perambalur,Perambalur(Uzhavar Sandhai ),Chow Chow,Chow Chow,Local,06-09-2026,4500,4800,4650
Tamil Nadu,Perambalur,Perambalur(Uzhavar Sandhai ),Mango(Raw-Ripe),Mango - Raw-Ripe,Local,06-09-2026,13000,15200,14100
Tamil Nadu,Perambalur,Perambalur(Uzhavar Sandhai ),Mint(Pudina),Mint(Pudina),Local,06-09-2026,5000,6000,5500
Tamil Nadu,Ranipet,Arcot(Uzhavar Sandhai ),Beetroot,Beetroot,Local,06-09-2026,5000,5000,5000
Tamil Nadu,Ranipet,Arcot(Uzhavar Sandhai ),Brinjal,Other,Local,06-09-2026,4800,4800,4800
Tamil Nadu,Ranipet,Arcot(Uzhavar Sandhai ),Coriander(Leaves),I Sort,Local,06-09-2026,2000,2000,2000
Tamil Nadu,Ranipet,Arcot(Uzhavar Sandhai ),Bottle gourd,Bottle Gourd,Local,06-09-2026,2000,2000,2000
Tamil Nadu,Ranipet,Arcot(Uzhavar Sandhai ),Ginger(Green),Green Ginger,Local,06-09-2026,16000,16000,16000
Tamil Nadu,Ranipet,Arcot(Uzhavar Sandhai ),Thondekai,Thondekai,Local,06-09-2026,4000,4000,4000
Tamil Nadu,Ranipet,Arcot(Uzhavar Sandhai ),Capsicum,Capsicum,Local,06-09-2026,6000,6000,6000
Tamil Nadu,Ranipet,Arcot(Uzhavar Sandhai ),Drumstick,Drumstick,Local,06-09-2026,4400,4400,4400
Tamil Nadu,Ranipet,Arcot(Uzhavar Sandhai ),Amla(Nelli Kai),Amla,Local,06-09-2026,12000,12000,12000
Tamil Nadu,Ranipet,Arcot(Uzhavar Sandhai ),Mint(Pudina),Mint(Pudina),Local,06-09-2026,3000,3000,3000
Tamil Nadu,Ranipet,Arcot(Uzhavar Sandhai ),Sweet Corn ,Sweet Corn ,Local,06-09-2026,4000,4000,4000
Tamil Nadu,Ranipet,Ranipettai(Uzhavar Sandhai ),Coconut,Coconut,Local,06-09-2026,5000,6000,5500
Tamil Nadu,Ranipet,Ranipettai(Uzhavar Sandhai ),Cabbage,Cabbage,Local,06-09-2026,2500,2500,2500
Tamil Nadu,Ranipet,Ranipettai(Uzhavar Sandhai ),Beetroot,Beetroot,Local,06-09-2026,3500,4500,4000
Tamil Nadu,Ranipet,Ranipettai(Uzhavar Sandhai ),Cauliflower,Ranchi,Local,06-09-2026,3000,4000,3500
Tamil Nadu,Ranipet,Ranipettai(Uzhavar Sandhai ),Brinjal,Other,Local,06-09-2026,3600,4800,4200
Tamil Nadu,Ranipet,Ranipettai(Uzhavar Sandhai ),Papaya,Papaya,Local,06-09-2026,5000,5000,5000
Tamil Nadu,Ranipet,Ranipettai(Uzhavar Sandhai ),Tomato,Other,Local,06-09-2026,2300,2800,2550
Tamil Nadu,Ranipet,Ranipettai(Uzhavar Sandhai ),Green Chilli,Green Chilly,Local,06-09-2026,6000,7000,6500
Tamil Nadu,Ranipet,Ranipettai(Uzhavar Sandhai ),Thondekai,Thondekai,Local,06-09-2026,4000,4000,4000
Tamil Nadu,Ranipet,Ranipettai(Uzhavar Sandhai ),Green Avare(W),Other,Local,06-09-2026,5000,5600,5300
Tamil Nadu,Salem,Ammapet(Uzhavar Sandhai ),Coriander(Leaves),I Sort,Local,06-09-2026,1600,1800,1700
Tamil Nadu,Salem,Ammapet(Uzhavar Sandhai ),Bitter gourd,Other,Local,06-09-2026,4600,5000,4800
Tamil Nadu,Salem,Ammapet(Uzhavar Sandhai ),Ginger(Green),Green Ginger,Local,06-09-2026,15000,16000,15500
Tamil Nadu,Salem,Ammapet(Uzhavar Sandhai ),Pomegranate,Pomogranate,Local,06-09-2026,11000,12000,11500
Tamil Nadu,Salem,Ammapet(Uzhavar Sandhai ),Mashrooms,Mashrooms,Local,06-09-2026,19000,20000,19500
Tamil Nadu,Salem,Ammapet(Uzhavar Sandhai ),Baby Corn,Baby Corn,Grade A,06-09-2026,2800,3000,2900
Tamil Nadu,Salem,Ammapet(Uzhavar Sandhai ),Sweet Corn ,Sweet Corn ,Local,06-09-2026,3200,4000,3600
Tamil Nadu,Salem,Mettur(Uzhavar Sandhai ),Coconut,Coconut,Local,06-09-2026,5500,6000,5750
Tamil Nadu,Salem,Mettur(Uzhavar Sandhai ),Sweet Potato,Hosur Red,Local,06-09-2026,3500,4000,3750
Tamil Nadu,Salem,Mettur(Uzhavar Sandhai ),Potato,Other,Local,06-09-2026,4000,4500,4250
Tamil Nadu,Salem,Mettur(Uzhavar Sandhai ),Brinjal,Other,Local,06-09-2026,3000,3500,3250
Tamil Nadu,Salem,Mettur(Uzhavar Sandhai ),Bottle gourd,Bottle Gourd,Local,06-09-2026,1500,2000,1750
Tamil Nadu,Salem,Mettur(Uzhavar Sandhai ),Chow Chow,Chow Chow,Local,06-09-2026,3000,3500,3250
Tamil Nadu,Salem,Mettur(Uzhavar Sandhai ),Drumstick,Drumstick,Local,06-09-2026,2000,2500,2250
Tamil Nadu,Salem,Mettur(Uzhavar Sandhai ),Amla(Nelli Kai),Amla,Local,06-09-2026,7000,8000,7500
Tamil Nadu,Salem,Sooramangalam(Uzhavar Sandhai ),Carrot,Pusakesar,Local,06-09-2026,6000,6400,6200
Tamil Nadu,Salem,Sooramangalam(Uzhavar Sandhai ),Snakeguard,Snakeguard,Local,06-09-2026,3600,3800,3700
Tamil Nadu,Salem,Sooramangalam(Uzhavar Sandhai ),Potato,Other,Local,06-09-2026,5000,6000,5500
Tamil Nadu,Salem,Sooramangalam(Uzhavar Sandhai ),Mousambi(Sweet Lime),Mousambi,Local,06-09-2026,3500,4000,3750
Tamil Nadu,Salem,Sooramangalam(Uzhavar Sandhai ),Bhindi(Ladies Finger),Bhindi,Local,06-09-2026,2400,2600,2500
Tamil Nadu,Salem,Sooramangalam(Uzhavar Sandhai ),Raddish,Raddish,Local,06-09-2026,2400,2600,2500
Tamil Nadu,Salem,Sooramangalam(Uzhavar Sandhai ),Guava,Guava Allahabad,Local,06-09-2026,5000,6000,5500
Tamil Nadu,Salem,Sooramangalam(Uzhavar Sandhai ),Yam(Ratalu),Yam (Ratalu),Local,06-09-2026,7500,8000,7750
Tamil Nadu,Salem,Sooramangalam(Uzhavar Sandhai ),Lemon,Lemon,Local,06-09-2026,17000,18000,17500
Tamil Nadu,Salem,Sooramangalam(Uzhavar Sandhai ),Sweet Corn ,Sweet Corn ,Local,06-09-2026,3000,3500,3250
Tamil Nadu,Thiruchirappalli,Thuraiyur APMC,Coconut,Coconut,Local,06-09-2026,6000,7000,6500
Tamil Nadu,Thiruchirappalli,Thuraiyur APMC,Betal Leaves,Mysore,Local,06-09-2026,8000,9000,8500
Tamil Nadu,Thiruchirappalli,Thuraiyur APMC,Sweet Potato,Hosur Red,Local,06-09-2026,4500,5000,4750
Tamil Nadu,Thiruchirappalli,Thuraiyur APMC,Snakeguard,Snakeguard,Local,06-09-2026,3500,4000,3750
Tamil Nadu,Thiruchirappalli,Thuraiyur APMC,Beetroot,Beetroot,Local,06-09-2026,4000,4500,4250
Tamil Nadu,Thiruchirappalli,Thuraiyur APMC,Banana - Green,Banana - Green,Local,06-09-2026,2000,2500,2250
Tamil Nadu,Thiruchirappalli,Thuraiyur APMC,Ginger(Green),Green Ginger,Local,06-09-2026,16000,17500,16750
Tamil Nadu,Thiruchirappalli,Thuraiyur APMC,Guava,Guava Allahabad,Local,06-09-2026,5000,6000,5500
Tamil Nadu,Thiruchirappalli,Thuraiyur APMC,Indian Beans(Seam),Indian Beans (Seam),Local,06-09-2026,5000,6600,5800
Tamil Nadu,Salem,Thammampatti (Uzhavar Sandhai ),Coconut,Coconut,Local,06-09-2026,6000,6500,6250
Tamil Nadu,Salem,Thammampatti (Uzhavar Sandhai ),Beetroot,Beetroot,Local,06-09-2026,6500,7000,6750
Tamil Nadu,Salem,Thammampatti (Uzhavar Sandhai ),Potato,Other,Local,06-09-2026,2500,3000,2750
Tamil Nadu,Salem,Thammampatti (Uzhavar Sandhai ),Garlic,Garlic,Local,06-09-2026,24000,28000,26000
Tamil Nadu,Salem,Thammampatti (Uzhavar Sandhai ),Brinjal,Round,Local,06-09-2026,2800,3500,3150
Tamil Nadu,Salem,Thammampatti (Uzhavar Sandhai ),Coriander(Leaves),I Sort,Local,06-09-2026,3000,3500,3250
Tamil Nadu,Salem,Thammampatti (Uzhavar Sandhai ),Cluster beans,Cluster Beans,Local,06-09-2026,3500,4000,3750
Tamil Nadu,Salem,Thammampatti (Uzhavar Sandhai ),Ashgourd,Gouard,Local,06-09-2026,2000,2000,2000
Tamil Nadu,Salem,Thammampatti (Uzhavar Sandhai ),Raddish,Raddish,Local,06-09-2026,1600,2000,1800
Tamil Nadu,Salem,Thammampatti (Uzhavar Sandhai ),Ginger(Green),Green Ginger,Local,06-09-2026,16500,17000,16750
Tamil Nadu,Salem,Thammampatti (Uzhavar Sandhai ),Capsicum,Capsicum,Local,06-09-2026,7000,7000,7000
Tamil Nadu,Salem,Thammampatti (Uzhavar Sandhai ),Guava,Guava Allahabad,Local,06-09-2026,6000,6000,6000
Tamil Nadu,Salem,Thathakapatti(Uzhavar Sandhai ),Snakeguard,Snakeguard,Local,06-09-2026,2500,3000,2750
Tamil Nadu,Salem,Thathakapatti(Uzhavar Sandhai ),Garlic,Garlic,Local,06-09-2026,25000,28000,26500
Tamil Nadu,Salem,Thathakapatti(Uzhavar Sandhai ),Chikoos(Sapota),Sapota,Local,06-09-2026,3500,4000,3750
Tamil Nadu,Salem,Thathakapatti(Uzhavar Sandhai ),Tapioca,Tapioca,Local,06-09-2026,3500,4000,3750
Tamil Nadu,Salem,Thathakapatti(Uzhavar Sandhai ),Capsicum,Capsicum,Local,06-09-2026,5500,6000,5750
Tamil Nadu,Salem,Thathakapatti(Uzhavar Sandhai ),Lime,Lime,Local,06-09-2026,3500,4000,3750
Tamil Nadu,Salem,Thathakapatti(Uzhavar Sandhai ),Tamarind Fruit,Tamarind Fruit,Local,06-09-2026,13000,15000,14000
Tamil Nadu,Salem,Thathakapatti(Uzhavar Sandhai ),Yam(Ratalu),Yam (Ratalu),Local,06-09-2026,7000,8000,7500
Tamil Nadu,Theni,Chinnamanur(Uzhavar Sandhai ),Carrot,Pusakesar,Local,06-09-2026,5200,5400,5300
Tamil Nadu,Theni,Chinnamanur(Uzhavar Sandhai ),Soyabean,Local,Local,06-09-2026,10000,10000,10000
Tamil Nadu,Theni,Chinnamanur(Uzhavar Sandhai ),Potato,Other,Local,06-09-2026,4400,4400,4400
Tamil Nadu,Theni,Chinnamanur(Uzhavar Sandhai ),Brinjal,Other,Local,06-09-2026,3000,3400,3200
Tamil Nadu,Theni,Chinnamanur(Uzhavar Sandhai ),Cluster beans,Cluster Beans,Local,06-09-2026,2200,2200,2200
Tamil Nadu,Theni,Chinnamanur(Uzhavar Sandhai ),Amaranthus,Amaranthus,Local,06-09-2026,2500,2500,2500
Tamil Nadu,Theni,Chinnamanur(Uzhavar Sandhai ),Cowpea(Veg),Cowpea (Veg),Local,06-09-2026,2000,2000,2000
Tamil Nadu,Theni,Chinnamanur(Uzhavar Sandhai ),Capsicum,Capsicum,Local,06-09-2026,5500,5500,5500
Tamil Nadu,Theni,Chinnamanur(Uzhavar Sandhai ),Green Avare(W),Other,Local,06-09-2026,5200,5200,5200
Tamil Nadu,Theni,Chinnamanur(Uzhavar Sandhai ),Lime,Lime,Local,06-09-2026,11000,11000,11000
Tamil Nadu,Theni,Kambam(Uzhavar Sandhai ),Cabbage,Cabbage,Local,06-09-2026,2800,2800,2800
Tamil Nadu,Theni,Kambam(Uzhavar Sandhai ),Beetroot,Beetroot,Local,06-09-2026,3000,3000,3000
Tamil Nadu,Theni,Kambam(Uzhavar Sandhai ),Tomato,Local,Local,06-09-2026,2600,2600,2600
Tamil Nadu,Theni,Kambam(Uzhavar Sandhai ),Bitter gourd,Other,Local,06-09-2026,3600,3600,3600
Tamil Nadu,Theni,Kambam(Uzhavar Sandhai ),Ashgourd,Gouard,Local,06-09-2026,1500,1500,1500
Tamil Nadu,Theni,Kambam(Uzhavar Sandhai ),Capsicum,Capsicum,Local,06-09-2026,5000,5000,5000
Tamil Nadu,Theni,Kambam(Uzhavar Sandhai ),Green Avare(W),Green Avare (W),Local,06-09-2026,5200,5200,5200
Tamil Nadu,Theni,Theni(Uzhavar Sandhai ),Carrot,Pusakesar,Local,06-09-2026,5400,5400,5400
Tamil Nadu,Theni,Theni(Uzhavar Sandhai ),Cabbage,Cabbage,Local,06-09-2026,2800,2800,2800
Tamil Nadu,Theni,Theni(Uzhavar Sandhai ),Potato,Other,Local,06-09-2026,4500,4500,4500
Tamil Nadu,Theni,Theni(Uzhavar Sandhai ),Tomato,Other,Local,06-09-2026,2500,2800,2650
Tamil Nadu,Theni,Theni(Uzhavar Sandhai ),Bottle gourd,Bottle Gourd,Local,06-09-2026,1500,2200,1850
Tamil Nadu,Theni,Theni(Uzhavar Sandhai ),Bhindi(Ladies Finger),Bhindi,Local,06-09-2026,3000,3400,3200
Tamil Nadu,Theni,Theni(Uzhavar Sandhai ),Amaranthus,Amaranthus,Local,06-09-2026,1500,2000,1750
Tamil Nadu,Theni,Theni(Uzhavar Sandhai ),Beans,Beans (Whole),Local,06-09-2026,8000,8500,8250
Tamil Nadu,Theni,Theni(Uzhavar Sandhai ),Colacasia,Colacasia,Local,06-09-2026,5500,5500,5500
Tamil Nadu,Theni,Theni(Uzhavar Sandhai ),Mint(Pudina),Mint(Pudina),Local,06-09-2026,5000,5000,5000
Tamil Nadu,Thirunelveli,Kandiyaperi(Uzhavar Sandhai ),Brinjal,Other,Local,06-09-2026,2500,3000,2750
Tamil Nadu,Thirunelveli,NGO Colony(Uzhavar Sandhai ),Onion,Bellary,Local,06-09-2026,5500,6200,5850
Tamil Nadu,Thirunelveli,NGO Colony(Uzhavar Sandhai ),Cluster beans,Cluster Beans,Local,06-09-2026,1500,2000,1750
Tamil Nadu,Thirunelveli,NGO Colony(Uzhavar Sandhai ),Chow Chow,Chow Chow,Local,06-09-2026,3000,3600,3300
Tamil Nadu,Thirunelveli,NGO Colony(Uzhavar Sandhai ),Onion Green,Onion Green,Local,06-09-2026,6500,7200,6850
Tamil Nadu,Thirunelveli,Palayamkottai(Uzhavar Sandhai ),Cabbage,Cabbage,Local,06-09-2026,2800,3000,2900
Tamil Nadu,Thirunelveli,Palayamkottai(Uzhavar Sandhai ),Cucumbar(Kheera),Cucumbar,Local,06-09-2026,3500,5500,4500
Tamil Nadu,Thirunelveli,Palayamkottai(Uzhavar Sandhai ),Green Peas,Green Peas,Local,06-09-2026,16000,18000,17000
Tamil Nadu,Thirunelveli,Palayamkottai(Uzhavar Sandhai ),Chikoos(Sapota),Sapota,Local,06-09-2026,4000,5000,4500
Tamil Nadu,Thirunelveli,Palayamkottai(Uzhavar Sandhai ),Tomato,Deshi,Local,06-09-2026,2400,2600,2500
Tamil Nadu,Thirunelveli,Palayamkottai(Uzhavar Sandhai ),Bitter gourd,Bitter Gourd,Local,06-09-2026,4000,5000,4500
Tamil Nadu,Thirunelveli,Palayamkottai(Uzhavar Sandhai ),Ashgourd,Gouard,Local,06-09-2026,1000,1200,1100
Tamil Nadu,Thirunelveli,Palayamkottai(Uzhavar Sandhai ),Cowpea(Veg),Cowpea (Veg),Local,06-09-2026,2000,2500,2250
Tamil Nadu,Thirunelveli,Palayamkottai(Uzhavar Sandhai ),Beans,Beans (Whole),Local,06-09-2026,9600,10600,10100
Tamil Nadu,Thirunelveli,Palayamkottai(Uzhavar Sandhai ),Raddish,Raddish,Local,06-09-2026,3000,3500,3250
Tamil Nadu,Thirunelveli,Palayamkottai(Uzhavar Sandhai ),Chow Chow,Chow Chow,Local,06-09-2026,3400,3600,3500
Tamil Nadu,Thirupur,Kangayam(Uzhavar Sandhai ),Beetroot,Beetroot,Local,06-09-2026,2500,3000,2750
Tamil Nadu,Thirupur,Kangayam(Uzhavar Sandhai ),Banana - Green,Banana - Green,Local,06-09-2026,2500,3000,2750
Tamil Nadu,Thirupur,Kangayam(Uzhavar Sandhai ),Lemon,Lemon,Local,06-09-2026,15000,16000,15500
Tamil Nadu,Thirupur,Kangayam(Uzhavar Sandhai ),Onion Green,Onion Green,Local,06-09-2026,6500,7000,6750
Tamil Nadu,Thirupur,Kangayam(Uzhavar Sandhai ),Mint(Pudina),Mint(Pudina),Local,06-09-2026,4400,4800,4600
Tamil Nadu,Thirupur,Tiruppur (North) (Uzhavar Sandhai ),Sweet Potato,Hosur Red,Local,06-09-2026,3500,4000,3750
Tamil Nadu,Thirupur,Tiruppur (North) (Uzhavar Sandhai ),Brinjal,Other,Local,06-09-2026,2500,3000,2750
Tamil Nadu,Thirupur,Tiruppur (North) (Uzhavar Sandhai ),Bottle gourd,Bottle Gourd,Local,06-09-2026,1500,2000,1750
Tamil Nadu,Thirupur,Tiruppur (North) (Uzhavar Sandhai ),Chow Chow,Chow Chow,Local,06-09-2026,2500,3000,2750
Tamil Nadu,Thirupur,Tiruppur (North) (Uzhavar Sandhai ),Elephant Yam(Suran)/Amorphophallus,Elephant Yam (Suran),Local,06-09-2026,4500,5000,4750
Tamil Nadu,Thiruvannamalai,Chengam(Uzhavar Sandhai ),Banana,Besrai,Local,06-09-2026,4200,5000,4600
Tamil Nadu,Thiruvannamalai,Chengam(Uzhavar Sandhai ),Garlic,Garlic,Local,06-09-2026,20000,24000,22000
Tamil Nadu,Thiruvannamalai,Chengam(Uzhavar Sandhai ),Coriander(Leaves),I Sort,Local,06-09-2026,3300,4000,3650
Tamil Nadu,Thiruvannamalai,Chengam(Uzhavar Sandhai ),Knool Khol,Knool Khol,Local,06-09-2026,4200,5000,4600
Tamil Nadu,Thiruvannamalai,Chengam(Uzhavar Sandhai ),Guava,Guava Allahabad,Local,06-09-2026,5000,6000,5500
Tamil Nadu,Thiruvannamalai,Chengam(Uzhavar Sandhai ),Lemon,Lemon,Local,06-09-2026,7000,8000,7500
Tamil Nadu,Thiruvannamalai,Tamarainagar(Uzhavar Sandhai ),Ashgourd,Gouard,Local,06-09-2026,2500,3000,2750
Tamil Nadu,Thiruvannamalai,Tamarainagar(Uzhavar Sandhai ),Banana - Green,Banana - Green,Local,06-09-2026,5300,6300,5800
Tamil Nadu,Thiruvannamalai,Tamarainagar(Uzhavar Sandhai ),Lime,Lime,Local,06-09-2026,4000,5000,4500
Tamil Nadu,Thiruvannamalai,Tamarainagar(Uzhavar Sandhai ),Fig(Anjura/Anjeer),Anjura,Local,06-09-2026,5000,6000,5500
Tamil Nadu,Thiruvannamalai,Tamarainagar(Uzhavar Sandhai ),Lemon,Lemon,Local,06-09-2026,25000,30000,27500
Tamil Nadu,Thiruvannamalai,Tamarainagar(Uzhavar Sandhai ),Colacasia,Colacasia,Local,06-09-2026,3500,4000,3750
Tamil Nadu,Thiruvannamalai,Tamarainagar(Uzhavar Sandhai ),Mint(Pudina),Mint(Pudina),Local,06-09-2026,4000,5000,4500
Tamil Nadu,Thiruvannamalai,Vandavasi(Uzhavar Sandhai ),Coconut,Coconut,Local,06-09-2026,4000,5000,4500
Tamil Nadu,Thiruvannamalai,Vandavasi(Uzhavar Sandhai ),Carrot,Pusakesar,Local,06-09-2026,6000,7200,6600
Tamil Nadu,Thiruvannamalai,Vandavasi(Uzhavar Sandhai ),Beetroot,Beetroot,Local,06-09-2026,4000,4800,4400
Tamil Nadu,Thiruvannamalai,Vandavasi(Uzhavar Sandhai ),Ridgeguard(Tori),Ridgeguard(Tori),Local,06-09-2026,3600,4200,3900
Tamil Nadu,Thiruvannamalai,Vandavasi(Uzhavar Sandhai ),Brinjal,Other,Local,06-09-2026,4000,4800,4400
Tamil Nadu,Thiruvannamalai,Vandavasi(Uzhavar Sandhai ),Pumpkin,Pumpkin,Local,06-09-2026,2500,3000,2750
Tamil Nadu,Thiruvannamalai,Vandavasi(Uzhavar Sandhai ),Bhindi(Ladies Finger),Bhindi,Local,06-09-2026,3600,4200,3900
Tamil Nadu,Thiruvannamalai,Vandavasi(Uzhavar Sandhai ),Amaranthus,Amaranthus,Local,06-09-2026,2500,3000,2750
Tamil Nadu,Thiruvannamalai,Vandavasi(Uzhavar Sandhai ),Green Avare(W),Other,Local,06-09-2026,7200,8400,7800
Tamil Nadu,Thiruvarur,Muthupettai(Uzhavar Sandhai ),Snakeguard,Snakeguard,Local,06-09-2026,3400,3400,3400
Tamil Nadu,Thiruvarur,Muthupettai(Uzhavar Sandhai ),Lime,Lime,Local,06-09-2026,3000,3000,3000
Tamil Nadu,Coimbatore,Sulur(Uzhavar Sandhai ),Cabbage,Cabbage,Local,06-09-2026,2500,3000,2750
Tamil Nadu,Coimbatore,Sulur(Uzhavar Sandhai ),Beetroot,Beetroot,Local,06-09-2026,5000,5800,5400
Tamil Nadu,Coimbatore,Sulur(Uzhavar Sandhai ),Onion,Bellary,Local,06-09-2026,5000,5800,5400
Tamil Nadu,Coimbatore,Sulur(Uzhavar Sandhai ),Brinjal,Round,Local,06-09-2026,4000,5000,4500
Tamil Nadu,Coimbatore,Sulur(Uzhavar Sandhai ),Cluster beans,Cluster Beans,Local,06-09-2026,3000,3500,3250
Tamil Nadu,Coimbatore,Sulur(Uzhavar Sandhai ),Bitter gourd,Bitter Gourd,Local,06-09-2026,4000,4500,4250
Tamil Nadu,Coimbatore,Sulur(Uzhavar Sandhai ),Pumpkin,Pumpkin,Local,06-09-2026,1800,2000,1900
Tamil Nadu,Coimbatore,Sulur(Uzhavar Sandhai ),Tapioca,Tapioca,Local,06-09-2026,3200,3600,3400
Tamil Nadu,Coimbatore,Sulur(Uzhavar Sandhai ),Chow Chow,Chow Chow,Local,06-09-2026,3200,3800,3500
Tamil Nadu,Coimbatore,Sulur(Uzhavar Sandhai ),Drumstick,Drumstick,Local,06-09-2026,2800,3200,3000
Tamil Nadu,Coimbatore,Sulur(Uzhavar Sandhai ),Mango(Raw-Ripe),Mango - Raw-Ripe,Local,06-09-2026,5500,6500,6000
Tamil Nadu,Coimbatore,Sulur(Uzhavar Sandhai ),Guava,Guava Allahabad,Local,06-09-2026,5500,6000,5750
Tamil Nadu,Coimbatore,Sulur(Uzhavar Sandhai ),Amla(Nelli Kai),Amla,Local,06-09-2026,8000,9000,8500
Tamil Nadu,Pudukkottai,Gandarvakottai(Uzhavar Sandhai ),Coriander(Leaves),I Sort,Local,06-09-2026,4500,5000,4750
Tamil Nadu,Pudukkottai,Gandarvakottai(Uzhavar Sandhai ),Papaya,Papaya,Local,06-09-2026,2500,3000,2750
Tamil Nadu,Pudukkottai,Gandarvakottai(Uzhavar Sandhai ),Tomato,Deshi,Local,06-09-2026,2500,3000,2750
Tamil Nadu,Pudukkottai,Gandarvakottai(Uzhavar Sandhai ),Ashgourd,Gouard,Local,06-09-2026,1000,1500,1250
Tamil Nadu,Pudukkottai,Gandarvakottai(Uzhavar Sandhai ),Green Chilli,Green Chilly,Local,06-09-2026,5000,6000,5500
Tamil Nadu,Pudukkottai,Gandarvakottai(Uzhavar Sandhai ),Mint(Pudina),Mint(Pudina),Local,06-09-2026,4500,5000,4750
Tamil Nadu,Cuddalore,Panruti(Uzhavar Sandhai ),Green Chilli,Green Chilly,Local,06-09-2026,5000,5000,5000
Tamil Nadu,Cuddalore,Panruti(Uzhavar Sandhai ),Banana - Green,Banana - Green,Local,06-09-2026,2500,2500,2500
Tamil Nadu,Cuddalore,Panruti(Uzhavar Sandhai ),Mango(Raw-Ripe),Mango - Raw-Ripe,Local,06-09-2026,9000,9000,9000
Tamil Nadu,Cuddalore,Panruti(Uzhavar Sandhai ),Guava,Guava Allahabad,Local,06-09-2026,5000,5000,5000
Tamil Nadu,Cuddalore,Vadalur(Uzhavar Sandhai ),Cabbage,Cabbage,Local,06-09-2026,3000,3000,3000
Tamil Nadu,Cuddalore,Vadalur(Uzhavar Sandhai ),Cucumbar(Kheera),Cucumbar,Local,06-09-2026,4000,4000,4000
Tamil Nadu,Cuddalore,Vadalur(Uzhavar Sandhai ),Brinjal,Other,Local,06-09-2026,4000,4000,4000
Tamil Nadu,Cuddalore,Vadalur(Uzhavar Sandhai ),Coriander(Leaves),I Sort,Local,06-09-2026,4000,4000,4000
Tamil Nadu,Cuddalore,Vadalur(Uzhavar Sandhai ),Cluster beans,Cluster Beans,Local,06-09-2026,5000,5000,5000
Tamil Nadu,Cuddalore,Vadalur(Uzhavar Sandhai ),Beans,Beans (Whole),Local,06-09-2026,7000,7000,7000
Tamil Nadu,Cuddalore,Vadalur(Uzhavar Sandhai ),Drumstick,Drumstick,Local,06-09-2026,4000,4000,4000
Tamil Nadu,Dharmapuri,AJattihalli(Uzhavar Sandhai ),Carrot,Pusakesar,Local,06-09-2026,6000,6400,6200
Tamil Nadu,Dharmapuri,AJattihalli(Uzhavar Sandhai ),Cabbage,Cabbage,Local,06-09-2026,3000,3400,3200
Tamil Nadu,Dharmapuri,AJattihalli(Uzhavar Sandhai ),Coriander(Leaves),I Sort,Local,06-09-2026,4500,5000,4750
Tamil Nadu,Dharmapuri,AJattihalli(Uzhavar Sandhai ),Bitter gourd,Other,Local,06-09-2026,4000,4000,4000
Tamil Nadu,Dharmapuri,AJattihalli(Uzhavar Sandhai ),Green Chilli,Green Chilly,Local,06-09-2026,3000,3000,3000
Tamil Nadu,Dharmapuri,AJattihalli(Uzhavar Sandhai ),Raddish,Raddish,Local,06-09-2026,1000,1200,1100
Tamil Nadu,Dharmapuri,AJattihalli(Uzhavar Sandhai ),Tender Coconut,Tender Coconut,Local,06-09-2026,3000,3500,3250
Tamil Nadu,Dharmapuri,AJattihalli(Uzhavar Sandhai ),Colacasia,Colacasia,Local,06-09-2026,6600,6600,6600
Tamil Nadu,Dharmapuri,AJattihalli(Uzhavar Sandhai ),Onion Green,Onion Green,Local,06-09-2026,6500,7000,6750
Tamil Nadu,Thanjavur,Peravurani(Uzhavar Sandhai),Raddish,Raddish,Local,06-09-2026,4000,4000,4000
Tamil Nadu,Thanjavur,Peravurani(Uzhavar Sandhai),Green Avare(W),Green Avare (W),Local,06-09-2026,7600,7600,7600
Tamil Nadu,Thanjavur,Peravurani(Uzhavar Sandhai),Drumstick,Drumstick,Local,06-09-2026,4400,4400,4400
Tamil Nadu,Thanjavur,Peravurani(Uzhavar Sandhai),Onion Green,Onion Green,Local,06-09-2026,7200,7200,7200
Tamil Nadu,Karur,Pallapatti (Uzhavar Sandhai ),Sweet Potato,Hosur Red,Local,06-09-2026,4500,5000,4750
Tamil Nadu,Karur,Pallapatti (Uzhavar Sandhai ),Ridgeguard(Tori),Ridgeguard(Tori),Local,06-09-2026,5000,6000,5500
Tamil Nadu,Karur,Pallapatti (Uzhavar Sandhai ),Coriander(Leaves),I Sort,Local,06-09-2026,4500,5000,4750
Tamil Nadu,Karur,Pallapatti (Uzhavar Sandhai ),Chikoos(Sapota),Sapota,Local,06-09-2026,4500,5000,4750
Tamil Nadu,Karur,Pallapatti (Uzhavar Sandhai ),Pumpkin,Pumpkin,Local,06-09-2026,2200,2500,2350
Tamil Nadu,Karur,Vengamedu(Uzhavar Sandhai ),Snakeguard,Snakeguard,Local,06-09-2026,3000,3500,3250
Tamil Nadu,Karur,Vengamedu(Uzhavar Sandhai ),Coriander(Leaves),I Sort,Local,06-09-2026,5500,6000,5750
Tamil Nadu,Karur,Vengamedu(Uzhavar Sandhai ),Tomato,Deshi,Local,06-09-2026,2500,3000,2750
Tamil Nadu,Karur,Vengamedu(Uzhavar Sandhai ),Green Chilli,Green Chilly,Local,06-09-2026,4000,5000,4500
Tamil Nadu,Karur,Vengamedu(Uzhavar Sandhai ),Green Avare(W),Other,Local,06-09-2026,7000,8000,7500
Tamil Nadu,Salem,Attayampatti(Uzhavar Sandhai ),Groundnut,Big (With Shell),Local,06-09-2026,7000,7000,7000
Tamil Nadu,Salem,Attayampatti(Uzhavar Sandhai ),Green Chilli,Green Chilly,Local,06-09-2026,4000,4000,4000
Tamil Nadu,Salem,Attayampatti(Uzhavar Sandhai ),Onion Green,Onion Green,Local,06-09-2026,6500,6500,6500
Tamil Nadu,Salem,Attayampatti(Uzhavar Sandhai ),Mint(Pudina),Mint(Pudina),Local,06-09-2026,4000,4000,4000
Tamil Nadu,Sivaganga,Sivagangai (Uzhavar Sandhai ),Cabbage,Cabbage,Local,06-09-2026,2800,3200,3000
Tamil Nadu,Sivaganga,Sivagangai (Uzhavar Sandhai ),Cauliflower,Ranchi,Local,06-09-2026,3200,3600,3400
Tamil Nadu,Sivaganga,Sivagangai (Uzhavar Sandhai ),Papaya,Papaya,Local,06-09-2026,4600,5200,4900
Tamil Nadu,Sivaganga,Sivagangai (Uzhavar Sandhai ),Tomato,Deshi,Local,06-09-2026,2800,3200,3000
Tamil Nadu,Sivaganga,Sivagangai (Uzhavar Sandhai ),Bitter gourd,Other,Local,06-09-2026,4600,5200,4900
Tamil Nadu,Sivaganga,Sivagangai (Uzhavar Sandhai ),Ridgeguard(Tori),Ridgeguard(Tori),Local,06-09-2026,5200,5600,5400
Tamil Nadu,Sivaganga,Sivagangai (Uzhavar Sandhai ),Pumpkin,Pumpkin,Local,06-09-2026,1800,2200,2000
Tamil Nadu,Sivaganga,Sivagangai (Uzhavar Sandhai ),Raddish,Raddish,Local,06-09-2026,2600,3000,2800
Tamil Nadu,Sivaganga,Sivagangai (Uzhavar Sandhai ),Drumstick,Drumstick,Local,06-09-2026,3200,5200,4200
Tamil Nadu,Sivaganga,Devakottai (Uzhavar Sandhai ),Cauliflower,Ranchi,Local,06-09-2026,3200,3800,3500
Tamil Nadu,Sivaganga,Devakottai (Uzhavar Sandhai ),Cluster beans,Cluster Beans,Local,06-09-2026,3000,3200,3100
Tamil Nadu,Sivaganga,Devakottai (Uzhavar Sandhai ),Bottle gourd,Bottle Gourd,Local,06-09-2026,3000,3400,3200
Tamil Nadu,Sivaganga,Devakottai (Uzhavar Sandhai ),Bhindi(Ladies Finger),Bhindi,Local,06-09-2026,3200,3400,3300
Tamil Nadu,Sivaganga,Devakottai (Uzhavar Sandhai ),Elephant Yam(Suran)/Amorphophallus,Elephant Yam (Suran),Local,06-09-2026,4400,4800,4600
Tamil Nadu,Salem,Edapadi (Uzhavar Sandhai ),Snakeguard,Snakeguard,Local,06-09-2026,3500,4000,3750
Tamil Nadu,Salem,Edapadi (Uzhavar Sandhai ),Banana,Red Banana,Local,06-09-2026,7500,8000,7750
Tamil Nadu,Salem,Edapadi (Uzhavar Sandhai ),Potato,Other,Local,06-09-2026,2800,3000,2900
Tamil Nadu,Salem,Edapadi (Uzhavar Sandhai ),Bitter gourd,Other,Local,06-09-2026,4600,5000,4800
Tamil Nadu,Salem,Edapadi (Uzhavar Sandhai ),Ashgourd,Gouard,Local,06-09-2026,2200,2400,2300
Tamil Nadu,Salem,Edapadi (Uzhavar Sandhai ),Capsicum,Capsicum,Local,06-09-2026,5500,6000,5750
Tamil Nadu,Salem,Elampillai(Uzhavar Sandhai ),Ridgeguard(Tori),Ridgeguard(Tori),Local,06-09-2026,3500,4000,3750
Tamil Nadu,Salem,Elampillai(Uzhavar Sandhai ),Brinjal,Other,Local,06-09-2026,3000,3500,3250
Tamil Nadu,Salem,Elampillai(Uzhavar Sandhai ),Papaya,Papaya,Local,06-09-2026,2500,3000,2750
Tamil Nadu,Salem,Elampillai(Uzhavar Sandhai ),Pumpkin,Pumpkin,Local,06-09-2026,2000,2200,2100
Tamil Nadu,Salem,Elampillai(Uzhavar Sandhai ),Beans,Beans (Whole),Local,06-09-2026,8000,8500,8250
Tamil Nadu,Salem,Elampillai(Uzhavar Sandhai ),Ginger(Green),Green Ginger,Local,06-09-2026,16000,16500,16250
Tamil Nadu,Salem,Elampillai(Uzhavar Sandhai ),Thondekai,Thondekai,Local,06-09-2026,3500,4000,3750
Tamil Nadu,Salem,Elampillai(Uzhavar Sandhai ),Guava,Guava Allahabad,Local,06-09-2026,3000,4000,3500
Tamil Nadu,Salem,Elampillai(Uzhavar Sandhai ),Onion Green,Onion Green,Local,06-09-2026,6000,6500,6250
Tamil Nadu,Salem,Hasthampatti(Uzhavar Sandhai ),Onion,Bellary,Local,06-09-2026,5500,6000,5750
Tamil Nadu,Salem,Hasthampatti(Uzhavar Sandhai ),Cauliflower,Ranchi,Local,06-09-2026,2500,3000,2750
Tamil Nadu,Salem,Hasthampatti(Uzhavar Sandhai ),Green Peas,Green Peas,Local,06-09-2026,13000,14000,13500
Tamil Nadu,Salem,Hasthampatti(Uzhavar Sandhai ),Papaya,Papaya,Local,06-09-2026,3500,4000,3750
Tamil Nadu,Salem,Hasthampatti(Uzhavar Sandhai ),Cluster beans,Cluster Beans,Local,06-09-2026,3000,3500,3250
Tamil Nadu,Salem,Hasthampatti(Uzhavar Sandhai ),Bitter gourd,Other,Local,06-09-2026,4500,4800,4650
Tamil Nadu,Salem,Hasthampatti(Uzhavar Sandhai ),Bottle gourd,Bottle Gourd,Local,06-09-2026,2000,2400,2200
Tamil Nadu,Salem,Hasthampatti(Uzhavar Sandhai ),Ashgourd,Gouard,Local,06-09-2026,2000,2400,2200
Tamil Nadu,Salem,Hasthampatti(Uzhavar Sandhai ),Pumpkin,Pumpkin,Local,06-09-2026,2000,2400,2200
Tamil Nadu,Salem,Hasthampatti(Uzhavar Sandhai ),Banana - Green,Banana - Green,Local,06-09-2026,2000,2400,2200
Tamil Nadu,Salem,Hasthampatti(Uzhavar Sandhai ),Raddish,Raddish,Local,06-09-2026,2800,3000,2900
Tamil Nadu,Salem,Hasthampatti(Uzhavar Sandhai ),Coconut,Coconut,Local,06-09-2026,6000,6500,6250
Tamil Nadu,Salem,Hasthampatti(Uzhavar Sandhai ),Chow Chow,Chow Chow,Local,06-09-2026,4000,4500,4250
Tamil Nadu,Salem,Hasthampatti(Uzhavar Sandhai ),Drumstick,Drumstick,Local,06-09-2026,2000,2500,2250
Tamil Nadu,Salem,Hasthampatti(Uzhavar Sandhai ),Lemon,Lemon,Local,06-09-2026,4000,8000,6000
Tamil Nadu,Salem,Hasthampatti(Uzhavar Sandhai ),Pear(Marasebu),Pears,Local,06-09-2026,11000,12000,11500
Tamil Nadu,Salem,Hasthampatti(Uzhavar Sandhai ),Amla(Nelli Kai),Amla,Local,06-09-2026,6500,7000,6750
Tamil Nadu,Salem,Hasthampatti(Uzhavar Sandhai ),Onion Green,Onion Green,Local,06-09-2026,6000,6400,6200
Tamil Nadu,Salem,Hasthampatti(Uzhavar Sandhai ),Baby Corn,Baby Corn,Grade A,06-09-2026,2000,2500,2250
Tamil Nadu,Salem,Hasthampatti(Uzhavar Sandhai ),Sweet Corn ,Sweet Corn ,Local,06-09-2026,3000,3500,3250
Tamil Nadu,Salem,Jalagandapuram(Uzhavar Sandhai ),Sweet Potato,Hosur Red,Local,06-09-2026,4000,4500,4250
Tamil Nadu,Salem,Jalagandapuram(Uzhavar Sandhai ),Potato,Other,Local,06-09-2026,2600,2800,2700
Tamil Nadu,Salem,Jalagandapuram(Uzhavar Sandhai ),Ashgourd,Gouard,Local,06-09-2026,2000,2400,2200
Tamil Nadu,Salem,Jalagandapuram(Uzhavar Sandhai ),Raddish,Raddish,Local,06-09-2026,2000,2400,2200
Tamil Nadu,Salem,Jalagandapuram(Uzhavar Sandhai ),Capsicum,Capsicum,Local,06-09-2026,5500,6000,5750
Tamil Nadu,Salem,Jalagandapuram(Uzhavar Sandhai ),Lime,Lime,Local,06-09-2026,3000,3500,3250
Tamil Nadu,Sivaganga,Singampunari(Uzhavar Sandhai ),Beetroot,Beetroot,Local,06-09-2026,4600,5200,4900
Tamil Nadu,Sivaganga,Karaikudi(Uzhavar Sandhai ),Coconut,Coconut,Local,06-09-2026,7000,7400,7200
Tamil Nadu,Sivaganga,Karaikudi(Uzhavar Sandhai ),Bhindi(Ladies Finger),Bhindi,Local,06-09-2026,3000,3600,3300
Tamil Nadu,Sivaganga,Karaikudi(Uzhavar Sandhai ),Green Chilli,Green Chilly,Local,06-09-2026,4500,5000,4750
Tamil Nadu,Sivaganga,Karaikudi(Uzhavar Sandhai ),Ginger(Green),Green Ginger,Local,06-09-2026,18500,19500,19000
Tamil Nadu,Sivaganga,Karaikudi(Uzhavar Sandhai ),Mango(Raw-Ripe),Mango - Raw-Ripe,Local,06-09-2026,9500,10500,10000
Tamil Nadu,Sivaganga,Karaikudi(Uzhavar Sandhai ),Guava,Guava Allahabad,Local,06-09-2026,7000,7500,7250
Tamil Nadu,Sivaganga,Karaikudi(Uzhavar Sandhai ),Yam(Ratalu),Yam (Ratalu),Local,06-09-2026,7000,7500,7250
Tamil Nadu,Sivaganga,Tirupatthur(Uzhavar Sandhai ),Snakeguard,Snakeguard,Local,06-09-2026,3500,4000,3750
Tamil Nadu,Sivaganga,Tirupatthur(Uzhavar Sandhai ),Beetroot,Beetroot,Local,06-09-2026,5000,5500,5250
Tamil Nadu,Sivaganga,Tirupatthur(Uzhavar Sandhai ),Onion,Bellary,Local,06-09-2026,6500,7000,6750
Tamil Nadu,Sivaganga,Tirupatthur(Uzhavar Sandhai ),Cauliflower,Ranchi,Local,06-09-2026,3500,4000,3750
Tamil Nadu,Sivaganga,Tirupatthur(Uzhavar Sandhai ),Coriander(Leaves),I Sort,Local,06-09-2026,4400,5500,4950
Tamil Nadu,Sivaganga,Tirupatthur(Uzhavar Sandhai ),Chikoos(Sapota),Sapota,Local,06-09-2026,4400,6500,5450
Tamil Nadu,Sivaganga,Tirupatthur(Uzhavar Sandhai ),Cluster beans,Cluster Beans,Local,06-09-2026,3200,3500,3350
Tamil Nadu,Sivaganga,Tirupatthur(Uzhavar Sandhai ),Bitter gourd,Other,Local,06-09-2026,5000,5500,5250
Tamil Nadu,Sivaganga,Tirupatthur(Uzhavar Sandhai ),Ashgourd,Gouard,Local,06-09-2026,2000,2500,2250
Tamil Nadu,Sivaganga,Tirupatthur(Uzhavar Sandhai ),Bhindi(Ladies Finger),Bhindi,Local,06-09-2026,3200,3500,3350
Tamil Nadu,Sivaganga,Tirupatthur(Uzhavar Sandhai ),Green Chilli,Green Chilly,Local,06-09-2026,4500,5000,4750
Tamil Nadu,Sivaganga,Tirupatthur(Uzhavar Sandhai ),Banana - Green,Banana - Green,Local,06-09-2026,2500,3000,2750
Tamil Nadu,Sivaganga,Tirupatthur(Uzhavar Sandhai ),Raddish,Raddish,Local,06-09-2026,2800,3000,2900
Tamil Nadu,Sivaganga,Tirupatthur(Uzhavar Sandhai ),Chow Chow,Chow Chow,Local,06-09-2026,3200,3500,3350
Tamil Nadu,Sivaganga,Tirupatthur(Uzhavar Sandhai ),Mint(Pudina),Mint(Pudina),Local,06-09-2026,5000,5500,5250
Tamil Nadu,Thanjavur,Pattukottai(Uzhavar Sandhai ),Carrot,Pusakesar,Local,06-09-2026,7400,7400,7400
Tamil Nadu,Thanjavur,Pattukottai(Uzhavar Sandhai ),Snakeguard,Snakeguard,Local,06-09-2026,4400,4400,4400
Tamil Nadu,Thanjavur,Pattukottai(Uzhavar Sandhai ),Onion,Bellary,Local,06-09-2026,4600,6000,5300
Tamil Nadu,Thanjavur,Pattukottai(Uzhavar Sandhai ),Cauliflower,Ranchi,Local,06-09-2026,4800,4800,4800
Tamil Nadu,Thanjavur,Pattukottai(Uzhavar Sandhai ),Coriander(Leaves),I Sort,Local,06-09-2026,3400,3400,3400
Tamil Nadu,Thanjavur,Pattukottai(Uzhavar Sandhai ),Bhindi(Ladies Finger),Bhindi,Local,06-09-2026,4000,4000,4000
Tamil Nadu,Thanjavur,Thanjavur(Uzhavar Sandhai ),Banana,Besrai,Local,06-09-2026,5000,10000,7500
Tamil Nadu,Thanjavur,Thanjavur(Uzhavar Sandhai ),Bhindi(Ladies Finger),Bhindi,Local,06-09-2026,4400,4400,4400
Tamil Nadu,Thanjavur,Thanjavur(Uzhavar Sandhai ),Drumstick,Drumstick,Local,06-09-2026,4000,4000,4000
Tamil Nadu,Thanjavur,Thanjavur(Uzhavar Sandhai ),Pomegranate,Pomogranate,Local,06-09-2026,24000,24000,24000
Tamil Nadu,Thanjavur,Thanjavur(Uzhavar Sandhai ),Mint(Pudina),Mint(Pudina),Local,06-09-2026,5500,5500,5500
Tamil Nadu,Thiruchirappalli,KKNagar(Uzhavar Sandhai ),Coconut,Coconut,Local,06-09-2026,7000,7000,7000
Tamil Nadu,Thiruchirappalli,KKNagar(Uzhavar Sandhai ),Groundnut,Big (With Shell),Local,06-09-2026,8000,8000,8000
Tamil Nadu,Thiruchirappalli,KKNagar(Uzhavar Sandhai ),Ridgeguard(Tori),Ridgeguard(Tori),Local,06-09-2026,4600,4600,4600
Tamil Nadu,Thiruchirappalli,KKNagar(Uzhavar Sandhai ),Mousambi(Sweet Lime),Mousambi,Local,06-09-2026,6600,6600,6600
Tamil Nadu,Thiruchirappalli,KKNagar(Uzhavar Sandhai ),Pumpkin,Pumpkin,Local,06-09-2026,2000,2000,2000
Tamil Nadu,Thiruchirappalli,KKNagar(Uzhavar Sandhai ),Cowpea(Veg),Cowpea (Veg),Local,06-09-2026,4000,4000,4000
Tamil Nadu,Thiruchirappalli,KKNagar(Uzhavar Sandhai ),Beans,Beans (Whole),Local,06-09-2026,8600,8600,8600
Tamil Nadu,Thiruchirappalli,KKNagar(Uzhavar Sandhai ),Ginger(Green),Green Ginger,Local,06-09-2026,17000,17000,17000
Tamil Nadu,Thiruchirappalli,KKNagar(Uzhavar Sandhai ),Thondekai,Thondekai,Local,06-09-2026,4000,4000,4000
Tamil Nadu,Thiruchirappalli,KKNagar(Uzhavar Sandhai ),Pomegranate,Pomogranate,Local,06-09-2026,17000,17000,17000
Tamil Nadu,Thiruchirappalli,KKNagar(Uzhavar Sandhai ),Elephant Yam(Suran)/Amorphophallus,Elephant Yam (Suran),Local,06-09-2026,5400,5400,5400
Tamil Nadu,Thiruchirappalli,KKNagar(Uzhavar Sandhai ),Colacasia,Colacasia,Local,06-09-2026,6600,6600,6600
Tamil Nadu,Thiruchirappalli,KKNagar(Uzhavar Sandhai ),Amla(Nelli Kai),Amla,Local,06-09-2026,12000,12000,12000
Tamil Nadu,Thiruchirappalli,Lalgudi(Uzhavar Sandhai ),Cabbage,Cabbage,Local,06-09-2026,3000,3000,3000
Tamil Nadu,Thiruchirappalli,Lalgudi(Uzhavar Sandhai ),Onion,Bellary,Local,06-09-2026,6000,6000,6000
Tamil Nadu,Thiruchirappalli,Lalgudi(Uzhavar Sandhai ),Tomato,Local,Local,06-09-2026,3000,3000,3000
Tamil Nadu,Thiruchirappalli,Lalgudi(Uzhavar Sandhai ),Bottle gourd,Bottle Gourd,Local,06-09-2026,3000,3000,3000
Tamil Nadu,Thiruchirappalli,Lalgudi(Uzhavar Sandhai ),Green Chilli,Green Chilly,Local,06-09-2026,4600,4600,4600
Tamil Nadu,Thiruchirappalli,Lalgudi(Uzhavar Sandhai ),Cowpea(Veg),Cowpea (Veg),Local,06-09-2026,3600,3600,3600
Tamil Nadu,Thiruchirappalli,Lalgudi(Uzhavar Sandhai ),Thondekai,Thondekai,Local,06-09-2026,4600,4600,4600
Tamil Nadu,Thiruchirappalli,Lalgudi(Uzhavar Sandhai ),Drumstick,Drumstick,Local,06-09-2026,4000,4000,4000
Tamil Nadu,Thiruchirappalli,Manachanallur(Uzhavar Sandhai ),Banana,Karpura,Local,06-09-2026,5000,6000,5500
Tamil Nadu,Thiruchirappalli,Manachanallur(Uzhavar Sandhai ),Onion,Bellary,Local,06-09-2026,5000,6000,5500
Tamil Nadu,Thiruchirappalli,Manachanallur(Uzhavar Sandhai ),Tomato,Other,Local,06-09-2026,2500,3000,2750
Tamil Nadu,Thiruchirappalli,Manachanallur(Uzhavar Sandhai ),Bitter gourd,Other,Local,06-09-2026,5000,5600,5300
Tamil Nadu,Thiruchirappalli,Manachanallur(Uzhavar Sandhai ),Bottle gourd,Bottle Gourd,Local,06-09-2026,2000,2500,2250
Tamil Nadu,Thiruchirappalli,Manachanallur(Uzhavar Sandhai ),Ashgourd,Gouard,Local,06-09-2026,1600,2000,1800
Tamil Nadu,Thiruchirappalli,Manachanallur(Uzhavar Sandhai ),Amaranthus,Amaranthus,Local,06-09-2026,1500,2000,1750
Tamil Nadu,Thiruchirappalli,Manachanallur(Uzhavar Sandhai ),Banana - Green,Banana - Green,Local,06-09-2026,2000,2500,2250
Tamil Nadu,Thiruchirappalli,Manachanallur(Uzhavar Sandhai ),Beans,Beans (Whole),Local,06-09-2026,8000,9000,8500
Tamil Nadu,Thiruchirappalli,Manachanallur(Uzhavar Sandhai ),Ginger(Green),Green Ginger,Local,06-09-2026,15000,17000,16000
Tamil Nadu,Thiruchirappalli,Manapparai(Uzhavar Sandhai ),Cabbage,Cabbage,Local,06-09-2026,3000,3000,3000
Tamil Nadu,Thiruchirappalli,Manapparai(Uzhavar Sandhai ),Potato,Other,Local,06-09-2026,3000,3000,3000
Tamil Nadu,Thiruchirappalli,Manapparai(Uzhavar Sandhai ),Garlic,Garlic,Local,06-09-2026,25000,25000,25000
Tamil Nadu,Thiruchirappalli,Manapparai(Uzhavar Sandhai ),Cluster beans,Cluster Beans,Local,06-09-2026,3600,3600,3600
Tamil Nadu,Thiruchirappalli,Manapparai(Uzhavar Sandhai ),Bottle gourd,Bottle Gourd,Local,06-09-2026,2500,2500,2500
Tamil Nadu,Thiruchirappalli,Manapparai(Uzhavar Sandhai ),Amaranthus,Amaranthus,Local,06-09-2026,2000,2000,2000
Tamil Nadu,Thiruchirappalli,Musiri(Uzhavar Sandhai ),Betal Leaves,Mysore,Local,06-09-2026,7000,8000,7500
Tamil Nadu,Thiruchirappalli,Musiri(Uzhavar Sandhai ),Cabbage,Cabbage,Local,06-09-2026,2500,3000,2750
Tamil Nadu,Thiruchirappalli,Musiri(Uzhavar Sandhai ),Beetroot,Beetroot,Local,06-09-2026,3600,4000,3800
Tamil Nadu,Thiruchirappalli,Musiri(Uzhavar Sandhai ),Cucumbar(Kheera),Cucumbar,Local,06-09-2026,4000,4600,4300
Tamil Nadu,Thiruchirappalli,Musiri(Uzhavar Sandhai ),Onion,Bellary,Local,06-09-2026,5000,6500,5750
Tamil Nadu,Thiruchirappalli,Musiri(Uzhavar Sandhai ),Cluster beans,Cluster Beans,Local,06-09-2026,3000,3600,3300
Tamil Nadu,Thiruchirappalli,Musiri(Uzhavar Sandhai ),Bhindi(Ladies Finger),Bhindi,Local,06-09-2026,3000,3600,3300
Tamil Nadu,Thiruchirappalli,Musiri(Uzhavar Sandhai ),Green Chilli,Green Chilly,Local,06-09-2026,4000,4600,4300
Tamil Nadu,Thiruchirappalli,Musiri(Uzhavar Sandhai ),Chow Chow,Chow Chow,Local,06-09-2026,3500,4000,3750
Tamil Nadu,Thiruchirappalli,Musiri(Uzhavar Sandhai ),Elephant Yam(Suran)/Amorphophallus,Elephant Yam (Suran),Local,06-09-2026,4000,4600,4300
Tamil Nadu,Thiruchirappalli,Musiri(Uzhavar Sandhai ),Sweet Corn ,Sweet Corn ,Local,06-09-2026,3500,4000,3750
Tamil Nadu,Thiruchirappalli,Thiruverumbur(Uzhavar Sandhai ),Cabbage,Cabbage,Local,06-09-2026,3000,3000,3000
Tamil Nadu,Thiruchirappalli,Thiruverumbur(Uzhavar Sandhai ),Onion,Bellary,Local,06-09-2026,4600,6000,5300
Tamil Nadu,Thiruchirappalli,Thiruverumbur(Uzhavar Sandhai ),Chow Chow,Chow Chow,Local,06-09-2026,4000,4000,4000
Tamil Nadu,Thiruchirappalli,Thiruverumbur(Uzhavar Sandhai ),Lemon,Lemon,Local,06-09-2026,20000,20000,20000
Tamil Nadu,Virudhunagar,Rajapalayam(Uzhavar Sandhai ),Cabbage,Cabbage,Local,06-09-2026,2800,3200,3000
Tamil Nadu,Virudhunagar,Rajapalayam(Uzhavar Sandhai ),Snakeguard,Snakeguard,Local,06-09-2026,2500,3000,2750
Tamil Nadu,Virudhunagar,Rajapalayam(Uzhavar Sandhai ),Potato,Red Nanital,Local,06-09-2026,2500,3000,2750
Tamil Nadu,Virudhunagar,Rajapalayam(Uzhavar Sandhai ),Raddish,Raddish,Local,06-09-2026,3000,3500,3250
Tamil Nadu,Virudhunagar,Rajapalayam(Uzhavar Sandhai ),Beans,Beans (Whole),Local,06-09-2026,7000,8000,7500
Tamil Nadu,Virudhunagar,Rajapalayam(Uzhavar Sandhai ),Yam(Ratalu),Yam (Ratalu),Local,06-09-2026,7000,8000,7500
Tamil Nadu,Virudhunagar,Sathur(Uzhavar Sandhai ),Carrot,Pusakesar,Local,06-09-2026,5500,6000,5750
Tamil Nadu,Virudhunagar,Sathur(Uzhavar Sandhai ),Banana,Besrai,Local,06-09-2026,3500,4000,3750
Tamil Nadu,Virudhunagar,Sathur(Uzhavar Sandhai ),Coriander(Leaves),I Sort,Local,06-09-2026,4500,5000,4750
Tamil Nadu,Virudhunagar,Sathur(Uzhavar Sandhai ),Tomato,Deshi,Local,06-09-2026,1800,2000,1900
Tamil Nadu,Virudhunagar,Sathur(Uzhavar Sandhai ),Cluster beans,Cluster Beans,Local,06-09-2026,3500,4000,3750
Tamil Nadu,Virudhunagar,Sathur(Uzhavar Sandhai ),Pumpkin,Pumpkin,Local,06-09-2026,2000,2500,2250
Tamil Nadu,Virudhunagar,Sathur(Uzhavar Sandhai ),Bhindi(Ladies Finger),Bhindi,Local,06-09-2026,3500,4000,3750
Tamil Nadu,Virudhunagar,Sathur(Uzhavar Sandhai ),Beans,Beans (Whole),Local,06-09-2026,8000,9000,8500
Tamil Nadu,Virudhunagar,Sathur(Uzhavar Sandhai ),Guava,Guava Allahabad,Local,06-09-2026,4500,5000,4750
Tamil Nadu,Virudhunagar,Sivakasi(Uzhavar Sandhai ),Banana,Besrai,Local,06-09-2026,4500,5000,4750
Tamil Nadu,Virudhunagar,Sivakasi(Uzhavar Sandhai ),Onion,Bellary,Local,06-09-2026,5000,6000,5500
Tamil Nadu,Virudhunagar,Sivakasi(Uzhavar Sandhai ),Potato,Red Nanital,Local,06-09-2026,4500,5000,4750
Tamil Nadu,Virudhunagar,Sivakasi(Uzhavar Sandhai ),Cauliflower,Ranchi,Local,06-09-2026,4500,5000,4750
Tamil Nadu,Virudhunagar,Sivakasi(Uzhavar Sandhai ),Brinjal,Round,Local,06-09-2026,3500,4000,3750
Tamil Nadu,Virudhunagar,Sivakasi(Uzhavar Sandhai ),Tomato,Deshi,Local,06-09-2026,1700,2000,1850
Tamil Nadu,Virudhunagar,Sivakasi(Uzhavar Sandhai ),Amaranthus,Amaranthus,Local,06-09-2026,2500,3000,2750
Tamil Nadu,Virudhunagar,Sivakasi(Uzhavar Sandhai ),Raddish,Raddish,Local,06-09-2026,3500,4000,3750
Tamil Nadu,Virudhunagar,Sivakasi(Uzhavar Sandhai ),Drumstick,Drumstick,Local,06-09-2026,2500,3000,2750
Tamil Nadu,Virudhunagar,Sivakasi(Uzhavar Sandhai ),Elephant Yam(Suran)/Amorphophallus,Elephant Yam (Suran),Local,06-09-2026,3500,4000,3750
Tamil Nadu,Virudhunagar,Sivakasi(Uzhavar Sandhai ),Lemon,Lemon,Local,06-09-2026,14000,15000,14500
Tamil Nadu,Virudhunagar,Thalavaipuram(Uzhavar Sandhai ),Carrot,Pusakesar,Local,06-09-2026,3600,4500,4050
Tamil Nadu,Virudhunagar,Thalavaipuram(Uzhavar Sandhai ),Beetroot,Beetroot,Local,06-09-2026,3600,4500,4050
Tamil Nadu,Virudhunagar,Thalavaipuram(Uzhavar Sandhai ),Brinjal,Round,Local,06-09-2026,3200,4000,3600
Tamil Nadu,Virudhunagar,Thalavaipuram(Uzhavar Sandhai ),Tomato,Deshi,Local,06-09-2026,2000,2500,2250
Tamil Nadu,Virudhunagar,Thalavaipuram(Uzhavar Sandhai ),Ridgeguard(Tori),Ridgeguard(Tori),Local,06-09-2026,2800,3500,3150
Tamil Nadu,Virudhunagar,Thalavaipuram(Uzhavar Sandhai ),Bhindi(Ladies Finger),Bhindi,Local,06-09-2026,2800,3500,3150
Tamil Nadu,Virudhunagar,Thalavaipuram(Uzhavar Sandhai ),Green Chilli,Green Chilly,Local,06-09-2026,5000,6000,5500
Tamil Nadu,Virudhunagar,Thalavaipuram(Uzhavar Sandhai ),Drumstick,Drumstick,Local,06-09-2026,4000,5000,4500
Tamil Nadu,Virudhunagar,Thalavaipuram(Uzhavar Sandhai ),Mint(Pudina),Mint(Pudina),Local,06-09-2026,4500,5500,5000
Tamil Nadu,Virudhunagar,Virudhunagar(Uzhavar Sandhai ),Brinjal,Round,Local,06-09-2026,3400,3500,3450
Tamil Nadu,Virudhunagar,Virudhunagar(Uzhavar Sandhai ),Chow Chow,Chow Chow,Local,06-09-2026,3300,3400,3350
Tamil Nadu,Virudhunagar,Virudhunagar(Uzhavar Sandhai ),Onion Green,Onion Green,Local,06-09-2026,6100,6300,6200
Tamil Nadu,Chengalpattu,Madhuranthagam(Uzhavar Sandhai ),Garlic,Garlic,Local,06-09-2026,16000,16000,16000
Tamil Nadu,Chengalpattu,Madhuranthagam(Uzhavar Sandhai ),Coriander(Leaves),I Sort,Local,06-09-2026,4000,4000,4000
Tamil Nadu,Chengalpattu,Madhuranthagam(Uzhavar Sandhai ),Ashgourd,Gouard,Local,06-09-2026,2000,2000,2000
Tamil Nadu,Chengalpattu,Madhuranthagam(Uzhavar Sandhai ),Mint(Pudina),Mint(Pudina),Local,06-09-2026,3000,3000,3000
Tamil Nadu,Chengalpattu,Medavakkam(Uzhavar Sandhai ),Coriander(Leaves),I Sort,Local,06-09-2026,3000,3000,3000
Tamil Nadu,Chengalpattu,Medavakkam(Uzhavar Sandhai ),Mousambi(Sweet Lime),Mousambi,Local,06-09-2026,8000,8000,8000
Tamil Nadu,Chengalpattu,Pallavaram(Uzhavar Sandhai ),Carrot,Pusakesar,Local,06-09-2026,8000,9000,8500
Tamil Nadu,Chengalpattu,Pallavaram(Uzhavar Sandhai ),Cabbage,Cabbage,Local,06-09-2026,2000,2500,2250
Tamil Nadu,Chengalpattu,Pallavaram(Uzhavar Sandhai ),Beetroot,Beetroot,Local,06-09-2026,3500,4000,3750
Tamil Nadu,Chengalpattu,Pallavaram(Uzhavar Sandhai ),Bitter gourd,Bitter Gourd,Local,06-09-2026,6000,7000,6500
Tamil Nadu,Chengalpattu,Pallavaram(Uzhavar Sandhai ),Bottle gourd,Bottle Gourd,Local,06-09-2026,3500,4000,3750
Tamil Nadu,Chengalpattu,Pallavaram(Uzhavar Sandhai ),Tapioca,Tapioca,Local,06-09-2026,3500,4000,3750
Tamil Nadu,Chengalpattu,Pallavaram(Uzhavar Sandhai ),Green Avare(W),Green Avare (W),Local,06-09-2026,6000,7000,6500
Tamil Nadu,Chengalpattu,Pallavaram(Uzhavar Sandhai ),Colacasia,Colacasia,Local,06-09-2026,4000,5000,4500
Tamil Nadu,Chengalpattu,Pallavaram(Uzhavar Sandhai ),Mashrooms,Mashrooms,Local,06-09-2026,24000,25000,24500
Tamil Nadu,Nagercoil (Kannyiakumari),Myladi(Uzhavar Sandhai ),Potato,Red Nanital,Local,06-09-2026,3000,3500,3250
Tamil Nadu,Nagercoil (Kannyiakumari),Myladi(Uzhavar Sandhai ),Cluster beans,Cluster Beans,Local,06-09-2026,3500,4000,3750
Tamil Nadu,Chengalpattu,Jameenrayapettai(Uzhavar Sandhai ),Sweet Potato,Hosur Red,Local,06-09-2026,6000,7000,6500
Tamil Nadu,Chengalpattu,Jameenrayapettai(Uzhavar Sandhai ),Ridgeguard(Tori),Ridgeguard(Tori),Local,06-09-2026,6000,7000,6500
Tamil Nadu,Chengalpattu,Jameenrayapettai(Uzhavar Sandhai ),Groundnut,Big (With Shell),Local,06-09-2026,9000,10000,9500
Tamil Nadu,Chengalpattu,Jameenrayapettai(Uzhavar Sandhai ),Grapes,Annabesahai,Local,06-09-2026,11000,12000,11500
Tamil Nadu,Chengalpattu,Jameenrayapettai(Uzhavar Sandhai ),Cauliflower,Ranchi,Local,06-09-2026,2500,3000,2750
Tamil Nadu,Chengalpattu,Jameenrayapettai(Uzhavar Sandhai ),Bitter gourd,Other,Local,06-09-2026,5000,6000,5500
Tamil Nadu,Chengalpattu,Jameenrayapettai(Uzhavar Sandhai ),Green Chilli,Green Chilly,Local,06-09-2026,5000,6000,5500
Tamil Nadu,Chengalpattu,Jameenrayapettai(Uzhavar Sandhai ),Raddish,Raddish,Local,06-09-2026,3500,4000,3750
Tamil Nadu,Chengalpattu,Jameenrayapettai(Uzhavar Sandhai ),Capsicum,Capsicum,Local,06-09-2026,6000,7000,6500
Tamil Nadu,Chengalpattu,Jameenrayapettai(Uzhavar Sandhai ),Lemon,Lemon,Local,06-09-2026,24000,26000,25000
Tamil Nadu,Chengalpattu,Jameenrayapettai(Uzhavar Sandhai ),Colacasia,Colacasia,Local,06-09-2026,5000,6000,5500
Tamil Nadu,Chengalpattu,Jameenrayapettai(Uzhavar Sandhai ),Mint(Pudina),Mint(Pudina),Local,06-09-2026,3500,4000,3750
Tamil Nadu,Chengalpattu,Jameenrayapettai(Uzhavar Sandhai ),Tube Rose(Loose),Tube Rose (Loose),Local,06-09-2026,17000,19000,18000
Tamil Nadu,Chengalpattu,Jameenrayapettai(Uzhavar Sandhai ),Sweet Corn ,Sweet Corn ,Local,06-09-2026,4000,5000,4500
Maharashtra,Chattrapati Sambhajinagar,APMC Chattrapati Sambhajinagar ,Brinjal,Other,Local,06-09-2026,600,1200,950
Maharashtra,Chattrapati Sambhajinagar,APMC Chattrapati Sambhajinagar ,Lime,Other,Local,06-09-2026,12000,14000,13000
Maharashtra,Chattrapati Sambhajinagar,APMC Chattrapati Sambhajinagar ,Potato,Other,Local,06-09-2026,1000,1200,1100
Maharashtra,Jalgaon,APMC Bhusaval ,Cabbage,Other,Local,06-09-2026,800,1300,1000
Maharashtra,Jalgaon,APMC Bhusaval ,Garlic,Other,Local,06-09-2026,8000,8000,8000
Maharashtra,Jalgaon,APMC Bhusaval ,Chilly Capsicum,Other,Local,06-09-2026,2500,3000,3000
Maharashtra,Jalgaon,APMC Bhusaval ,Sweet Potato,Hosur Red,Local,06-09-2026,4000,4000,4000
Maharashtra,Jalgaon,APMC Bhusaval ,Green Chilli,Other,Local,06-09-2026,4200,5000,4600
Maharashtra,Ahilyanagar,APMC Rahuri ,Tomato,Other,Local,06-09-2026,500,1500,1000
Tamil Nadu,Villupuram,Tindivanam APMC,Coconut,Coconut,Local,06-09-2026,6000,6000,6000
Tamil Nadu,Villupuram,Tindivanam APMC,Snakeguard,Snakeguard,Local,06-09-2026,3000,3000,3000
Tamil Nadu,Villupuram,Tindivanam APMC,Beetroot,Beetroot,Local,06-09-2026,4500,4500,4500
Tamil Nadu,Villupuram,Tindivanam APMC,Water Melon,Water Melon,Local,06-09-2026,2000,2000,2000
Tamil Nadu,Villupuram,Tindivanam APMC,Mousambi(Sweet Lime),Mousambi,Local,06-09-2026,4500,4500,4500
Tamil Nadu,Villupuram,Tindivanam APMC,Tomato,Deshi,Local,06-09-2026,2000,2300,2150
Tamil Nadu,Villupuram,Tindivanam APMC,Ridgeguard(Tori),Ridgeguard(Tori),Local,06-09-2026,4000,4000,4000
Tamil Nadu,Villupuram,Tindivanam APMC,Raddish,Raddish,Local,06-09-2026,3800,3800,3800
Tamil Nadu,Villupuram,Tindivanam APMC,Ginger(Green),Green Ginger,Local,06-09-2026,9000,9000,9000
Tamil Nadu,Villupuram,Tindivanam APMC,Thondekai,Thondekai,Local,06-09-2026,3500,3500,3500
Tamil Nadu,Villupuram,Tindivanam APMC,Tender Coconut,Tender Coconut,Local,06-09-2026,3500,4000,3750
Tamil Nadu,Villupuram,Tindivanam APMC,Yam(Ratalu),Yam (Ratalu),Local,06-09-2026,6000,6000,6000
Tamil Nadu,Villupuram,Tindivanam APMC,Lemon,Lemon,Local,06-09-2026,15000,15000,15000
Tamil Nadu,Villupuram,Tindivanam APMC,Colacasia,Colacasia,Local,06-09-2026,5800,5800,5800
Tamil Nadu,Villupuram,Tindivanam APMC,Mint(Pudina),Mint(Pudina),Local,06-09-2026,3000,3000,3000
Tamil Nadu,Villupuram,Ulundurpettai APMC,Snakeguard,Snakeguard,Local,06-09-2026,4000,4000,4000
Tamil Nadu,Villupuram,Ulundurpettai APMC,Ridgeguard(Tori),Ridgeguard(Tori),Local,06-09-2026,6000,6000,6000
Tamil Nadu,Villupuram,Ulundurpettai APMC,Potato,Red Nanital,Local,06-09-2026,4000,4000,4000
Tamil Nadu,Villupuram,Ulundurpettai APMC,Cluster beans,Cluster Beans,Local,06-09-2026,5000,5000,5000
Tamil Nadu,Villupuram,Ulundurpettai APMC,Bottle gourd,Bottle Gourd,Local,06-09-2026,2000,2000,2000
Tamil Nadu,Villupuram,Ulundurpettai APMC,Pumpkin,Pumpkin,Local,06-09-2026,2500,2500,2500
Tamil Nadu,Villupuram,Ulundurpettai APMC,Raddish,Raddish,Local,06-09-2026,5000,5000,5000
Tamil Nadu,Villupuram,Ulundurpettai APMC,Guava,Guava Allahabad,Local,06-09-2026,5000,5000,5000
Tamil Nadu,Villupuram,Ulundurpettai APMC,Elephant Yam(Suran)/Amorphophallus,Elephant Yam (Suran),Local,06-09-2026,6000,6000,6000
Tamil Nadu,Villupuram,Ulundurpettai APMC,Lemon,Lemon,Local,06-09-2026,5000,5000,5000
Tamil Nadu,Villupuram,Ulundurpettai APMC,Amla(Nelli Kai),Amla,Local,06-09-2026,8000,8000,8000
Keralam,Pathanamthitta,Seethathode  VFPCK Market,Banana,Red Banana,Grade Range-1,06-09-2026,6200,7200,6700
Uttar Pradesh,Jalaun (Orai),Orai APMC,Peas(Dry),Other,FAQ,06-09-2026,3050,3050,3050
Uttar Pradesh,Fatehpur,Fatehpur APMC,Lemon,Other,FAQ,06-09-2026,5000,5000,5000
Uttar Pradesh,Fatehpur,Fatehpur APMC,Tomato,Other,FAQ,06-09-2026,2500,2500,2500
Uttar Pradesh,Aligarh,Aligarh APMC,Wheat,Other,FAQ,06-09-2026,2650,2650,2650
Keralam,Kollam,Plappally VFPCK Market,Banana,Banana - Ripe,Grade A,06-09-2026,7500,7500,7500
Uttar Pradesh,Mainpuri,Ghiraur APMC,Garlic,Other,FAQ,06-09-2026,9000,9000,9000
Maharashtra,Kolhapur,APMC Kolhapur ,Green Chilli,Other,Local,06-09-2026,2000,3000,2500
Maharashtra,Kolhapur,APMC Kolhapur ,Methi(Leaves),Other,Local,06-09-2026,2500,4000,3000
Uttar Pradesh,Kasganj,Kasganj APMC,Firewood,Firewood,FAQ,06-09-2026,450,450,450
Madhya Pradesh,Shivpuri,Pohari APMC,Mustard,Mustard,Non-FAQ,06-09-2026,7800,7800,7800
Madhya Pradesh,Balaghat,Varaseoni APMC,Paddy(Common),Paddy,FAQ,06-09-2026,2975,3135,3055
Madhya Pradesh,Mandla,Krishi Upaj Mandi Samiti Bichhiya,Wheat,Local,Non-FAQ,06-09-2026,2400,2400,2400
Uttar Pradesh,Hamirpur,Maudaha APMC,Wheat,Deshi,FAQ,06-09-2026,2330,2330,2330
Madhya Pradesh,Seoni,Ghansour APMC,buttery,Buttery,FAQ,06-09-2026,2500,2500,2500
Madhya Pradesh,Rewa,Chaakghat APMC,Wheat,Mill Quality,FAQ,06-09-2026,2500,2550,2550
Gujarat,Amreli,Damnagar APMC,Guar,Gwar,Local,06-09-2026,5000,5000,5000
Tamil Nadu,Madurai,Chokkikulam(Uzhavar Sandhai ),Coconut,Coconut,Local,06-09-2026,6800,7000,6900
Tamil Nadu,Madurai,Chokkikulam(Uzhavar Sandhai ),Cabbage,Cabbage,Local,06-09-2026,2600,3000,2800
Tamil Nadu,Madurai,Chokkikulam(Uzhavar Sandhai ),Orange,Darjeeling,Local,06-09-2026,14000,16000,15000
Tamil Nadu,Madurai,Chokkikulam(Uzhavar Sandhai ),Garlic,Garlic,Local,06-09-2026,14000,27000,20500
Tamil Nadu,Madurai,Chokkikulam(Uzhavar Sandhai ),Brinjal,Round,Local,06-09-2026,4000,5000,4500
Tamil Nadu,Madurai,Chokkikulam(Uzhavar Sandhai ),Bottle gourd,Bottle Gourd,Local,06-09-2026,2000,3000,2500
Tamil Nadu,Madurai,Chokkikulam(Uzhavar Sandhai ),Banana - Green,Banana - Green,Local,06-09-2026,2000,2400,2200
Tamil Nadu,Madurai,Chokkikulam(Uzhavar Sandhai ),Thondekai,Thondekai,Local,06-09-2026,4500,4800,4650
Tamil Nadu,Madurai,Chokkikulam(Uzhavar Sandhai ),Onion Green,Onion Green,Local,06-09-2026,7500,8000,7750
Haryana,Kurukshetra,Babain APMC,Paddy(Basmati),Basmati 1509,Local,06-09-2026,3775,3775,3775
Telangana,Warangal,Warangal APMC,Potato,Potato,FAQ,06-09-2026,1600,2000,1800
Telangana,Warangal,Warangal APMC,Tomato,Tomato,FAQ,06-09-2026,1000,1200,1100
Telangana,Warangal,Warangal APMC,Cabbage,Cabbage,FAQ,06-09-2026,1600,2000,1800
Telangana,Warangal,Warangal APMC,Beetroot,Beetroot,FAQ,06-09-2026,2500,3000,2750
Telangana,Warangal,Warangal APMC,Bhindi(Ladies Finger),Bhindi,FAQ,06-09-2026,1200,1600,1400
Andhra Pradesh,Prakasam,Addanki APMC,Bengal Gram(Gram)(Whole),Gulabi,Local,06-09-2026,6000,6100,6050
Keralam,Palakad,vadakarapathy Market,Coconut,Other,FAQ,06-09-2026,5000,5200,5100
Keralam,Palakad,vadakarapathy Market,Cowpea(Veg),Cowpea (Veg),FAQ,06-09-2026,3000,4000,3500
Keralam,Palakad,vadakarapathy Market,Cucumbar(Kheera),Cucumbar,FAQ,06-09-2026,3000,4000,3500
Keralam,Palakad,vadakarapathy Market,Cabbage,Cabbage,FAQ,06-09-2026,1500,2000,1700
Keralam,Palakad,vadakarapathy Market,Drumstick,Drumstick,FAQ,06-09-2026,2000,3000,2500
Keralam,Palakad,vadakarapathy Market,Green Chilli,Green Chilly,FAQ,06-09-2026,3000,4000,3500
Keralam,Palakad,vadakarapathy Market,Raddish,Other,FAQ,06-09-2026,1000,1500,1200
Keralam,Palakad,vadakarapathy Market,Tapioca,Tapioca,FAQ,06-09-2026,2000,2300,2200
Andhra Pradesh,Markapuram,Cumbum APMC,Cotton,Other,FAQ,06-09-2026,7900,8200,8100
Maharashtra,Pune,APMC Pune ,Ridgeguard(Tori),Other,Local,06-09-2026,1500,3000,2250
Maharashtra,Pune,APMC Pune ,Elephant Yam(Suran)/Amorphophallus,Other,Local,06-09-2026,1500,4000,2750
Maharashtra,Pune,APMC Pune ,Chikoos(Sapota),Other,Local,06-09-2026,2000,4000,3000
Maharashtra,Pune,APMC Pune ,Grapes,Other,Local,06-09-2026,5000,15000,10000
Maharashtra,Pune,APMC Pune ,Banana,Other,Local,06-09-2026,500,2000,1200
Maharashtra,Pune,APMC Pune ,Orange,Other,Local,06-09-2026,3000,6000,4500
Maharashtra,Pune,APMC Pune ,Pumpkin,Other,Local,06-09-2026,1000,2500,1750
Maharashtra,Pune,APMC Pune ,Coriander(Leaves),Other,Local,06-09-2026,2,8,5
Maharashtra,Pune,APMC Pune ,Methi(Leaves),Other,Local,06-09-2026,4,8,6
Maharashtra,Pune,APMC Pune ,Rajgir,Other,Local,06-09-2026,4,8,6
Maharashtra,Pune,APMC Pune ,Green Chilli,Other,Local,06-09-2026,1000,3000,2000
Andhra Pradesh,Ananthapuramu,Urvakonda APMC,Groundnut,Local,Local,06-09-2026,7000,8000,7500
Uttar Pradesh,Kanpur,Kanpur(Grain) APMC,Tomato,Other,FAQ,06-09-2026,2100,2100,2100
Uttar Pradesh,Lalitpur,Lalitpur APMC,Wood,Other,FAQ,06-09-2026,450,450,450
Maharashtra,Pune,Pune(Khadiki) ,Spinach,Other,Local,06-09-2026,4,6,5
Maharashtra,Pune,Pune(Khadiki) ,Potato,Local,Local,06-09-2026,800,1200,1000
Uttar Pradesh,Sitapur,Sitapur APMC,Wood,Other,FAQ,06-09-2026,480,600,552.71
Uttar Pradesh,Varanasi,Varanasi APMC,Green Chilli,Other,FAQ,06-09-2026,1500,1500,1500
Uttar Pradesh,Varanasi,Varanasi APMC,Potato,Other,FAQ,06-09-2026,800,800,800
Keralam,Thiruvananthapuram,Parassala Market,Lemon,Lemon,Local,06-09-2026,8800,9200,9000
Keralam,Thiruvananthapuram,Parassala Market,Green Chilli,Green Chilly,Local,06-09-2026,7800,8200,8000
Keralam,Thiruvananthapuram,Parassala Market,Bitter gourd,Bitter Gourd,Local,06-09-2026,3000,3400,3200
Uttarakhand,Haridwar,Roorkee APMC,Bitter gourd,Other,Local,06-09-2026,650,850,750
Maharashtra,Pune,Pune(Moshi) ,Elephant Yam(Suran)/Amorphophallus,Other,Local,06-09-2026,3000,3000,3000
Maharashtra,Pune,Pune(Moshi) ,Banana,Other,Local,06-09-2026,2000,5000,3500
Maharashtra,Pune,Pune(Moshi) ,Methi(Leaves),Other,Local,06-09-2026,10,10,10
Maharashtra,Pune,Pune(Moshi) ,Spinach,Other,Local,06-09-2026,10,10,10
Maharashtra,Pune,Pune(Moshi) ,Brinjal,Other,Local,06-09-2026,2000,3000,2500
Maharashtra,Pune,Pune(Moshi) ,Ginger(Green),Other,Local,06-09-2026,8000,9000,8500
Maharashtra,Pune,Pune(Moshi) ,Bhindi(Ladies Finger),Other,Local,06-09-2026,3000,3500,3250
Maharashtra,Pune,Pune(Moshi) ,Amla(Nelli Kai),Other,Local,06-09-2026,4000,4000,4000
Tamil Nadu,Erode,Thalavadi(Uzhavar Sandhai ),Carrot,Pusakesar,Local,06-09-2026,6000,6500,6250
Tamil Nadu,Erode,Thalavadi(Uzhavar Sandhai ),Banana,Red Banana,Local,06-09-2026,6000,6500,6250
Tamil Nadu,Erode,Thalavadi(Uzhavar Sandhai ),Cauliflower,Ranchi,Local,06-09-2026,2800,3200,3000
Tamil Nadu,Erode,Thalavadi(Uzhavar Sandhai ),Ashgourd,Gouard,Local,06-09-2026,1200,1500,1350
Tamil Nadu,Erode,Thalavadi(Uzhavar Sandhai ),Banana - Green,Banana - Green,Local,06-09-2026,3000,3500,3250
Tamil Nadu,Erode,Thalavadi(Uzhavar Sandhai ),Beans,Beans (Whole),Local,06-09-2026,5500,6000,5750
Tamil Nadu,Erode,Thalavadi(Uzhavar Sandhai ),Ginger(Green),Green Ginger,Local,06-09-2026,13000,14000,13500
Tamil Nadu,Erode,Thalavadi(Uzhavar Sandhai ),Drumstick,Drumstick,Local,06-09-2026,3000,3500,3250
Tamil Nadu,Erode,Thalavadi(Uzhavar Sandhai ),Guava,Guava Allahabad,Local,06-09-2026,5000,5500,5250
Tamil Nadu,Erode,Thalavadi(Uzhavar Sandhai ),Onion Green,Onion Green,Local,06-09-2026,7500,8000,7750
Tamil Nadu,Cuddalore,Viruthachalam(Uzhavar Sandhai ),Coconut,Coconut,Local,06-09-2026,6000,6000,6000
Tamil Nadu,Cuddalore,Viruthachalam(Uzhavar Sandhai ),Onion,Bellary,Local,06-09-2026,5500,5500,5500
Tamil Nadu,Cuddalore,Viruthachalam(Uzhavar Sandhai ),Brinjal,Round,Local,06-09-2026,5000,5000,5000
Tamil Nadu,Cuddalore,Viruthachalam(Uzhavar Sandhai ),Papaya,Papaya,Local,06-09-2026,4000,4500,4250
Tamil Nadu,Cuddalore,Viruthachalam(Uzhavar Sandhai ),Bottle gourd,Bottle Gourd,Local,06-09-2026,3000,3000,3000
Tamil Nadu,Cuddalore,Viruthachalam(Uzhavar Sandhai ),Chow Chow,Chow Chow,Local,06-09-2026,3000,3000,3000
Tamil Nadu,Cuddalore,Viruthachalam(Uzhavar Sandhai ),Drumstick,Drumstick,Local,06-09-2026,3000,3000,3000
Maharashtra,Satara,APMC Satara ,Cucumbar(Kheera),Other,Local,06-09-2026,1000,1400,1200
Maharashtra,Satara,APMC Satara ,Brinjal,Other,Local,06-09-2026,2000,3000,2500
Tamil Nadu,Krishnagiri,Krishnagiri(Uzhavar Sandhai ),Groundnut,Big (With Shell),Local,06-09-2026,7000,7500,7250
Tamil Nadu,Krishnagiri,Krishnagiri(Uzhavar Sandhai ),Onion,Bellary,Local,06-09-2026,5500,6000,5750
Tamil Nadu,Krishnagiri,Krishnagiri(Uzhavar Sandhai ),Cauliflower,Ranchi,Local,06-09-2026,3000,3500,3250
Tamil Nadu,Krishnagiri,Krishnagiri(Uzhavar Sandhai ),Papaya,Papaya,Local,06-09-2026,3000,3600,3300
Tamil Nadu,Krishnagiri,Krishnagiri(Uzhavar Sandhai ),Water Melon,Water Melon,Local,06-09-2026,1600,2000,1800
Tamil Nadu,Krishnagiri,Krishnagiri(Uzhavar Sandhai ),Banana - Green,Banana - Green,Local,06-09-2026,2600,3000,2800
Tamil Nadu,Krishnagiri,Krishnagiri(Uzhavar Sandhai ),Ginger(Green),Green Ginger,Local,06-09-2026,16000,18000,17000
Tamil Nadu,Krishnagiri,Krishnagiri(Uzhavar Sandhai ),Amla(Nelli Kai),Amla,Local,06-09-2026,7000,8000,7500
Maharashtra,Solapur,APMC Mangal Wedha ,Ridgeguard(Tori),Other,Local,06-09-2026,1600,5100,3500
Maharashtra,Solapur,APMC Mangal Wedha ,Tomato,Local,Local,06-09-2026,500,1500,1100
Tamil Nadu,Nagapattinam,Nagapattinam(Uzhavar Sandhai ),Snakeguard,Snakeguard,Local,06-09-2026,3100,3500,3300
Tamil Nadu,Nagapattinam,Nagapattinam(Uzhavar Sandhai ),Brinjal,Round,Local,06-09-2026,4000,5300,4650
Tamil Nadu,Nagapattinam,Nagapattinam(Uzhavar Sandhai ),Tomato,Deshi,Local,06-09-2026,3500,3800,3650
Tamil Nadu,Nagapattinam,Nagapattinam(Uzhavar Sandhai ),Cluster beans,Cluster Beans,Local,06-09-2026,3500,3800,3650
Tamil Nadu,Nagapattinam,Nagapattinam(Uzhavar Sandhai ),Bitter gourd,Other,Local,06-09-2026,4200,5500,4850
Tamil Nadu,Nagapattinam,Nagapattinam(Uzhavar Sandhai ),Green Avare(W),Green Avare (W),Local,06-09-2026,7100,7100,7100
Tamil Nadu,Nagapattinam,Nagapattinam(Uzhavar Sandhai ),Chow Chow,Chow Chow,Local,06-09-2026,2700,2700,2700
Tamil Nadu,Nagapattinam,Nagapattinam(Uzhavar Sandhai ),Yam(Ratalu),Yam (Ratalu),Local,06-09-2026,6100,6100,6100
Tamil Nadu,Nagapattinam,Nagapattinam(Uzhavar Sandhai ),Onion Green,Onion Green,Local,06-09-2026,6600,7500,7050
Tamil Nadu,Tenkasi,Sankarankoil(Uzhavar Sandhai ),Papaya,Papaya,Local,06-09-2026,3500,3500,3500
Tamil Nadu,Tenkasi,Sankarankoil(Uzhavar Sandhai ),Tomato,Deshi,Local,06-09-2026,2000,2500,2250
Tamil Nadu,Tenkasi,Sankarankoil(Uzhavar Sandhai ),Cowpea(Veg),Cowpea (Veg),Local,06-09-2026,3500,3500,3500
Tamil Nadu,Tenkasi,Sankarankoil(Uzhavar Sandhai ),Beans,Beans (Whole),Local,06-09-2026,12000,12000,12000
Tamil Nadu,Tenkasi,Sankarankoil(Uzhavar Sandhai ),Drumstick,Drumstick,Local,06-09-2026,3500,3500,3500
Tamil Nadu,Tenkasi,Sankarankoil(Uzhavar Sandhai ),Guava,Guava Allahabad,Local,06-09-2026,5000,5000,5000
Tamil Nadu,Tenkasi,Sankarankoil(Uzhavar Sandhai ),Tender Coconut,Tender Coconut,Local,06-09-2026,2500,3000,2750
Tamil Nadu,Tenkasi,Sankarankoil(Uzhavar Sandhai ),Colacasia,Colacasia,Local,06-09-2026,6000,6000,6000
Tamil Nadu,Tenkasi,Sankarankoil(Uzhavar Sandhai ),Mint(Pudina),Mint(Pudina),Local,06-09-2026,6500,6500,6500
Tamil Nadu,Tenkasi,Tenkasi(Uzhavar Sandhai ),Cabbage,Cabbage,Local,06-09-2026,3000,3000,3000
Tamil Nadu,Tenkasi,Tenkasi(Uzhavar Sandhai ),Banana,Red Banana,Local,06-09-2026,7000,8000,7500
Tamil Nadu,Tenkasi,Tenkasi(Uzhavar Sandhai ),Mango,Neelam,Local,06-09-2026,8000,8000,8000
Tamil Nadu,Tenkasi,Tenkasi(Uzhavar Sandhai ),Tomato,Local,Local,06-09-2026,2000,2000,2000
Tamil Nadu,Tenkasi,Tenkasi(Uzhavar Sandhai ),Cowpea(Veg),Cowpea (Veg),Local,06-09-2026,4000,4000,4000
Tamil Nadu,Tenkasi,Tenkasi(Uzhavar Sandhai ),Ginger(Green),Green Ginger,Local,06-09-2026,16000,16000,16000
Tamil Nadu,Tenkasi,Tenkasi(Uzhavar Sandhai ),Amla(Nelli Kai),Amla,Local,06-09-2026,5000,6000,5500
Tamil Nadu,Pudukkottai,Pudukottai(Uzhavar Sandhai ),Coconut,Coconut,Local,06-09-2026,3000,4000,3500
Tamil Nadu,Pudukkottai,Pudukottai(Uzhavar Sandhai ),Ridgeguard(Tori),Ridgeguard(Tori),Local,06-09-2026,5000,6000,5500
Tamil Nadu,Pudukkottai,Pudukottai(Uzhavar Sandhai ),Groundnut,Big (With Shell),Local,06-09-2026,5000,6000,5500
Tamil Nadu,Pudukkottai,Pudukottai(Uzhavar Sandhai ),Brinjal,Round,Local,06-09-2026,6000,7000,6500
Tamil Nadu,Pudukkottai,Pudukottai(Uzhavar Sandhai ),Bottle gourd,Bottle Gourd,Local,06-09-2026,2500,3000,2750
Tamil Nadu,Pudukkottai,Pudukottai(Uzhavar Sandhai ),Pumpkin,Pumpkin,Local,06-09-2026,1000,1500,1250
Tamil Nadu,Pudukkottai,Pudukottai(Uzhavar Sandhai ),Bhindi(Ladies Finger),Bhindi,Local,06-09-2026,2500,3000,2750
Tamil Nadu,Pudukkottai,Pudukottai(Uzhavar Sandhai ),Beans,Beans (Whole),Local,06-09-2026,8000,9000,8500
Tamil Nadu,Pudukkottai,Pudukottai(Uzhavar Sandhai ),Ginger(Green),Green Ginger,Local,06-09-2026,27000,28000,27500
Tamil Nadu,Pudukkottai,Pudukottai(Uzhavar Sandhai ),Tender Coconut,Tender Coconut,Local,06-09-2026,5000,6000,5500
Tamil Nadu,Thanjavur,Kumbakonam (Uzhavar Sandhai ),Snakeguard,Snakeguard,Local,06-09-2026,4200,4200,4200
Tamil Nadu,Thanjavur,Kumbakonam (Uzhavar Sandhai ),Mango,Safeda,Local,06-09-2026,3000,8000,5500
Tamil Nadu,Thanjavur,Kumbakonam (Uzhavar Sandhai ),Potato,Red Nanital,Local,06-09-2026,3000,3600,3300
Tamil Nadu,Thanjavur,Kumbakonam (Uzhavar Sandhai ),Bhindi(Ladies Finger),Bhindi,Local,06-09-2026,3600,4800,4200
Tamil Nadu,Thanjavur,Kumbakonam (Uzhavar Sandhai ),Green Chilli,Green Chilly,Local,06-09-2026,5400,5400,5400
Tamil Nadu,Thanjavur,Kumbakonam (Uzhavar Sandhai ),Capsicum,Capsicum,Local,06-09-2026,8500,8500,8500
Tamil Nadu,Thanjavur,Kumbakonam (Uzhavar Sandhai ),Elephant Yam(Suran)/Amorphophallus,Elephant Yam (Suran),Local,06-09-2026,4800,4800,4800
Tamil Nadu,Thanjavur,Kumbakonam (Uzhavar Sandhai ),Colacasia,Colacasia,Local,06-09-2026,6000,6000,6000
Tamil Nadu,The Nilgiris,Udhagamandalam(Uzhavar Sandhai ),Sweet Potato,Hosur Red,Local,06-09-2026,4000,4500,4250
Tamil Nadu,The Nilgiris,Udhagamandalam(Uzhavar Sandhai ),Apple,American,Local,06-09-2026,20000,22000,21000
Tamil Nadu,The Nilgiris,Udhagamandalam(Uzhavar Sandhai ),Banana,Besrai,Local,06-09-2026,3500,5000,4250
Tamil Nadu,The Nilgiris,Udhagamandalam(Uzhavar Sandhai ),Potato,Other,Local,06-09-2026,4500,5000,4750
Tamil Nadu,The Nilgiris,Udhagamandalam(Uzhavar Sandhai ),Cauliflower,Ranchi,Local,06-09-2026,4000,4500,4250
Tamil Nadu,The Nilgiris,Udhagamandalam(Uzhavar Sandhai ),Coriander(Leaves),I Sort,Local,06-09-2026,6500,7000,6750
Tamil Nadu,The Nilgiris,Udhagamandalam(Uzhavar Sandhai ),Bottle gourd,Bottle Gourd,Local,06-09-2026,2500,3000,2750
Tamil Nadu,The Nilgiris,Udhagamandalam(Uzhavar Sandhai ),Pumpkin,Pumpkin,Local,06-09-2026,1500,2000,1750
Tamil Nadu,The Nilgiris,Udhagamandalam(Uzhavar Sandhai ),Tapioca,Tapioca,Local,06-09-2026,3000,3500,3250
Tamil Nadu,The Nilgiris,Udhagamandalam(Uzhavar Sandhai ),Capsicum,Capsicum,Local,06-09-2026,5500,6000,5750
Tamil Nadu,The Nilgiris,Udhagamandalam(Uzhavar Sandhai ),Elephant Yam(Suran)/Amorphophallus,Elephant Yam (Suran),Local,06-09-2026,3500,4000,3750
Tamil Nadu,The Nilgiris,Udhagamandalam(Uzhavar Sandhai ),Mint(Pudina),Mint(Pudina),Local,06-09-2026,4500,5000,4750
Tamil Nadu,Theni,Andipatti(Uzhavar Sandhai ),Papaya,Papaya,Local,06-09-2026,3000,3500,3250
Tamil Nadu,Theni,Andipatti(Uzhavar Sandhai ),Knool Khol,Knool Khol,Local,06-09-2026,2800,3000,2900
Tamil Nadu,Theni,Andipatti(Uzhavar Sandhai ),Yam(Ratalu),Yam (Ratalu),Local,06-09-2026,5800,6000,5900
Tamil Nadu,Theni,Andipatti(Uzhavar Sandhai ),Mint(Pudina),Mint(Pudina),Local,06-09-2026,5000,5000,5000
Tamil Nadu,Theni,Bodinayakanur(Uzhavar Sandhai ),Coconut,Coconut,Local,06-09-2026,5600,5600,5600
Tamil Nadu,Theni,Bodinayakanur(Uzhavar Sandhai ),Cabbage,Cabbage,Local,06-09-2026,2800,2800,2800
Tamil Nadu,Theni,Bodinayakanur(Uzhavar Sandhai ),Beans,Beans (Whole),Local,06-09-2026,8500,8500,8500
Tamil Nadu,Theni,Bodinayakanur(Uzhavar Sandhai ),Raddish,Raddish,Local,06-09-2026,2000,2000,2000
Tamil Nadu,Theni,Bodinayakanur(Uzhavar Sandhai ),Chow Chow,Chow Chow,Local,06-09-2026,3000,3000,3000
Tamil Nadu,Theni,Bodinayakanur(Uzhavar Sandhai ),Elephant Yam(Suran)/Amorphophallus,Elephant Yam (Suran),Local,06-09-2026,4000,4000,4000
Tamil Nadu,Theni,Bodinayakanur(Uzhavar Sandhai ),Lemon,Lemon,Local,06-09-2026,22000,22000,22000
West Bengal,Bankura,Bishnupur(Bankura) APMC,Rice,Fine,FAQ,06-09-2026,4600,4800,4700
West Bengal,Bankura,Bishnupur(Bankura) APMC,Rice,Common,FAQ,06-09-2026,3600,3700,3650
West Bengal,Bankura,Bishnupur(Bankura) APMC,Onion,Nasik,FAQ,06-09-2026,4200,4850,4800
Tamil Nadu,Thiruvarur,Needamangalam(Uzhavar Sandhai ),Coconut,Coconut,Local,06-09-2026,4000,4000,4000
Tamil Nadu,Thiruvarur,Needamangalam(Uzhavar Sandhai ),Tomato,Deshi,Local,06-09-2026,2400,2400,2400
Tamil Nadu,Thiruvarur,Needamangalam(Uzhavar Sandhai ),Cluster beans,Cluster Beans,Local,06-09-2026,3400,3400,3400
Tamil Nadu,Thiruvarur,Needamangalam(Uzhavar Sandhai ),Bottle gourd,Bottle Gourd,Local,06-09-2026,3000,3000,3000
Tamil Nadu,Thiruvarur,Tiruvarur(Uzhavar Sandhai ),Coconut,Coconut,Local,06-09-2026,5000,5000,5000
Tamil Nadu,Thiruvarur,Tiruvarur(Uzhavar Sandhai ),Snakeguard,Snakeguard,Local,06-09-2026,3000,3000,3000
Tamil Nadu,Thiruvarur,Tiruvarur(Uzhavar Sandhai ),Green Chilli,Green Chilly,Local,06-09-2026,5000,5000,5000
Tamil Nadu,Thiruvarur,Tiruvarur(Uzhavar Sandhai ),Lime,Lime,Local,06-09-2026,3000,3000,3000
West Bengal,Murshidabad,Kasimbazar APMC,Rice,Common,FAQ,06-09-2026,3500,3700,3600
Tamil Nadu,Virudhunagar,Aruppukottai(Uzhavar Sandhai ),Banana,Besrai,Local,06-09-2026,3500,4000,3750
Tamil Nadu,Virudhunagar,Aruppukottai(Uzhavar Sandhai ),Onion,Bellary,Local,06-09-2026,5500,6000,5750
Tamil Nadu,Virudhunagar,Aruppukottai(Uzhavar Sandhai ),Cauliflower,Ranchi,Local,06-09-2026,3500,4000,3750
Tamil Nadu,Virudhunagar,Aruppukottai(Uzhavar Sandhai ),Coriander(Leaves),I Sort,Local,06-09-2026,3500,4000,3750
Tamil Nadu,Virudhunagar,Aruppukottai(Uzhavar Sandhai ),Papaya,Papaya,Local,06-09-2026,3000,3500,3250
Tamil Nadu,Virudhunagar,Aruppukottai(Uzhavar Sandhai ),Bottle gourd,Bottle Gourd,Local,06-09-2026,1800,2000,1900
Tamil Nadu,Virudhunagar,Aruppukottai(Uzhavar Sandhai ),Pumpkin,Pumpkin,Local,06-09-2026,2500,3000,2750
Tamil Nadu,Virudhunagar,Aruppukottai(Uzhavar Sandhai ),Ridgeguard(Tori),Ridgeguard(Tori),Local,06-09-2026,5500,6000,5750
Tamil Nadu,Virudhunagar,Aruppukottai(Uzhavar Sandhai ),Amaranthus,Amaranthus,Local,06-09-2026,3000,3500,3250
Tamil Nadu,Virudhunagar,Aruppukottai(Uzhavar Sandhai ),Green Chilli,Green Chilly,Local,06-09-2026,4500,5000,4750
Tamil Nadu,Virudhunagar,Aruppukottai(Uzhavar Sandhai ),Beans,Beans (Whole),Local,06-09-2026,9500,10000,9750
Tamil Nadu,Virudhunagar,Aruppukottai(Uzhavar Sandhai ),Thondekai,Thondekai,Local,06-09-2026,3500,4000,3750
Tamil Nadu,Virudhunagar,Aruppukottai(Uzhavar Sandhai ),Guava,Guava Allahabad,Local,06-09-2026,4500,5000,4750
Tamil Nadu,Villupuram,Gingee(Uzhavar Sandhai ),Snakeguard,Snakeguard,Local,06-09-2026,3000,3000,3000
Tamil Nadu,Villupuram,Gingee(Uzhavar Sandhai ),Green Avare(W),Green Avare (W),Local,06-09-2026,7000,7000,7000
Tamil Nadu,Villupuram,Gingee(Uzhavar Sandhai ),Knool Khol,Knool Khol,Local,06-09-2026,4000,4000,4000
Tamil Nadu,Villupuram,Gingee(Uzhavar Sandhai ),Lemon,Lemon,Local,06-09-2026,15000,15000,15000
Uttar Pradesh,Basti,Basti APMC,Paddy(Common),Common,FAQ,06-09-2026,3000,3000,3000
Tamil Nadu,Thiruvarur,Valangaiman APMC,Tomato,Deshi,Local,06-09-2026,2600,2600,2600
Tamil Nadu,Thiruvarur,Valangaiman APMC,Raddish,Raddish,Local,06-09-2026,3000,3000,3000
Tamil Nadu,Virudhunagar,Kariyapatti(Uzhavar Sandhai ),Coconut,Coconut,Local,06-09-2026,5500,6000,5750
Tamil Nadu,Virudhunagar,Kariyapatti(Uzhavar Sandhai ),Beetroot,Beetroot,Local,06-09-2026,4500,5000,4750
Tamil Nadu,Virudhunagar,Kariyapatti(Uzhavar Sandhai ),Banana,Besrai,Local,06-09-2026,3500,4000,3750
Tamil Nadu,Virudhunagar,Kariyapatti(Uzhavar Sandhai ),Cauliflower,Ranchi,Local,06-09-2026,3500,4000,3750
Tamil Nadu,Virudhunagar,Kariyapatti(Uzhavar Sandhai ),Cluster beans,Cluster Beans,Local,06-09-2026,3500,4000,3750
Tamil Nadu,Virudhunagar,Kariyapatti(Uzhavar Sandhai ),Bitter gourd,Other,Local,06-09-2026,7500,8000,7750
Tamil Nadu,Virudhunagar,Kariyapatti(Uzhavar Sandhai ),Bhindi(Ladies Finger),Bhindi,Local,06-09-2026,4500,5000,4750
Tamil Nadu,Virudhunagar,Kariyapatti(Uzhavar Sandhai ),Green Avare(W),Green Avare (W),Local,06-09-2026,6500,7000,6750
Tamil Nadu,Virudhunagar,Kariyapatti(Uzhavar Sandhai ),Elephant Yam(Suran)/Amorphophallus,Elephant Yam (Suran),Local,06-09-2026,4500,5000,4750
Tamil Nadu,Virudhunagar,Kariyapatti(Uzhavar Sandhai ),Mint(Pudina),Mint(Pudina),Local,06-09-2026,4500,5000,4750
Uttar Pradesh,Aligarh,Charra APMC,Potato,Other,FAQ,06-09-2026,600,600,600
Madhya Pradesh,Dhar,Manawar(F&V) APMC,Green Chilli,Green Chilly,Grade B,06-09-2026,1900,2500,2000
Tamil Nadu,Vellore,Katpadi (Uzhavar Sandhai ),Groundnut,Big (With Shell),Local,06-09-2026,8000,8000,8000
Tamil Nadu,Vellore,Katpadi (Uzhavar Sandhai ),Banana,Besrai,Local,06-09-2026,5000,6000,5500
Tamil Nadu,Vellore,Katpadi (Uzhavar Sandhai ),Cauliflower,Ranchi,Local,06-09-2026,2500,3000,2750
Tamil Nadu,Vellore,Katpadi (Uzhavar Sandhai ),Mousambi(Sweet Lime),Mousambi,Local,06-09-2026,10000,10000,10000
Tamil Nadu,Vellore,Katpadi (Uzhavar Sandhai ),Bottle gourd,Bottle Gourd,Local,06-09-2026,2000,2500,2250
Tamil Nadu,Vellore,Katpadi (Uzhavar Sandhai ),Bhindi(Ladies Finger),Bhindi,Local,06-09-2026,3500,3500,3500
Tamil Nadu,Vellore,Katpadi (Uzhavar Sandhai ),Amaranthus,Amaranthus,Local,06-09-2026,3500,3500,3500
Tamil Nadu,Vellore,Katpadi (Uzhavar Sandhai ),Ginger(Green),Green Ginger,Local,06-09-2026,16000,16000,16000
Tamil Nadu,Vellore,Katpadi (Uzhavar Sandhai ),Capsicum,Capsicum,Local,06-09-2026,5000,5000,5000
Tamil Nadu,Vellore,Katpadi (Uzhavar Sandhai ),Yam(Ratalu),Yam (Ratalu),Local,06-09-2026,4000,4000,4000
Tamil Nadu,Vellore,Katpadi (Uzhavar Sandhai ),Indian Beans(Seam),Indian Beans (Seam),Local,06-09-2026,5000,5000,5000
Tamil Nadu,Vellore,Katpadi (Uzhavar Sandhai ),Mint(Pudina),Mint(Pudina),Local,06-09-2026,3500,3500,3500
Tamil Nadu,Vellore,Katpadi (Uzhavar Sandhai ),Rose(Local),Rose (Local),Local,06-09-2026,14000,14000,14000
Tamil Nadu,Madurai,Thirumangalam(Uzhavar Sandhai ),Papaya,Papaya,Local,06-09-2026,4000,5000,4500
Tamil Nadu,Madurai,Thirumangalam(Uzhavar Sandhai ),Tomato,Deshi,Local,06-09-2026,2500,3000,2750
Tamil Nadu,Madurai,Thirumangalam(Uzhavar Sandhai ),Cluster beans,Cluster Beans,Local,06-09-2026,3000,3200,3100
Tamil Nadu,Madurai,Thirumangalam(Uzhavar Sandhai ),Bitter gourd,Bitter Gourd,Local,06-09-2026,4000,5000,4500
Tamil Nadu,Madurai,Thirumangalam(Uzhavar Sandhai ),Pumpkin,Pumpkin,Local,06-09-2026,1600,2000,1800
Tamil Nadu,Madurai,Thirumangalam(Uzhavar Sandhai ),Bhindi(Ladies Finger),Bhindi,Local,06-09-2026,3000,3200,3100
Tamil Nadu,Madurai,Thirumangalam(Uzhavar Sandhai ),Green Chilli,Green Chilly,Local,06-09-2026,4000,5000,4500
Tamil Nadu,Madurai,Melur(Uzhavar Sandhai ),Groundnut,Big (With Shell),Local,06-09-2026,7000,8000,7500
Tamil Nadu,Madurai,Melur(Uzhavar Sandhai ),Coriander(Leaves),I Sort,Local,06-09-2026,4000,5000,4500
Tamil Nadu,Madurai,Melur(Uzhavar Sandhai ),Bottle gourd,Bottle Gourd,Local,06-09-2026,1600,2000,1800
Tamil Nadu,Madurai,Melur(Uzhavar Sandhai ),Ashgourd,Gouard,Local,06-09-2026,1600,2000,1800
Tamil Nadu,Madurai,Melur(Uzhavar Sandhai ),Cowpea(Veg),Cowpea (Veg),Local,06-09-2026,3000,4000,3500
Tamil Nadu,Madurai,Melur(Uzhavar Sandhai ),Tapioca,Tapioca,Local,06-09-2026,3600,4000,3800
Tamil Nadu,Madurai,Melur(Uzhavar Sandhai ),Green Avare(W),Green Avare (W),Local,06-09-2026,8000,9000,8500
Tamil Nadu,Madurai,Melur(Uzhavar Sandhai ),Amla(Nelli Kai),Amla,Local,06-09-2026,7000,8000,7500
Tamil Nadu,Salem,Vazhapadi(Uzhavar Sandhai),Beetroot,Beetroot,Local,06-09-2026,4000,4500,4250
Tamil Nadu,Salem,Vazhapadi(Uzhavar Sandhai),Banana,Red Banana,Local,06-09-2026,7000,7000,7000
Tamil Nadu,Salem,Vazhapadi(Uzhavar Sandhai),Brinjal,Other,Local,06-09-2026,2800,2800,2800
Tamil Nadu,Salem,Vazhapadi(Uzhavar Sandhai),Coriander(Leaves),I Sort,Local,06-09-2026,5000,5000,5000
Tamil Nadu,Salem,Vazhapadi(Uzhavar Sandhai),Water Melon,Water Melon,Local,06-09-2026,2000,2000,2000
Tamil Nadu,Salem,Vazhapadi(Uzhavar Sandhai),Cluster beans,Cluster Beans,Local,06-09-2026,3000,3000,3000
Tamil Nadu,Salem,Vazhapadi(Uzhavar Sandhai),Banana - Green,Banana - Green,Local,06-09-2026,2500,2500,2500
Tamil Nadu,Salem,Vazhapadi(Uzhavar Sandhai),Lemon,Lemon,Local,06-09-2026,9000,9000,9000
Tamil Nadu,Karur,Gandhigramam(Uzhavar Sandhai),Ridgeguard(Tori),Ridgeguard(Tori),Local,06-09-2026,4500,5000,4750
Tamil Nadu,Karur,Gandhigramam(Uzhavar Sandhai),Brinjal,Other,Local,06-09-2026,3500,4000,3750
Tamil Nadu,Karur,Gandhigramam(Uzhavar Sandhai),Cluster beans,Cluster Beans,Local,06-09-2026,3000,3500,3250
Tamil Nadu,Karur,Gandhigramam(Uzhavar Sandhai),Bitter gourd,Other,Local,06-09-2026,5500,6000,5750
Tamil Nadu,Karur,Gandhigramam(Uzhavar Sandhai),Ashgourd,Gouard,Local,06-09-2026,2200,2500,2350
Tamil Nadu,Karur,Gandhigramam(Uzhavar Sandhai),Bhindi(Ladies Finger),Bhindi,Local,06-09-2026,4000,4500,4250
Tamil Nadu,Karur,Gandhigramam(Uzhavar Sandhai),Amaranthus,Amaranthus,Local,06-09-2026,2000,2500,2250
Tamil Nadu,Karur,Gandhigramam(Uzhavar Sandhai),Green Avare(W),Other,Local,06-09-2026,7000,8000,7500
Tamil Nadu,Karur,Gandhigramam(Uzhavar Sandhai),Mint(Pudina),Mint(Pudina),Local,06-09-2026,5500,6000,5750
Karnataka,Bengaluru South,Ramanagara APMC,Ladies Finger,Ladies Finger,Local,06-09-2026,2000,3200,2400
Karnataka,Bengaluru South,Ramanagara APMC,Knool Khol,Knool Khol,Local,06-09-2026,2000,3000,2400
Karnataka,Bengaluru South,Ramanagara APMC,Ginger(Green),Green Ginger,Local,06-09-2026,5000,12500,8000
Karnataka,Bengaluru South,Ramanagara APMC,Cabbage,Cabbage,Local,06-09-2026,1000,1600,1200
Karnataka,Bengaluru South,Ramanagara APMC,Ridgeguard(Tori),Ridgeguard(Tori),Local,06-09-2026,2400,3600,3200
Karnataka,Bengaluru South,Ramanagara APMC,Drumstick,Drumstick,Local,06-09-2026,4000,6000,5000
Karnataka,Bengaluru South,Ramanagara APMC,Seemebadnekai,Seemebadanekai,Local,06-09-2026,2000,2500,2200
Tamil Nadu,Pudukkottai,Aranthangi(Uzhavar Sandhai ),Tomato,Other,Local,06-09-2026,3000,3500,3250
Tamil Nadu,Pudukkottai,Aranthangi(Uzhavar Sandhai ),Bitter gourd,Other,Local,06-09-2026,7000,8000,7500
Tamil Nadu,Pudukkottai,Aranthangi(Uzhavar Sandhai ),Bottle gourd,Bottle Gourd,Local,06-09-2026,2000,2500,2250
Keralam,Kozhikode(Calicut),Kunnamangalam  VFPCK Market,Banana,Nendra Bale,Grade A,06-09-2026,5200,6200,5700
Tamil Nadu,Nagapattinam,Vedaranyam(Uzhavar Sandhai),Snakeguard,Snakeguard,Local,06-09-2026,3500,4500,4000
Tamil Nadu,Nagapattinam,Vedaranyam(Uzhavar Sandhai),Potato,Red Nanital,Local,06-09-2026,4000,4500,4250
Tamil Nadu,Nagapattinam,Vedaranyam(Uzhavar Sandhai),Bhindi(Ladies Finger),Bhindi,Local,06-09-2026,4200,5000,4600
Tamil Nadu,Nagapattinam,Vedaranyam(Uzhavar Sandhai),Lime,Lime,Local,06-09-2026,3200,3200,3200
Tamil Nadu,Nagapattinam,Vedaranyam(Uzhavar Sandhai),Onion Green,Onion Green,Local,06-09-2026,6500,7200,6850
Tamil Nadu,Vellore,Perampet(Uzhavar Sandhai),Cabbage,Cabbage,Local,06-09-2026,3000,3000,3000
Tamil Nadu,Vellore,Perampet(Uzhavar Sandhai),Snakeguard,Snakeguard,Local,06-09-2026,2400,2400,2400
Tamil Nadu,Vellore,Perampet(Uzhavar Sandhai),Ridgeguard(Tori),Ridgeguard(Tori),Local,06-09-2026,3000,3600,3300
Tamil Nadu,Vellore,Perampet(Uzhavar Sandhai),Onion,Bellary,Local,06-09-2026,5000,5600,5300
Tamil Nadu,Vellore,Perampet(Uzhavar Sandhai),Potato,Red Nanital,Local,06-09-2026,3000,3000,3000
Tamil Nadu,Vellore,Perampet(Uzhavar Sandhai),Ashgourd,Gouard,Local,06-09-2026,2400,2400,2400
Tamil Nadu,Vellore,Perampet(Uzhavar Sandhai),Green Avare(W),Green Avare (W),Local,06-09-2026,5600,5600,5600
Tamil Nadu,Vellore,Perampet(Uzhavar Sandhai),Knool Khol,Knool Khol,Local,06-09-2026,4000,4600,4300
Tamil Nadu,Vellore,Perampet(Uzhavar Sandhai),Guava,Guava Allahabad,Local,06-09-2026,4000,4500,4250
Tamil Nadu,Vellore,Perampet(Uzhavar Sandhai),Elephant Yam(Suran)/Amorphophallus,Elephant Yam (Suran),Local,06-09-2026,6000,6000,6000
Tamil Nadu,Vellore,Perampet(Uzhavar Sandhai),Custard Apple(Sharifa),Custard Apple(Sharifa),Local,06-09-2026,5000,5000,5000
Tamil Nadu,Vellore,Perampet(Uzhavar Sandhai),Mint(Pudina),Mint(Pudina),Local,06-09-2026,4000,4000,4000
Madhya Pradesh,Badwani,Sendhwa(F&V) APMC,Green Chilli,Green Chilly,Medium,06-09-2026,800,1400,1100
Madhya Pradesh,Badwani,Sendhwa(F&V) APMC,Sponge gourd,Sponge gourd,Medium,06-09-2026,900,1200,1100
Maharashtra,Pune,Pune(Pimpri) ,Beetroot,Other,Local,06-09-2026,2000,2500,2250
Maharashtra,Pune,Pune(Pimpri) ,Bhindi(Ladies Finger),Other,Local,06-09-2026,4000,4000,4000
Maharashtra,Pune,Pune(Pimpri) ,Cauliflower,Other,Local,06-09-2026,1500,1500,1500
Maharashtra,Pune,Pune(Pimpri) ,Spinach,Other,Local,06-09-2026,7,9,8
Tamil Nadu,Karur,Kulithalai(Uzhavar Sandhai ),Snakeguard,Snakeguard,Local,06-09-2026,3000,3600,3300
Tamil Nadu,Karur,Kulithalai(Uzhavar Sandhai ),Beetroot,Beetroot,Local,06-09-2026,5500,6000,5750
Tamil Nadu,Karur,Kulithalai(Uzhavar Sandhai ),Mango,Neelam,Local,06-09-2026,5000,6000,5500
Tamil Nadu,Karur,Kulithalai(Uzhavar Sandhai ),Onion,Bellary,Local,06-09-2026,5600,6000,5800
Tamil Nadu,Karur,Kulithalai(Uzhavar Sandhai ),Potato,Other,Local,06-09-2026,5000,5500,5250
Tamil Nadu,Karur,Kulithalai(Uzhavar Sandhai ),Coriander(Leaves),I Sort,Local,06-09-2026,2500,3000,2750
Tamil Nadu,Karur,Kulithalai(Uzhavar Sandhai ),Cluster beans,Cluster Beans,Local,06-09-2026,3600,4000,3800
Tamil Nadu,Karur,Kulithalai(Uzhavar Sandhai ),Banana - Green,Banana - Green,Local,06-09-2026,2500,3000,2750
Tamil Nadu,Karur,Kulithalai(Uzhavar Sandhai ),Knool Khol,Knool Khol,Local,06-09-2026,4500,5000,4750
Tamil Nadu,Karur,Kulithalai(Uzhavar Sandhai ),Elephant Yam(Suran)/Amorphophallus,Elephant Yam (Suran),Local,06-09-2026,5000,5500,5250
Tamil Nadu,Karur,Kulithalai(Uzhavar Sandhai ),Colacasia,Colacasia,Local,06-09-2026,5500,6000,5750
Tamil Nadu,Karur,Kulithalai(Uzhavar Sandhai ),Amla(Nelli Kai),Amla,Local,06-09-2026,7500,8000,7750
Tamil Nadu,Karur,Kulithalai(Uzhavar Sandhai ),Onion Green,Onion Green,Local,06-09-2026,7500,8000,7750
Tamil Nadu,Chengalpattu,Guduvancheri(Uzhavar Sandhai ),Coconut,Coconut,Local,06-09-2026,6000,7000,6500
Tamil Nadu,Chengalpattu,Guduvancheri(Uzhavar Sandhai ),Banana,Poovan,Local,06-09-2026,4000,5000,4500
Tamil Nadu,Chengalpattu,Guduvancheri(Uzhavar Sandhai ),Potato,Other,Local,06-09-2026,2500,3000,2750
Tamil Nadu,Chengalpattu,Guduvancheri(Uzhavar Sandhai ),Mousambi(Sweet Lime),Mousambi,Local,06-09-2026,6000,7000,6500
Tamil Nadu,Chengalpattu,Guduvancheri(Uzhavar Sandhai ),Pumpkin,Pumpkin,Local,06-09-2026,2500,3000,2750
Tamil Nadu,Chengalpattu,Guduvancheri(Uzhavar Sandhai ),Amaranthus,Amaranthus,Local,06-09-2026,2500,3000,2750
Tamil Nadu,Chengalpattu,Guduvancheri(Uzhavar Sandhai ),Guava,Guava Allahabad,Local,06-09-2026,5000,6000,5500
Tamil Nadu,Chengalpattu,Guduvancheri(Uzhavar Sandhai ),Tender Coconut,Tender Coconut,Local,06-09-2026,2500,3000,2750
Tamil Nadu,Chengalpattu,Guduvancheri(Uzhavar Sandhai ),Lemon,Lemon,Local,06-09-2026,24000,26000,25000
Tamil Nadu,Thirupur,Dharapuram(Uzhavar Sandhai ),Banana,Besrai,Local,06-09-2026,4500,5000,4750
Tamil Nadu,Thirupur,Dharapuram(Uzhavar Sandhai ),Potato,Other,Local,06-09-2026,5500,6000,5750
Tamil Nadu,Thirupur,Dharapuram(Uzhavar Sandhai ),Tomato,Local,Local,06-09-2026,1400,1800,1600
Tamil Nadu,Thirupur,Dharapuram(Uzhavar Sandhai ),Lemon,Lemon,Local,06-09-2026,22000,24000,23000
Tamil Nadu,Thirupur,Dharapuram(Uzhavar Sandhai ),Onion Green,Onion Green,Local,06-09-2026,6000,7000,6500
Tamil Nadu,Thirupur,Palladam(Uzhavar Sandhai ),Cabbage,Cabbage,Local,06-09-2026,2500,3000,2750
Tamil Nadu,Thirupur,Palladam(Uzhavar Sandhai ),Snakeguard,Snakeguard,Local,06-09-2026,3500,4000,3750
Tamil Nadu,Thirupur,Palladam(Uzhavar Sandhai ),Cluster beans,Cluster Beans,Local,06-09-2026,3500,4000,3750
Tamil Nadu,Thirupur,Palladam(Uzhavar Sandhai ),Bottle gourd,Bottle Gourd,Local,06-09-2026,1500,2000,1750
Tamil Nadu,Thirupur,Palladam(Uzhavar Sandhai ),Green Chilli,Green Chilly,Local,06-09-2026,3500,4000,3750
Tamil Nadu,Thirupur,Palladam(Uzhavar Sandhai ),Beans,Beans (Whole),Local,06-09-2026,7000,7500,7250
Tamil Nadu,Thirupur,Palladam(Uzhavar Sandhai ),Thondekai,Thondekai,Local,06-09-2026,3500,4000,3750
Tamil Nadu,Thirupur,Palladam(Uzhavar Sandhai ),Guava,Guava Allahabad,Local,06-09-2026,4000,5000,4500
Tamil Nadu,Thirupur,Palladam(Uzhavar Sandhai ),Lemon,Lemon,Local,06-09-2026,18000,19000,18500
Telangana,Ranga Reddy,"Saroornagar,RBZ",Bitter gourd,Other,Medium,06-09-2026,2600,2600,2600
Telangana,Ranga Reddy,"Saroornagar,RBZ",Cabbage,Other,Medium,06-09-2026,1400,1400,1400
Telangana,Ranga Reddy,"Saroornagar,RBZ",Bottle gourd,Bottle Gourd,Medium,06-09-2026,800,800,800
Telangana,Ranga Reddy,"Saroornagar,RBZ",Colacasia,Colacasia,Medium,06-09-2026,2800,2800,2800
Telangana,Ranga Reddy,"Saroornagar,RBZ",Field Bean(Anumulu),Field Bean(Anumulu),Grade B,06-09-2026,4000,4000,4000
Telangana,Ranga Reddy,"Saroornagar,RBZ",Green Chilli,Other,Medium,06-09-2026,2800,2800,2800
Uttar Pradesh,Sitapur,Hargaon (Laharpur) APMC,Wood,Other,FAQ,06-09-2026,510,510,510
Uttar Pradesh,Raebarelli,Jayas APMC,Onion,Other,FAQ,06-09-2026,2500,2500,2500
Tamil Nadu,Kallakuruchi,Kallakurichi(Uzhavar Sandhai ),Coconut,Coconut,Local,06-09-2026,6000,6000,6000
Tamil Nadu,Kallakuruchi,Kallakurichi(Uzhavar Sandhai ),Cabbage,Cabbage,Local,06-09-2026,4000,4000,4000
Tamil Nadu,Kallakuruchi,Kallakurichi(Uzhavar Sandhai ),Coriander(Leaves),I Sort,Local,06-09-2026,6000,6000,6000
Tamil Nadu,Kallakuruchi,Kallakurichi(Uzhavar Sandhai ),Papaya,Papaya,Local,06-09-2026,3500,3500,3500
Tamil Nadu,Kallakuruchi,Kallakurichi(Uzhavar Sandhai ),Water Melon,Water Melon,Local,06-09-2026,1000,1000,1000
Tamil Nadu,Kallakuruchi,Kallakurichi(Uzhavar Sandhai ),Pumpkin,Pumpkin,Local,06-09-2026,2500,2500,2500
Tamil Nadu,Kallakuruchi,Kallakurichi(Uzhavar Sandhai ),Bhindi(Ladies Finger),Bhindi,Local,06-09-2026,2500,2500,2500
Tamil Nadu,Kallakuruchi,Kallakurichi(Uzhavar Sandhai ),Amaranthus,Amaranthus,Local,06-09-2026,3000,3000,3000
Tamil Nadu,Kallakuruchi,Kallakurichi(Uzhavar Sandhai ),Raddish,Raddish,Local,06-09-2026,5000,5000,5000
Tamil Nadu,Kallakuruchi,Kallakurichi(Uzhavar Sandhai ),Capsicum,Capsicum,Local,06-09-2026,9000,9000,9000
Tamil Nadu,Kallakuruchi,Kallakurichi(Uzhavar Sandhai ),Guava,Guava Allahabad,Local,06-09-2026,6000,6000,6000
Tamil Nadu,Kallakuruchi,Kallakurichi(Uzhavar Sandhai ),Lemon,Lemon,Local,06-09-2026,7000,7000,7000
Tamil Nadu,Kallakuruchi,Kallakurichi(Uzhavar Sandhai ),Amla(Nelli Kai),Amla,Local,06-09-2026,10000,10000,10000
Tamil Nadu,Kallakuruchi,Kallakurichi(Uzhavar Sandhai ),Onion Green,Onion Green,Local,06-09-2026,7000,7000,7000
Uttar Pradesh,Mathura,Mathura APMC,Potato,Other,FAQ,06-09-2026,500,700,541.46
Uttar Pradesh,Gonda,Nawabganj APMC,Firewood,Firewood,FAQ,06-09-2026,250,250,250
Andhra Pradesh,Anakapally,Payakaraopeta APMC,Cashewnuts,Local(Raw),Local,06-09-2026,10000,11000,10500
Andhra Pradesh,Markapuram,Podili APMC,Red gram/Arhar/Tur(whole),Arhar (Whole),FAQ,06-09-2026,8000,8200,8100
Tamil Nadu,Salem,Athur(Uzhavar Sandhai ),Coconut,Coconut,Local,06-09-2026,6000,6500,6250
Tamil Nadu,Salem,Athur(Uzhavar Sandhai ),Sweet Potato,Hosur Red,Local,06-09-2026,4500,5000,4750
Tamil Nadu,Salem,Athur(Uzhavar Sandhai ),Carrot,Pusakesar,Local,06-09-2026,6000,6400,6200
Tamil Nadu,Salem,Athur(Uzhavar Sandhai ),Banana,Red Banana,Local,06-09-2026,7000,7500,7250
Tamil Nadu,Salem,Athur(Uzhavar Sandhai ),Potato,Other,Local,06-09-2026,5000,5500,5250
Tamil Nadu,Salem,Athur(Uzhavar Sandhai ),Garlic,Garlic,Local,06-09-2026,20000,22000,21000
Tamil Nadu,Salem,Athur(Uzhavar Sandhai ),Bottle gourd,Bottle Gourd,Local,06-09-2026,2200,2500,2350
Tamil Nadu,Salem,Athur(Uzhavar Sandhai ),Ashgourd,Gouard,Local,06-09-2026,2200,2500,2350
Tamil Nadu,Salem,Athur(Uzhavar Sandhai ),Ginger(Green),Green Ginger,Local,06-09-2026,16000,17000,16500
Tamil Nadu,Salem,Athur(Uzhavar Sandhai ),Jack Fruit(Ripe),Jack Fruit,Local,06-09-2026,2500,3000,2750
Tamil Nadu,Salem,Athur(Uzhavar Sandhai ),Tender Coconut,Tender Coconut,Local,06-09-2026,2500,3000,2750
Tamil Nadu,Salem,Athur(Uzhavar Sandhai ),Amla(Nelli Kai),Amla,Local,06-09-2026,7000,8000,7500
Tamil Nadu,Salem,Athur(Uzhavar Sandhai ),Mint(Pudina),Mint(Pudina),Local,06-09-2026,3500,4000,3750
Uttar Pradesh,Pratapgarh,Pratapgarh APMC,Paddy(Common),Common,FAQ,06-09-2026,2200,2200,2200
Tamil Nadu,Theni,Periyakulam(Uzhavar Sandhai ),Carrot,Pusakesar,Local,06-09-2026,5000,5400,5200
Tamil Nadu,Theni,Periyakulam(Uzhavar Sandhai ),Onion,Bellary,Local,06-09-2026,5800,6000,5900
Tamil Nadu,Theni,Periyakulam(Uzhavar Sandhai ),Cluster beans,Cluster Beans,Local,06-09-2026,2200,2400,2300
Tamil Nadu,Theni,Periyakulam(Uzhavar Sandhai ),Bitter gourd,Other,Local,06-09-2026,3400,3600,3500
Tamil Nadu,Theni,Periyakulam(Uzhavar Sandhai ),Banana - Green,Banana - Green,Local,06-09-2026,3000,3500,3250
Tamil Nadu,Theni,Periyakulam(Uzhavar Sandhai ),Drumstick,Drumstick,Local,06-09-2026,2500,3000,2750
Tamil Nadu,Theni,Periyakulam(Uzhavar Sandhai ),Knool Khol,Knool Khol,Local,06-09-2026,2800,3000,2900
Tamil Nadu,Theni,Periyakulam(Uzhavar Sandhai ),Elephant Yam(Suran)/Amorphophallus,Elephant Yam (Suran),Local,06-09-2026,3800,4000,3900
Tamil Nadu,Virudhunagar,Srivilliputhur(Uzhavar Sandhai ),Coriander(Leaves),I Sort,Local,06-09-2026,3500,4000,3750
Tamil Nadu,Virudhunagar,Srivilliputhur(Uzhavar Sandhai ),Ashgourd,Gouard,Local,06-09-2026,2500,3000,2750
Tamil Nadu,Virudhunagar,Srivilliputhur(Uzhavar Sandhai ),Pumpkin,Pumpkin,Local,06-09-2026,2000,2500,2250
Tamil Nadu,Virudhunagar,Srivilliputhur(Uzhavar Sandhai ),Bhindi(Ladies Finger),Bhindi,Local,06-09-2026,3000,3500,3250
Tamil Nadu,Virudhunagar,Srivilliputhur(Uzhavar Sandhai ),Ginger(Green),Green Ginger,Local,06-09-2026,17000,18000,17500
Tamil Nadu,Virudhunagar,Srivilliputhur(Uzhavar Sandhai ),Thondekai,Thondekai,Local,06-09-2026,5000,6000,5500
Tamil Nadu,Virudhunagar,Srivilliputhur(Uzhavar Sandhai ),Yam(Ratalu),Yam (Ratalu),Local,06-09-2026,7000,8000,7500
Tamil Nadu,Virudhunagar,Srivilliputhur(Uzhavar Sandhai ),Onion Green,Onion Green,Local,06-09-2026,7000,8000,7500
Uttar Pradesh,Kanpur Dehat,Rura APMC,Wheat,Medium,FAQ,06-09-2026,2500,2600,2545.7
Uttar Pradesh,Prayagraj,Prayagraj APMC,Onion,Other,FAQ,06-09-2026,3100,3200,3111.11
Uttar Pradesh,Prayagraj,Prayagraj APMC,Tomato,Other,FAQ,06-09-2026,2000,2000,2000
Uttar Pradesh,Raebarelli,Raibareilly APMC,Wood,Eucalyptus,FAQ,06-09-2026,550,550,550
Rajasthan,Rajsamand,Rajsamand APMC,Tomato,Tomato,FAQ,06-09-2026,2500,3000,2750
Uttar Pradesh,Shamli,Shamli APMC,Tomato,Other,FAQ,06-09-2026,2600,3000,2800
Uttar Pradesh,Shamli,Shamli APMC,Green Chilli,Other,FAQ,06-09-2026,3500,3500,3500
Uttar Pradesh,Shamli,Shamli APMC,Onion,Other,FAQ,06-09-2026,4500,5000,4666.67
Uttar Pradesh,Firozabad,Sirsaganj APMC,Maize,Other,FAQ,06-09-2026,2185,2195,2189.88
Uttar Pradesh,Badaun,Ujhani APMC,Potato,Other,FAQ,06-09-2026,550,550,550
Punjab,Sangrur,Bhawanigarh APMC,Banana,Medium,Local,06-09-2026,2800,3000,2900
Punjab,Sangrur,Bhawanigarh APMC,Papaya,Other,Local,06-09-2026,2800,3000,2900
Punjab,Sangrur,Bhawanigarh APMC,Pomegranate,Other,Medium,06-09-2026,8000,9000,8500
Punjab,Sangrur,Bhawanigarh APMC,Pineapple,Other,Medium,06-09-2026,7000,7500,7250
Punjab,Sangrur,Bhawanigarh APMC,Colacasia,Other,Large,06-09-2026,2500,2700,2600
Punjab,Sangrur,Bhawanigarh APMC,Cabbage,Other,Local,06-09-2026,2500,2700,2600
Punjab,Sangrur,Bhawanigarh APMC,Brinjal,Other,Medium,06-09-2026,2500,2700,2600
Punjab,Sangrur,Bhawanigarh APMC,Capsicum,Other,Medium,06-09-2026,3500,3500,3500
Punjab,Sangrur,Bhawanigarh APMC,Raddish,Other,Local,06-09-2026,2000,2200,2100
Punjab,Sangrur,Bhawanigarh APMC,Bitter gourd,Other,Local,06-09-2026,2000,2200,2100
Punjab,Sangrur,Bhawanigarh APMC,Ridgeguard(Tori),Other,Local,06-09-2026,3000,3000,3000
Odisha,Kalahandi,Mukhiguda APMC,Cabbage,Cabbage,Grade B,06-09-2026,2400,2700,2550
Odisha,Kalahandi,Mukhiguda APMC,Ridgeguard(Tori),Other,Grade B,06-09-2026,3000,3300,3150
West Bengal,North 24 Parganas,Habra APMC,Potato,Jyoti,FAQ,06-09-2026,960,1000,960
West Bengal,North 24 Parganas,Habra APMC,Pumpkin,Other,FAQ,06-09-2026,2200,2400,2300
West Bengal,Murshidabad,Jangipur APMC,Wheat,Deshi,FAQ,06-09-2026,2525,2650,2600
West Bengal,Murshidabad,Jangipur APMC,Garlic,Other,FAQ,06-09-2026,9800,10000,9900
Punjab,Amritsar,Chogawan APMC,Bitter gourd,Bitter Gourd,Grade A,06-09-2026,1360,1360,1360
West Bengal,Bankura,Khatra APMC,Bottle gourd,Bottle Gourd,FAQ,06-09-2026,1300,1800,1500
Tripura,North Tripura,Dasda APMC,Rice,Other,FAQ,06-09-2026,3250,3350,3300
Andhra Pradesh,Annamayya,Mulakalacheruvu APMC,Tomato,Local,FAQ,06-09-2026,1200,2000,1700
Tamil Nadu,Coimbatore,Vadavalli(Uzhavar Sandhai ),Coconut,Coconut,Local,06-09-2026,5500,6000,5750
Tamil Nadu,Coimbatore,Vadavalli(Uzhavar Sandhai ),Beetroot,Beetroot,Local,06-09-2026,5400,5800,5600
Tamil Nadu,Coimbatore,Vadavalli(Uzhavar Sandhai ),Ridgeguard(Tori),Ridgeguard(Tori),Local,06-09-2026,3400,4000,3700
Tamil Nadu,Coimbatore,Vadavalli(Uzhavar Sandhai ),Cauliflower,Ranchi,Local,06-09-2026,4400,4800,4600
Tamil Nadu,Coimbatore,Vadavalli(Uzhavar Sandhai ),Mousambi(Sweet Lime),Mousambi,Local,06-09-2026,4000,5000,4500
Tamil Nadu,Coimbatore,Vadavalli(Uzhavar Sandhai ),Beans,Beans (Whole),Local,06-09-2026,6500,7500,7000
Tamil Nadu,Coimbatore,Vadavalli(Uzhavar Sandhai ),Tapioca,Tapioca,Local,06-09-2026,2800,3200,3000
Tamil Nadu,Coimbatore,Vadavalli(Uzhavar Sandhai ),Ginger(Green),Green Ginger,Local,06-09-2026,14500,15500,15000
Tamil Nadu,Coimbatore,Vadavalli(Uzhavar Sandhai ),Raddish,Raddish,Local,06-09-2026,2400,2800,2600
Tamil Nadu,Coimbatore,Vadavalli(Uzhavar Sandhai ),Green Avare(W),Other,Local,06-09-2026,5000,5800,5400
Tamil Nadu,Coimbatore,Vadavalli(Uzhavar Sandhai ),Karbuja(Musk Melon),Karbhuja,Local,06-09-2026,3500,4000,3750
West Bengal,Darjeeling,Darjeeling APMC,Squash(Chappal Kadoo),Other,FAQ,06-09-2026,2000,2200,2100
Tamil Nadu,Dindigul,Vedasanthur(Uzhavar Sandhai ),Snakeguard,Snakeguard,Local,06-09-2026,1500,2000,1750
Tamil Nadu,Dindigul,Vedasanthur(Uzhavar Sandhai ),Onion,Bellary,Local,06-09-2026,5000,6000,5500
Tamil Nadu,Dindigul,Vedasanthur(Uzhavar Sandhai ),Brinjal,Other,Local,06-09-2026,5000,6000,5500
Tamil Nadu,Dindigul,Vedasanthur(Uzhavar Sandhai ),Drumstick,Drumstick,Local,06-09-2026,1500,2000,1750
Uttar Pradesh,Sitapur,Mishrit APMC,Wood,Other,FAQ,06-09-2026,490,490,490
Haryana,Kaithal,Dhand APMC,Apple,Other,Medium,06-09-2026,7000,9000,8500
Haryana,Kaithal,Dhand APMC,Banana,Other,Medium,06-09-2026,3500,4000,3800
Tamil Nadu,Coimbatore,Udumalpet APMC,Brinjal,Other,Local,06-09-2026,4000,4500,4250
Tamil Nadu,Coimbatore,Udumalpet APMC,Pumpkin,Pumpkin,Local,06-09-2026,1500,2000,1750
Tamil Nadu,Coimbatore,Udumalpet APMC,Tapioca,Tapioca,Local,06-09-2026,3500,4000,3750
Tamil Nadu,Coimbatore,Udumalpet APMC,Ginger(Green),Green Ginger,Local,06-09-2026,15000,16000,15500
Tamil Nadu,Coimbatore,Udumalpet APMC,Drumstick,Drumstick,Local,06-09-2026,2000,2500,2250
Tamil Nadu,Coimbatore,Udumalpet APMC,Mint(Pudina),Mint(Pudina),Local,06-09-2026,5000,5500,5250
Tamil Nadu,Coimbatore,Udumalpet APMC,Sweet Corn ,Sweet Corn ,Local,06-09-2026,4500,5000,4750
Himachal Pradesh,Kullu,SMY Chauri Bihal,Potato,Other,Grade Range-1,06-09-2026,2000,2600,2200
Himachal Pradesh,Kullu,SMY Chauri Bihal,Tomato,Other,Grade Range-1,06-09-2026,1000,3000,2000
Himachal Pradesh,Kullu,SMY Chauri Bihal,Cabbage,Other,Grade Range-1,06-09-2026,1900,2000,1950
Himachal Pradesh,Kullu,SMY Chauri Bihal,Onion,Other,Grade Range-1,06-09-2026,5000,5200,5100
Himachal Pradesh,Kullu,SMY Patli Kulh,Apple,Other,Grade Range-1,06-09-2026,1000,8600,6000
Madhya Pradesh,Alirajpur,Alirajpur APMC,Bengal Gram(Gram)(Whole),Gram,FAQ,06-09-2026,5000,5000,5000
West Bengal,Darjeeling,Siliguri APMC,Tomato,Tomato,FAQ,06-09-2026,3000,3200,3100
Madhya Pradesh,Khargone,Bhikangaon APMC,Maize,Local,FAQ,06-09-2026,2470,2470,2470
Tamil Nadu,Erode,Gobichettipalayam(Uzhavar Sandhai ),Papaya,Papaya,Local,06-09-2026,3000,3400,3200
Tamil Nadu,Erode,Gobichettipalayam(Uzhavar Sandhai ),Tomato,Deshi,Local,06-09-2026,2400,3000,2700
Tamil Nadu,Erode,Gobichettipalayam(Uzhavar Sandhai ),Cluster beans,Cluster Beans,Local,06-09-2026,2500,2800,2650
Tamil Nadu,Erode,Gobichettipalayam(Uzhavar Sandhai ),Bottle gourd,Bottle Gourd,Local,06-09-2026,1500,1800,1650
Tamil Nadu,Erode,Gobichettipalayam(Uzhavar Sandhai ),Banana - Green,Banana - Green,Local,06-09-2026,2500,3000,2750
Tamil Nadu,Erode,Gobichettipalayam(Uzhavar Sandhai ),Chow Chow,Chow Chow,Local,06-09-2026,2600,3000,2800
West Bengal,Puruliya,Balarampur APMC,Mustard Oil,Other,FAQ,06-09-2026,19200,19800,19500
Tamil Nadu,Erode,Sampath Nagar(Uzhavar Sandhai ),Coconut,Coconut,Local,06-09-2026,5000,5400,5200
Tamil Nadu,Erode,Sampath Nagar(Uzhavar Sandhai ),Snakeguard,Snakeguard,Local,06-09-2026,2500,2800,2650
Tamil Nadu,Erode,Sampath Nagar(Uzhavar Sandhai ),Ridgeguard(Tori),Ridgeguard(Tori),Local,06-09-2026,4000,4500,4250
Tamil Nadu,Erode,Sampath Nagar(Uzhavar Sandhai ),Bitter gourd,Other,Local,06-09-2026,4000,4200,4100
Tamil Nadu,Erode,Sampath Nagar(Uzhavar Sandhai ),Bhindi(Ladies Finger),Bhindi,Local,06-09-2026,2200,2600,2400
Tamil Nadu,Erode,Sampath Nagar(Uzhavar Sandhai ),Banana - Green,Banana - Green,Local,06-09-2026,3000,3500,3250
Tamil Nadu,Erode,Sampath Nagar(Uzhavar Sandhai ),Tapioca,Tapioca,Local,06-09-2026,2000,2500,2250
Tamil Nadu,Erode,Sampath Nagar(Uzhavar Sandhai ),Ginger(Green),Green Ginger,Local,06-09-2026,14500,15000,14750
Tamil Nadu,Erode,Sampath Nagar(Uzhavar Sandhai ),Capsicum,Capsicum,Local,06-09-2026,4200,4600,4400
Tamil Nadu,Erode,Sampath Nagar(Uzhavar Sandhai ),Green Avare(W),Other,Local,06-09-2026,5200,5600,5400
Himachal Pradesh,Kullu,SMY Bandrol,Tomato,Other,FAQ,06-09-2026,1000,2200,1700
Madhya Pradesh,Gwalior,Lashkar APMC,Wheat,Wheat,FAQ,06-09-2026,2660,2705,2705
Madhya Pradesh,Gwalior,Lashkar APMC,Mustard,Mustard,FAQ,06-09-2026,7700,7840,7840
Tripura,Khowai,Kalyanpur APMC,Banana,Champa,Medium,06-09-2026,2000,2200,2100
Tripura,Khowai,Kalyanpur APMC,Sponge gourd,Sponge gourd,FAQ,06-09-2026,3500,3700,3600
Tripura,Khowai,Kalyanpur APMC,Onion,Nasik,FAQ,06-09-2026,5000,5100,5050
Tamil Nadu,Vellore,Pallikonda(Uzhavar Sandhai),Cabbage,Cabbage,Local,06-09-2026,2500,2500,2500
Tamil Nadu,Vellore,Pallikonda(Uzhavar Sandhai),Potato,Red Nanital,Local,06-09-2026,3000,3500,3250
Tamil Nadu,Vellore,Pallikonda(Uzhavar Sandhai),Banana - Green,Banana - Green,Local,06-09-2026,2500,3000,2750
Tamil Nadu,Vellore,Pallikonda(Uzhavar Sandhai),Guava,Guava Allahabad,Local,06-09-2026,4500,5000,4750
Andhra Pradesh,Kakinada,Samalkot APMC,Paddy(Common),Paddy,FAQ,06-09-2026,2369,2380,2369
Tamil Nadu,Pudukkottai,Ponnamaravathi(Uzhavar Sandhai),Snakeguard,Snakeguard,Local,06-09-2026,3000,3500,3250
Tamil Nadu,Pudukkottai,Ponnamaravathi(Uzhavar Sandhai),Onion,Bellary,Local,06-09-2026,5500,6000,5750
Tamil Nadu,Pudukkottai,Ponnamaravathi(Uzhavar Sandhai),Green Chilli,Green Chilly,Local,06-09-2026,6500,7000,6750
Tamil Nadu,Pudukkottai,Ponnamaravathi(Uzhavar Sandhai),Raddish,Raddish,Local,06-09-2026,3500,4000,3750
Tamil Nadu,Pudukkottai,Ponnamaravathi(Uzhavar Sandhai),Drumstick,Drumstick,Local,06-09-2026,4500,5000,4750
Tamil Nadu,Pudukkottai,Ponnamaravathi(Uzhavar Sandhai),Lime,Lime,Local,06-09-2026,1500,2000,1750
Odisha,Kalahandi,Bhawanipatna APMC,Bhindi(Ladies Finger),Bhindi,Local,06-09-2026,2800,2800,2800
Keralam,Malappuram,Manjeri Market,Banana - Green,Other,Local,06-09-2026,3650,3750,3700
Tamil Nadu,Nagapattinam,Mayiladuthurai(Uzhavar Sandhai ),Ridgeguard(Tori),Ridgeguard(Tori),Local,06-09-2026,6000,7000,6500
Tamil Nadu,Nagapattinam,Mayiladuthurai(Uzhavar Sandhai ),Cluster beans,Cluster Beans,Local,06-09-2026,4500,5000,4750
Tamil Nadu,Nagapattinam,Mayiladuthurai(Uzhavar Sandhai ),Pumpkin,Pumpkin,Local,06-09-2026,1500,2000,1750
Tamil Nadu,Nagapattinam,Mayiladuthurai(Uzhavar Sandhai ),Mango(Raw-Ripe),Mango - Raw-Ripe,Local,06-09-2026,6000,7000,6500
Tamil Nadu,Nagapattinam,Mayiladuthurai(Uzhavar Sandhai ),Yam(Ratalu),Yam (Ratalu),Local,06-09-2026,8000,9000,8500
Tamil Nadu,Nagapattinam,Mayiladuthurai(Uzhavar Sandhai ),Onion Green,Onion Green,Local,06-09-2026,5500,6000,5750
Uttar Pradesh,Hardoi,Hardoi APMC,Green Chilli,Other,FAQ,06-09-2026,2000,2000,2000
Uttar Pradesh,Lucknow,Lucknow APMC,Wood,Other,FAQ,06-09-2026,600,600,600
Tamil Nadu,Pudukkottai,Viralimalai(Uzhavar Sandhai ),Snakeguard,Snakeguard,Local,06-09-2026,3000,3500,3250
Tamil Nadu,Pudukkottai,Viralimalai(Uzhavar Sandhai ),Green Avare(W),Other,Local,06-09-2026,6000,7000,6500
Tamil Nadu,Pudukkottai,Viralimalai(Uzhavar Sandhai ),Lemon,Lemon,Local,06-09-2026,18000,20000,19000
Tamil Nadu,Ramanathapuram,Kamuthi(Uzhavar Sandhai ),Tomato,Deshi,Local,06-09-2026,2500,3000,2750
Tamil Nadu,Ramanathapuram,Kamuthi(Uzhavar Sandhai ),Bhindi(Ladies Finger),Bhindi,Local,06-09-2026,5500,6000,5750
Tamil Nadu,Ramanathapuram,Paramakudi(Uzhavar Sandhai ),Ashgourd,Gouard,Local,06-09-2026,2500,2800,2650
Tamil Nadu,Ramanathapuram,Paramakudi(Uzhavar Sandhai ),Green Avare(W),Green Avare (W),Local,06-09-2026,7500,8000,7750
Tamil Nadu,Ramanathapuram,Ramanathapuram(Uzhavar Sandhai ),Snakeguard,Snakeguard,Local,06-09-2026,5000,5500,5250
Tamil Nadu,Ramanathapuram,Ramanathapuram(Uzhavar Sandhai ),Tender Coconut,Tender Coconut,Local,06-09-2026,6000,6500,6250
Tamil Nadu,Ramanathapuram,Ramanathapuram(Uzhavar Sandhai ),Jasmine,Jasmine,Local,06-09-2026,90000,95000,92500
Tamil Nadu,Pudukkottai,Alangudi(Uzhavar Sandhai ),Ashgourd,Gouard,Local,06-09-2026,1000,1500,1250
Tamil Nadu,Thiruvannamalai,Arani(Uzhavar Sandhai ),Onion,Bellary,Local,06-09-2026,5000,6000,5500
Tamil Nadu,Thiruvannamalai,Arani(Uzhavar Sandhai ),Brinjal,Round,Local,06-09-2026,4000,4800,4400
Tamil Nadu,Thiruvannamalai,Arani(Uzhavar Sandhai ),Coriander(Leaves),I Sort,Local,06-09-2026,4000,5000,4500
Tamil Nadu,Thiruvannamalai,Arani(Uzhavar Sandhai ),Papaya,Papaya,Local,06-09-2026,3000,4000,3500
Tamil Nadu,Thiruvannamalai,Arani(Uzhavar Sandhai ),Bitter gourd,Bitter Gourd,Local,06-09-2026,4000,4800,4400
Tamil Nadu,Thiruvannamalai,Arani(Uzhavar Sandhai ),Bottle gourd,Bottle Gourd,Local,06-09-2026,2000,2400,2200
Tamil Nadu,Thiruvannamalai,Arani(Uzhavar Sandhai ),Chow Chow,Chow Chow,Local,06-09-2026,2500,3000,2750
Tamil Nadu,Thiruvannamalai,Arani(Uzhavar Sandhai ),Knool Khol,Knool Khol,Local,06-09-2026,3500,4200,3850
Tamil Nadu,Thiruvannamalai,Arani(Uzhavar Sandhai ),Onion Green,Onion Green,Local,06-09-2026,5000,6000,5500
Tamil Nadu,Thiruvannamalai,Arani(Uzhavar Sandhai ),Mint(Pudina),Mint(Pudina),Local,06-09-2026,4000,4500,4250
Tamil Nadu,Thiruvannamalai,Polur(Uzhavar Sandhai ),Coconut,Coconut,Local,06-09-2026,4000,4500,4250
Tamil Nadu,Thiruvannamalai,Polur(Uzhavar Sandhai ),Ridgeguard(Tori),Ridgeguard(Tori),Local,06-09-2026,4000,4800,4400
Tamil Nadu,Thiruvannamalai,Polur(Uzhavar Sandhai ),Mango,Safeda,Local,06-09-2026,10000,12000,11000
Tamil Nadu,Thiruvannamalai,Polur(Uzhavar Sandhai ),Onion,Bellary,Local,06-09-2026,5000,6000,5500
Tamil Nadu,Thiruvannamalai,Polur(Uzhavar Sandhai ),Potato,Red Nanital,Local,06-09-2026,3300,4000,3650
Tamil Nadu,Thiruvannamalai,Polur(Uzhavar Sandhai ),Garlic,Garlic,Local,06-09-2026,20000,24000,22000
Tamil Nadu,Thiruvannamalai,Polur(Uzhavar Sandhai ),Bitter gourd,Bitter Gourd,Local,06-09-2026,4000,4800,4400
Tamil Nadu,Thiruvannamalai,Polur(Uzhavar Sandhai ),Bhindi(Ladies Finger),Bhindi,Local,06-09-2026,3300,4000,3650
Tamil Nadu,Thiruvannamalai,Polur(Uzhavar Sandhai ),Banana - Green,Banana - Green,Local,06-09-2026,1600,2000,1800
Tamil Nadu,Thiruvannamalai,Polur(Uzhavar Sandhai ),Ginger(Green),Green Ginger,Local,06-09-2026,16000,20000,18000
Tamil Nadu,Thiruvannamalai,Polur(Uzhavar Sandhai ),Raddish,Raddish,Local,06-09-2026,2500,3000,2750
Tamil Nadu,Thiruvannamalai,Polur(Uzhavar Sandhai ),Marigold(Calcutta),Marigold(Calcutta),Local,06-09-2026,12000,15000,13500
Tamil Nadu,Thiruvannamalai,Polur(Uzhavar Sandhai ),Onion Green,Onion Green,Local,06-09-2026,5000,6000,5500
Tamil Nadu,Thiruvannamalai,Tiruvannamalai(Uzhavar Sandhai ),Coconut,Coconut,Local,06-09-2026,4000,5000,4500
Tamil Nadu,Thiruvannamalai,Tiruvannamalai(Uzhavar Sandhai ),Grapes,Annabesahai,Local,06-09-2026,8000,10000,9000
Tamil Nadu,Thiruvannamalai,Tiruvannamalai(Uzhavar Sandhai ),Onion,Bellary,Local,06-09-2026,5000,6000,5500
Tamil Nadu,Thiruvannamalai,Tiruvannamalai(Uzhavar Sandhai ),Amaranthus,Amaranthus,Local,06-09-2026,3500,4000,3750
Tamil Nadu,Thiruvannamalai,Tiruvannamalai(Uzhavar Sandhai ),Mango(Raw-Ripe),Mango - Raw-Ripe,Local,06-09-2026,12000,14000,13000
Tamil Nadu,Thiruvannamalai,Tiruvannamalai(Uzhavar Sandhai ),Lime,Lime,Local,06-09-2026,3500,4000,3750
Tamil Nadu,Thiruvannamalai,Tiruvannamalai(Uzhavar Sandhai ),Mashrooms,Mashrooms,Local,06-09-2026,20000,25000,22500
Tamil Nadu,Thiruvannamalai,Tiruvannamalai(Uzhavar Sandhai ),Onion Green,Onion Green,Local,06-09-2026,7000,8000,7500
Tamil Nadu,Thiruvarur,Mannargudi I(Uzhavar Sandhai ),Apple,American,Local,06-09-2026,12000,18000,15000
Tamil Nadu,Thiruvarur,Mannargudi I(Uzhavar Sandhai ),Mango,Safeda,Local,06-09-2026,16000,16000,16000
Tamil Nadu,Thiruvarur,Mannargudi I(Uzhavar Sandhai ),Onion,Bellary,Local,06-09-2026,5600,7000,6300
Tamil Nadu,Thiruvarur,Mannargudi I(Uzhavar Sandhai ),Bitter gourd,Bitter Gourd,Local,06-09-2026,6000,6000,6000
Tamil Nadu,Thiruvarur,Mannargudi I(Uzhavar Sandhai ),Ashgourd,Gouard,Local,06-09-2026,3000,3000,3000
Tamil Nadu,Thiruvarur,Mannargudi I(Uzhavar Sandhai ),Pumpkin,Pumpkin,Local,06-09-2026,2800,2800,2800
Tamil Nadu,Thiruvarur,Mannargudi I(Uzhavar Sandhai ),Banana - Green,Banana - Green,Local,06-09-2026,4800,4800,4800
Tamil Nadu,Thiruvarur,Mannargudi I(Uzhavar Sandhai ),Tapioca,Tapioca,Local,06-09-2026,4000,4000,4000
Tamil Nadu,Thiruvarur,Mannargudi I(Uzhavar Sandhai ),Green Avare(W),Green Avare (W),Local,06-09-2026,6000,6000,6000
Tamil Nadu,Thiruvarur,Mannargudi I(Uzhavar Sandhai ),Lemon,Lemon,Local,06-09-2026,20000,20000,20000
Tamil Nadu,Thiruvarur,Mannargudi I(Uzhavar Sandhai ),Onion Green,Onion Green,Local,06-09-2026,8400,8400,8400
Tamil Nadu,Thiruvarur,Mannargudi II(Uzhavar Sandhai ),Carrot,Pusakesar,Local,06-09-2026,6200,6200,6200
Tamil Nadu,Thiruvarur,Mannargudi II(Uzhavar Sandhai ),Potato,Red Nanital,Local,06-09-2026,3000,3000,3000
Tamil Nadu,Thiruvarur,Mannargudi II(Uzhavar Sandhai ),Green Chilli,Green Chilly,Local,06-09-2026,4800,4800,4800
Tamil Nadu,Thiruvarur,Mannargudi II(Uzhavar Sandhai ),Beans,Beans (Whole),Local,06-09-2026,7600,7600,7600
Tamil Nadu,Thiruvarur,Mannargudi II(Uzhavar Sandhai ),Tapioca,Tapioca,Local,06-09-2026,4600,4600,4600
Tamil Nadu,Thiruvarur,Mannargudi II(Uzhavar Sandhai ),Green Avare(W),Other,Local,06-09-2026,6000,6000,6000
Tamil Nadu,Thiruvarur,Tiruthuraipoondi(Uzhavar Sandhai ),Sweet Potato,Hosur Red,Local,06-09-2026,6000,6000,6000
Tamil Nadu,Thiruvarur,Tiruthuraipoondi(Uzhavar Sandhai ),Ridgeguard(Tori),Ridgeguard(Tori),Local,06-09-2026,4000,4000,4000
Tamil Nadu,Thiruvellore,Ambattur(Uzhavar Sandhai ),Tomato,Deshi,Local,06-09-2026,2500,2500,2500
Tamil Nadu,Thiruvellore,Perambakkam(Uzhavar Sandhai ),Rose(Local),Rose (Local),Local,06-09-2026,16000,16000,16000
Tamil Nadu,Tuticorin,Kovilpatti(Uzhavar Sandhai ),Bottle gourd,Bottle Gourd,Local,06-09-2026,4500,5000,4750
Tamil Nadu,Tuticorin,Kovilpatti(Uzhavar Sandhai ),Pumpkin,Pumpkin,Local,06-09-2026,3000,3500,3250
Tamil Nadu,Tuticorin,Kovilpatti(Uzhavar Sandhai ),Drumstick,Drumstick,Local,06-09-2026,3000,3500,3250
Tamil Nadu,Tuticorin,Kovilpatti(Uzhavar Sandhai ),Guava,Guava Allahabad,Local,06-09-2026,5500,6000,5750
Tamil Nadu,Tuticorin,Kovilpatti(Uzhavar Sandhai ),Yam(Ratalu),Yam (Ratalu),Local,06-09-2026,7000,7500,7250
Tamil Nadu,Tuticorin,Kovilpatti(Uzhavar Sandhai ),Indian Beans(Seam),Indian Beans (Seam),Local,06-09-2026,6500,7000,6750
Tamil Nadu,Tuticorin,Kovilpatti(Uzhavar Sandhai ),Mint(Pudina),Mint(Pudina),Local,06-09-2026,5500,6000,5750
Tamil Nadu,Vellore,Gudiyatham(Uzhavar Sandhai ),Beetroot,Beetroot,Local,06-09-2026,4600,4600,4600
Tamil Nadu,Vellore,Gudiyatham(Uzhavar Sandhai ),Banana,Red Banana,Local,06-09-2026,8500,8500,8500
Tamil Nadu,Vellore,Gudiyatham(Uzhavar Sandhai ),Garlic,Garlic,Local,06-09-2026,23000,23000,23000
Tamil Nadu,Vellore,Gudiyatham(Uzhavar Sandhai ),Cluster beans,Cluster Beans,Local,06-09-2026,2400,2400,2400
Tamil Nadu,Vellore,Gudiyatham(Uzhavar Sandhai ),Ashgourd,Gouard,Local,06-09-2026,2400,2400,2400
Tamil Nadu,Vellore,Gudiyatham(Uzhavar Sandhai ),Beans,Beans (Whole),Local,06-09-2026,7600,7600,7600
Tamil Nadu,Vellore,Gudiyatham(Uzhavar Sandhai ),Coconut,Coconut,Local,06-09-2026,4000,4000,4000
Tamil Nadu,Vellore,Gudiyatham(Uzhavar Sandhai ),Green Avare(W),Green Avare (W),Local,06-09-2026,6600,6600,6600
Tamil Nadu,Vellore,Kahithapattarai(Uzhavar Sandhai ),Apple,American,Local,06-09-2026,20000,20000,20000
Tamil Nadu,Vellore,Kahithapattarai(Uzhavar Sandhai ),Papaya,Papaya,Local,06-09-2026,4500,4500,4500
Tamil Nadu,Vellore,Kahithapattarai(Uzhavar Sandhai ),Mousambi(Sweet Lime),Mousambi,Local,06-09-2026,5000,6000,5500
Tamil Nadu,Vellore,Kahithapattarai(Uzhavar Sandhai ),Cluster beans,Cluster Beans,Local,06-09-2026,2500,2500,2500
Tamil Nadu,Vellore,Kahithapattarai(Uzhavar Sandhai ),Bottle gourd,Bottle Gourd,Local,06-09-2026,1500,1500,1500
Tamil Nadu,Vellore,Kahithapattarai(Uzhavar Sandhai ),Green Chilli,Green Chilly,Local,06-09-2026,4600,4600,4600
Tamil Nadu,Vellore,Kahithapattarai(Uzhavar Sandhai ),Banana - Green,Banana - Green,Local,06-09-2026,6000,6000,6000
Tamil Nadu,Vellore,Kahithapattarai(Uzhavar Sandhai ),Knool Khol,Knool Khol,Local,06-09-2026,2500,2500,2500
Tamil Nadu,Vellore,Kahithapattarai(Uzhavar Sandhai ),Pomegranate,Pomogranate,Local,06-09-2026,13000,13000,13000
Tamil Nadu,Vellore,Kahithapattarai(Uzhavar Sandhai ),Marigold(Calcutta),Marigold(Calcutta),Local,06-09-2026,6000,6000,6000
Tamil Nadu,Vellore,Kahithapattarai(Uzhavar Sandhai ),Custard Apple(Sharifa),Custard Apple(Sharifa),Local,06-09-2026,5000,5000,5000
Tamil Nadu,Vellore,Kahithapattarai(Uzhavar Sandhai ),Onion Green,Onion Green,Local,06-09-2026,8500,8500,8500
Tamil Nadu,Vellore,Kahithapattarai(Uzhavar Sandhai ),Mint(Pudina),Mint(Pudina),Local,06-09-2026,6000,6000,6000
Tamil Nadu,Villupuram,Villupuram(Uzhavar Sandhai ),Beetroot,Beetroot,Local,06-09-2026,5000,5000,5000
Tamil Nadu,Villupuram,Villupuram(Uzhavar Sandhai ),Ridgeguard(Tori),Ridgeguard(Tori),Local,06-09-2026,6000,6000,6000
Tamil Nadu,Villupuram,Villupuram(Uzhavar Sandhai ),Pumpkin,Pumpkin,Local,06-09-2026,2000,2000,2000
Tamil Nadu,Villupuram,Villupuram(Uzhavar Sandhai ),Coconut,Coconut,Local,06-09-2026,5000,5000,5000
Tamil Nadu,Villupuram,Villupuram(Uzhavar Sandhai ),Thondekai,Thondekai,Local,06-09-2026,5000,5000,5000
Tamil Nadu,Villupuram,Villupuram(Uzhavar Sandhai ),Colacasia,Colacasia,Local,06-09-2026,5000,5000,5000
Andhra Pradesh,Prakasam,Darsi APMC,Cotton,Desi,Local,06-09-2026,8100,8200,8200
Punjab,Nawanshahr,Nawanshahar APMC,Wheat,Medium,FAQ,06-09-2026,2669,2767,2767
West Bengal,Puruliya,Purulia APMC,Potato,Jyoti,FAQ,06-09-2026,700,800,760
West Bengal,Puruliya,Purulia APMC,Tomato,Other,FAQ,06-09-2026,2600,3000,2800
Odisha,Dhenkanal,Hindol APMC,Drumstick,Drumstick,Grade B,06-09-2026,5800,6500,6000
Tamil Nadu,Thiruvannamalai,Cheyyar(Uzhavar Sandhai ),Beetroot,Beetroot,Local,06-09-2026,4000,4800,4400
Tamil Nadu,Thiruvannamalai,Cheyyar(Uzhavar Sandhai ),Cucumbar(Kheera),Cucumbar,Local,06-09-2026,2500,3000,2750
Tamil Nadu,Thiruvannamalai,Cheyyar(Uzhavar Sandhai ),Banana,Poovan,Local,06-09-2026,4000,5000,4500
Tamil Nadu,Thiruvannamalai,Cheyyar(Uzhavar Sandhai ),Onion,Bellary,Local,06-09-2026,4800,6000,5400
Tamil Nadu,Thiruvannamalai,Cheyyar(Uzhavar Sandhai ),Coriander(Leaves),I Sort,Local,06-09-2026,4000,5000,4500
Tamil Nadu,Thiruvannamalai,Cheyyar(Uzhavar Sandhai ),Ashgourd,Gouard,Local,06-09-2026,2000,2500,2250
Tamil Nadu,Thiruvannamalai,Cheyyar(Uzhavar Sandhai ),Green Chilli,Green Chilly,Local,06-09-2026,4800,6000,5400
Tamil Nadu,Thiruvannamalai,Cheyyar(Uzhavar Sandhai ),Banana - Green,Banana - Green,Local,06-09-2026,1500,2000,1750
Tamil Nadu,Thiruvannamalai,Cheyyar(Uzhavar Sandhai ),Coconut,Coconut,Local,06-09-2026,3700,4500,4100
Tamil Nadu,Thiruvannamalai,Cheyyar(Uzhavar Sandhai ),Drumstick,Drumstick,Local,06-09-2026,3500,4200,3850
Andhra Pradesh,Markapuram,Markapur APMC,Cotton,Desi,FAQ,06-09-2026,7900,7900,7900
Tamil Nadu,Ariyalur,Ariyalur(Uzhavar Sandhai),Carrot,Pusakesar,Local,06-09-2026,7000,8000,7500
Tamil Nadu,Ariyalur,Ariyalur(Uzhavar Sandhai),Beetroot,Beetroot,Local,06-09-2026,4000,4500,4250
Tamil Nadu,Ariyalur,Ariyalur(Uzhavar Sandhai),Ginger(Green),Green Ginger,Local,06-09-2026,17000,18000,17500
Tamil Nadu,Ariyalur,Ariyalur(Uzhavar Sandhai),Onion Green,Onion Green,Local,06-09-2026,7000,7500,7250
Tamil Nadu,Ariyalur,Ariyalur(Uzhavar Sandhai),Mint(Pudina),Mint(Pudina),Local,06-09-2026,5000,5500,5250
Uttarakhand,Nanital,Haldwani APMC,Onion,Other,FAQ,06-09-2026,3000,3800,3400
Uttarakhand,Nanital,Haldwani APMC,Brinjal,Other,FAQ,06-09-2026,700,1000,900
Uttarakhand,Nanital,Haldwani APMC,Apple,Other,Grade A,06-09-2026,3000,6000,4000
Uttarakhand,Udhamsinghnagar,Gadarpur APMC,Rice,Other,Local,06-09-2026,4000,4000,4000
Chattisgarh,Raipur,Kharora APMC,Paddy(Common),Mahamaya,Non-FAQ,06-09-2026,2100,2100,2100
Odisha,Cuttack,Banki APMC,Cowpea(Veg),Cowpea (Veg),Medium,06-09-2026,3500,4500,4000
Odisha,Cuttack,Banki APMC,Papaya(Raw),Other,Medium,06-09-2026,1500,2000,1800
Haryana,Jind,Narwana APMC,Pomegranate,Pomogranate,Local,06-09-2026,9000,10000,9500
Haryana,Jind,Narwana APMC,Onion,Onion,Non-FAQ,06-09-2026,4000,4800,4400
Uttar Pradesh,Bahraich,Mihipurwa APMC,Wheat,Dara,FAQ,06-09-2026,2400,2450,2411.37
Uttarakhand,Haridwar,Haridwar Union APMC,Apple,Other,Grade Range-2,06-09-2026,4500,7000,5500
Uttarakhand,Haridwar,Haridwar Union APMC,Banana,Other,Grade C,06-09-2026,1300,1650,1500
Uttarakhand,Haridwar,Haridwar Union APMC,Mousambi(Sweet Lime),Mousambi,Grade C,06-09-2026,3500,5000,4000
Uttarakhand,Haridwar,Haridwar Union APMC,Bottle gourd,Bottle Gourd,FAQ,06-09-2026,500,700,600
Uttarakhand,Haridwar,Haridwar Union APMC,Brinjal,Other,FAQ,06-09-2026,700,1000,800
Uttarakhand,Haridwar,Haridwar Union APMC,Capsicum,Capsicum,FAQ,06-09-2026,2000,2500,2200
Uttarakhand,Haridwar,Haridwar Union APMC,Cucumbar(Kheera),Cucumbar,FAQ,06-09-2026,1200,2000,1500
Uttarakhand,Haridwar,Haridwar Union APMC,Pumpkin,Pumpkin,FAQ,06-09-2026,600,800,700
Uttar Pradesh,Jalaun (Orai),Madhogarh APMC,Wheat,Local,FAQ,06-09-2026,2550,2550,2550
Punjab,Hoshiarpur,Tanda Urmur APMC,Green Chilli,Green Chilly,Grade A,06-09-2026,2500,3000,2800
Punjab,Hoshiarpur,Tanda Urmur APMC,Papaya,Other,Grade A,06-09-2026,4500,5500,5000
Punjab,Hoshiarpur,Tanda Urmur APMC,Guava,Guava,Grade A,06-09-2026,5000,6000,5500
Punjab,Jalandhar,Goraya APMC,Brinjal,Other,Local,06-09-2026,2200,2200,2200
Keralam,Thiruvananthapuram,Pappanchani VFPCK Market,Cucumbar(Kheera),Cucumbar,Grade A,06-09-2026,5000,5000,5000
Tamil Nadu,Coimbatore,Sundarapuram(Uzhavar Sandhai ),Sweet Potato,Hosur Red,Local,06-09-2026,4500,5000,4750
Tamil Nadu,Coimbatore,Sundarapuram(Uzhavar Sandhai ),Snakeguard,Snakeguard,Local,06-09-2026,3000,3500,3250
Tamil Nadu,Coimbatore,Sundarapuram(Uzhavar Sandhai ),Garlic,Garlic,Local,06-09-2026,23000,24000,23500
Tamil Nadu,Coimbatore,Sundarapuram(Uzhavar Sandhai ),Coriander(Leaves),I Sort,Local,06-09-2026,3500,4000,3750
Tamil Nadu,Coimbatore,Sundarapuram(Uzhavar Sandhai ),Cluster beans,Cluster Beans,Local,06-09-2026,3500,4000,3750
Tamil Nadu,Coimbatore,Sundarapuram(Uzhavar Sandhai ),Ashgourd,Gouard,Local,06-09-2026,1400,1800,1600
Tamil Nadu,Coimbatore,Sundarapuram(Uzhavar Sandhai ),Amaranthus,Amaranthus,Local,06-09-2026,5000,6500,5750
Tamil Nadu,Coimbatore,Sundarapuram(Uzhavar Sandhai ),Beans,Beans (Whole),Local,06-09-2026,6500,7000,6750
Tamil Nadu,Coimbatore,Sundarapuram(Uzhavar Sandhai ),Ginger(Green),Green Ginger,Local,06-09-2026,15000,16000,15500
Tamil Nadu,Coimbatore,Sundarapuram(Uzhavar Sandhai ),Raddish,Raddish,Local,06-09-2026,3000,3500,3250
Tamil Nadu,Coimbatore,Sundarapuram(Uzhavar Sandhai ),Chow Chow,Chow Chow,Local,06-09-2026,3400,3800,3600
Tamil Nadu,Coimbatore,Sundarapuram(Uzhavar Sandhai ),Drumstick,Drumstick,Local,06-09-2026,3000,3500,3250
Tamil Nadu,Coimbatore,Sundarapuram(Uzhavar Sandhai ),Elephant Yam(Suran)/Amorphophallus,Elephant Yam (Suran),Local,06-09-2026,3500,4000,3750
Tamil Nadu,Coimbatore,Sundarapuram(Uzhavar Sandhai ),Sweet Corn ,Sweet Corn ,Local,06-09-2026,3500,4000,3750
Haryana,Gurgaon,Gurgaon APMC,Pear(Marasebu),Other,Grade C,06-09-2026,5000,7000,6000
Haryana,Gurgaon,Gurgaon APMC,Bitter gourd,Other,Grade A,06-09-2026,1500,2500,2000
Haryana,Gurgaon,Gurgaon APMC,Brinjal,Brinjal,Grade A,06-09-2026,1000,1400,1200
Haryana,Gurgaon,Gurgaon APMC,Potato,Other,Grade B,06-09-2026,600,1000,800
Uttar Pradesh,Siddharth Nagar,Bansi APMC,Wheat,Dara,FAQ,06-09-2026,2500,2500,2500
Punjab,Amritsar,Majitha APMC,Paddy(Basmati),Basmati 1509,Non-FAQ,06-09-2026,3250,3916,3916
West Bengal,Sounth 24 Parganas,Baruipur(Canning) APMC,Rice,Fine,FAQ,06-09-2026,5100,5300,5200
West Bengal,Sounth 24 Parganas,Baruipur(Canning) APMC,Bitter gourd,Bitter Gourd,FAQ,06-09-2026,3600,4000,3800
West Bengal,Sounth 24 Parganas,Baruipur(Canning) APMC,Cucumbar(Kheera),Cucumbar,FAQ,06-09-2026,3500,3700,3600
Telangana,Hanumakonda,"Excise Colony,RBZ ",Ridgeguard(Tori),Other,Grade A,06-09-2026,4000,4000,4000
Telangana,Hanumakonda,"Excise Colony,RBZ ",Brinjal,Other,Grade A,06-09-2026,3600,3600,3600
Uttar Pradesh,Rampur,Milak APMC,Wheat,Dara,FAQ,06-09-2026,2500,2500,2500
Tamil Nadu,Erode,Sathiyamagalam(Uzhavar Sandhai ),Coconut,Coconut,Local,06-09-2026,4500,5000,4750
Tamil Nadu,Erode,Sathiyamagalam(Uzhavar Sandhai ),Snakeguard,Snakeguard,Local,06-09-2026,3500,4000,3750
Tamil Nadu,Erode,Sathiyamagalam(Uzhavar Sandhai ),Banana,Red Banana,Local,06-09-2026,6000,6500,6250
Tamil Nadu,Erode,Sathiyamagalam(Uzhavar Sandhai ),Onion,Bellary,Local,06-09-2026,5500,6000,5750
Tamil Nadu,Erode,Sathiyamagalam(Uzhavar Sandhai ),Coriander(Leaves),I Sort,Local,06-09-2026,4500,5000,4750
Tamil Nadu,Erode,Sathiyamagalam(Uzhavar Sandhai ),Tomato,Local,Local,06-09-2026,2000,2400,2200
Tamil Nadu,Erode,Sathiyamagalam(Uzhavar Sandhai ),Cowpea(Veg),Cowpea (Veg),Local,06-09-2026,1500,2000,1750
Tamil Nadu,Erode,Sathiyamagalam(Uzhavar Sandhai ),Raddish,Raddish,Local,06-09-2026,2500,3000,2750
Tamil Nadu,Erode,Sathiyamagalam(Uzhavar Sandhai ),Chow Chow,Chow Chow,Local,06-09-2026,2500,3000,2750
Tamil Nadu,Erode,Sathiyamagalam(Uzhavar Sandhai ),Sweet Corn ,Sweet Corn ,Local,06-09-2026,2500,3000,2750
Tamil Nadu,Coimbatore,Mettupalayam(Uzhavar Sandhai ),Snakeguard,Snakeguard,Local,06-09-2026,3500,4000,3750
Tamil Nadu,Coimbatore,Mettupalayam(Uzhavar Sandhai ),Garlic,Garlic,Local,06-09-2026,16000,18000,17000
Tamil Nadu,Coimbatore,Mettupalayam(Uzhavar Sandhai ),Coriander(Leaves),I Sort,Local,06-09-2026,4000,4500,4250
Tamil Nadu,Coimbatore,Mettupalayam(Uzhavar Sandhai ),Green Peas,Green Peas,Local,06-09-2026,12000,15000,13500
Tamil Nadu,Coimbatore,Mettupalayam(Uzhavar Sandhai ),Ashgourd,Gouard,Local,06-09-2026,1500,1800,1650
Tamil Nadu,Coimbatore,Mettupalayam(Uzhavar Sandhai ),Beans,Beans (Whole),Local,06-09-2026,7000,7500,7250
Tamil Nadu,Coimbatore,Mettupalayam(Uzhavar Sandhai ),Ginger(Green),Green Ginger,Local,06-09-2026,7500,15000,11250
Tamil Nadu,Coimbatore,Mettupalayam(Uzhavar Sandhai ),Green Avare(W),Green Avare (W),Local,06-09-2026,5500,6000,5750
Tamil Nadu,Coimbatore,Mettupalayam(Uzhavar Sandhai ),Chow Chow,Chow Chow,Local,06-09-2026,3500,4000,3750
Tamil Nadu,Coimbatore,Mettupalayam(Uzhavar Sandhai ),Jack Fruit(Ripe),Jack Fruit,Local,06-09-2026,3500,4000,3750
Tamil Nadu,Coimbatore,Mettupalayam(Uzhavar Sandhai ),Pomegranate,Pomogranate,Local,06-09-2026,12000,15000,13500
Tamil Nadu,Coimbatore,Mettupalayam(Uzhavar Sandhai ),Lemon,Lemon,Local,06-09-2026,18000,20000,19000
Tamil Nadu,Coimbatore,Mettupalayam(Uzhavar Sandhai ),Mashrooms,Mashrooms,Local,06-09-2026,16000,20000,18000
Tamil Nadu,Coimbatore,Mettupalayam(Uzhavar Sandhai ),Sweet Corn ,Sweet Corn ,Local,06-09-2026,3500,4000,3750
Haryana,Panipat,Samalkha APMC,Tomato,Other,FAQ,06-09-2026,2000,2500,2300
Haryana,Panipat,Samalkha APMC,Ridgeguard(Tori),Other,FAQ,06-09-2026,1000,1500,1300
Haryana,Panipat,Samalkha APMC,Lemon,Lemon,FAQ,06-09-2026,12000,12000,12000
Tamil Nadu,Namakkal,Tiruchengode APMC,Papaya,Papaya,Local,06-09-2026,3000,3500,3250
Tamil Nadu,Namakkal,Tiruchengode APMC,Tender Coconut,Tender Coconut,Local,06-09-2026,3500,4000,3750
Tamil Nadu,Namakkal,Tiruchengode APMC,Sweet Corn ,Sweet Corn ,Local,06-09-2026,4500,5000,4750
Telangana,Siddipet,Vantamamidi APMC,Bhindi(Ladies Finger),Bhindi,Local,06-09-2026,1200,2000,1600
Tamil Nadu,Ariyalur,Jeyankondam (Uzhavar Sandhai ),Raddish,Raddish,Local,06-09-2026,3500,4000,3750
Andhra Pradesh,Kakinada,Sampara (Kakinada Rural) APMC,Paddy(Common),1001,FAQ,06-09-2026,2369,2389,2379
Telangana,Hyderabad,RYTHU BAZAR ERRAGADDA,Bitter gourd,Bitter Gourd,Grade A,06-09-2026,2600,2600,2600
Telangana,Hyderabad,RYTHU BAZAR ERRAGADDA,Field Pea,Field Pea,Grade A,06-09-2026,4000,4000,4000
Telangana,Hyderabad,RYTHU BAZAR ERRAGADDA,Colacasia,Colacasia,Grade A,06-09-2026,2800,2800,2800
Telangana,Hyderabad,RYTHU BAZAR ERRAGADDA,Tinda,Tinda,Grade A,06-09-2026,28,28,28
Telangana,Hyderabad,RYTHU BAZAR ERRAGADDA,Leafy Vegetable,Leafy Vegetables,Grade A,06-09-2026,1500,1500,1500
Telangana,Hyderabad,RYTHU BAZAR ERRAGADDA,Snakeguard,Snakeguard,Grade A,06-09-2026,2300,2300,2300
Telangana,Hyderabad,RYTHU BAZAR ERRAGADDA,Drumstick,Drumstick,Grade A,06-09-2026,4000,4000,4000
Telangana,Hyderabad,RYTHU BAZAR ERRAGADDA,Elephant Yam(Suran)/Amorphophallus,Elephant Yam (Suran),Grade A,06-09-2026,3500,3500,3500
Telangana,Hyderabad,RYTHU BAZAR ERRAGADDA,Other green and fresh vegetables,Other,Grade A,06-09-2026,1500,1500,1500
Tamil Nadu,Coimbatore,RSPuram(Uzhavar Sandhai ),Banana,Red Banana,Local,06-09-2026,8000,8600,8300
Tamil Nadu,Coimbatore,RSPuram(Uzhavar Sandhai ),Grapes,Annabesahai,Local,06-09-2026,9000,10000,9500
Tamil Nadu,Coimbatore,RSPuram(Uzhavar Sandhai ),Coriander(Leaves),I Sort,Local,06-09-2026,3500,4000,3750
Tamil Nadu,Coimbatore,RSPuram(Uzhavar Sandhai ),Papaya,Papaya,Local,06-09-2026,4500,5000,4750
Tamil Nadu,Coimbatore,RSPuram(Uzhavar Sandhai ),Water Melon,Water Melon,Local,06-09-2026,1500,2000,1750
Tamil Nadu,Coimbatore,RSPuram(Uzhavar Sandhai ),Bitter gourd,Other,Local,06-09-2026,4000,4400,4200
Tamil Nadu,Coimbatore,RSPuram(Uzhavar Sandhai ),Bottle gourd,Bottle Gourd,Local,06-09-2026,2600,3000,2800
Tamil Nadu,Coimbatore,RSPuram(Uzhavar Sandhai ),Amaranthus,Amaranthus,Local,06-09-2026,5600,6500,6050
Tamil Nadu,Coimbatore,RSPuram(Uzhavar Sandhai ),Green Chilli,Green Chilly,Local,06-09-2026,3800,4400,4100
Tamil Nadu,Coimbatore,RSPuram(Uzhavar Sandhai ),Beans,Beans (Whole),Local,06-09-2026,6500,7500,7000
Tamil Nadu,Coimbatore,RSPuram(Uzhavar Sandhai ),Chow Chow,Chow Chow,Local,06-09-2026,3000,3200,3100
Tamil Nadu,Coimbatore,RSPuram(Uzhavar Sandhai ),Mashrooms,Mashrooms,Local,06-09-2026,20000,25000,22500
Tamil Nadu,Coimbatore,RSPuram(Uzhavar Sandhai ),Onion Green,Onion Green,Local,06-09-2026,8000,8300,8150
Tamil Nadu,Coimbatore,Singanallur(Uzhavar Sandhai ),Snakeguard,Snakeguard,Local,06-09-2026,2800,3200,3000
Tamil Nadu,Coimbatore,Singanallur(Uzhavar Sandhai ),Beetroot,Beetroot,Local,06-09-2026,5000,5800,5400
Tamil Nadu,Coimbatore,Singanallur(Uzhavar Sandhai ),Garlic,Garlic,Local,06-09-2026,23000,24000,23500
Tamil Nadu,Coimbatore,Singanallur(Uzhavar Sandhai ),Brinjal,Round,Local,06-09-2026,4000,5000,4500
Tamil Nadu,Coimbatore,Singanallur(Uzhavar Sandhai ),Green Peas,Green Peas,Local,06-09-2026,23000,24000,23500
Tamil Nadu,Coimbatore,Singanallur(Uzhavar Sandhai ),Ashgourd,Gouard,Local,06-09-2026,1800,2000,1900
Tamil Nadu,Coimbatore,Singanallur(Uzhavar Sandhai ),Ginger(Green),Green Ginger,Local,06-09-2026,15000,16000,15500
Tamil Nadu,Coimbatore,Singanallur(Uzhavar Sandhai ),Chow Chow,Chow Chow,Local,06-09-2026,3200,3800,3500
Tamil Nadu,Coimbatore,Singanallur(Uzhavar Sandhai ),Guava,Guava Allahabad,Local,06-09-2026,5500,6000,5750
Tamil Nadu,Coimbatore,Singanallur(Uzhavar Sandhai ),Colacasia,Colacasia,Local,06-09-2026,4500,5000,4750
Odisha,Mayurbhanja,Narasinghpur APMC,Brinjal,Brinjal,Local,06-09-2026,3000,5000,4000
Tamil Nadu,Coimbatore,Pollachi(Uzhavar Sandhai ),Snakeguard,Snakeguard,Local,06-09-2026,3500,4000,3750
Tamil Nadu,Coimbatore,Pollachi(Uzhavar Sandhai ),Beetroot,Beetroot,Local,06-09-2026,5000,7000,6000
Tamil Nadu,Coimbatore,Pollachi(Uzhavar Sandhai ),Ashgourd,Gouard,Local,06-09-2026,1800,2200,2000
Tamil Nadu,Coimbatore,Pollachi(Uzhavar Sandhai ),Pumpkin,Pumpkin,Local,06-09-2026,2000,2500,2250
Tamil Nadu,Coimbatore,Pollachi(Uzhavar Sandhai ),Chow Chow,Chow Chow,Local,06-09-2026,3500,4000,3750
Tamil Nadu,Coimbatore,Pollachi(Uzhavar Sandhai ),Amla(Nelli Kai),Amla,Local,06-09-2026,7000,8000,7500
Tamil Nadu,Coimbatore,Pollachi(Uzhavar Sandhai ),Onion Green,Onion Green,Local,06-09-2026,7000,8000,7500
Madhya Pradesh,Betul,Betul(F&V) APMC,Brinjal,Brinjal,FAQ,06-09-2026,800,1500,1000
Uttar Pradesh,Agra,Khairagarh APMC,Tomato,Tomato,FAQ,06-09-2026,4000,4100,4050
Uttar Pradesh,Agra,Khairagarh APMC,Mustard,Sarson(Black),FAQ,06-09-2026,7300,7500,7400
Odisha,Rayagada,Rayagada(Muniguda) APMC,Bhindi(Ladies Finger),Bhindi,FAQ,06-09-2026,4400,6400,5200
Telangana,Ranga Reddy,Ibrahimpatnam APMC,Green Chilli,Green Chilly,Local,06-09-2026,5500,5500,5500
Telangana,Siddipet,Siddipet(Rythu Bazar) ,Brinjal,Brinjal,Grade A,06-09-2026,2400,3200,2800
Telangana,Siddipet,Siddipet(Rythu Bazar) ,Potato,Red Nanital,Grade A,06-09-2026,1500,2400,2000
Chandigarh,Chandigarh,Chandigarh (Grain/F&V) APMC,Pomegranate,Pomogranate,Medium,06-09-2026,4000,11000,9000
Chandigarh,Chandigarh,Chandigarh (Grain/F&V) APMC,Tomato,Tomato,FAQ,06-09-2026,800,3600,3000
Odisha,Bargarh,Godbhaga APMC,Bottle gourd,Other,Local,06-09-2026,1850,2150,2000
Telangana,Ranga Reddy,"Vanasthalipuram,RBZ ",Leafy Vegetable,Leafy Vegetables,Grade A,06-09-2026,5000,5000,5000
Telangana,Ranga Reddy,"Vanasthalipuram,RBZ ",French Beans(Frasbean),Other,Grade A,06-09-2026,5500,5500,5500
Telangana,Ranga Reddy,"Vanasthalipuram,RBZ ",Carrot,Carrot,Grade A,06-09-2026,5000,5000,5000
Telangana,Ranga Reddy,"Vanasthalipuram,RBZ ",Cabbage,Cabbage,Grade A,06-09-2026,1400,1400,1400
Telangana,Ranga Reddy,"Vanasthalipuram,RBZ ",Ridgeguard(Tori),Ridgeguard(Tori),Grade A,06-09-2026,3500,3500,3500
Telangana,Ranga Reddy,"Vanasthalipuram,RBZ ",Field Bean(Anumulu),Field Bean(Anumulu),Grade A,06-09-2026,4000,4000,4000
Telangana,Ranga Reddy,"Vanasthalipuram,RBZ ",Onion,Onion,Grade A,06-09-2026,4000,4000,4000
Tamil Nadu,Karur,Karur(Uzhavar Sandhai ),Banana,Red Banana,Local,06-09-2026,5000,6000,5500
Tamil Nadu,Karur,Karur(Uzhavar Sandhai ),Potato,Other,Local,06-09-2026,5500,6000,5750
Tamil Nadu,Karur,Karur(Uzhavar Sandhai ),Papaya,Papaya,Local,06-09-2026,4000,4500,4250
Tamil Nadu,Karur,Karur(Uzhavar Sandhai ),Cluster beans,Cluster Beans,Local,06-09-2026,3000,3500,3250
Tamil Nadu,Karur,Karur(Uzhavar Sandhai ),Bottle gourd,Bottle Gourd,Local,06-09-2026,2500,3000,2750
Tamil Nadu,Karur,Karur(Uzhavar Sandhai ),Banana - Green,Banana - Green,Local,06-09-2026,2500,3000,2750
Tamil Nadu,Karur,Karur(Uzhavar Sandhai ),Green Avare(W),Other,Local,06-09-2026,7000,8000,7500
Tamil Nadu,Karur,Karur(Uzhavar Sandhai ),Chow Chow,Chow Chow,Local,06-09-2026,3500,4000,3750
Tamil Nadu,Karur,Karur(Uzhavar Sandhai ),Drumstick,Drumstick,Local,06-09-2026,2500,3000,2750
Tamil Nadu,Karur,Karur(Uzhavar Sandhai ),Mint(Pudina),Mint(Pudina),Local,06-09-2026,5500,6000,5750
Tripura,North Tripura,Kadamtala,Onion,Nasik,Medium,06-09-2026,3400,3500,3450
Tripura,North Tripura,Kadamtala,Green Chilli,Green Chilly,Medium,06-09-2026,7900,8000,7950
Tamil Nadu,Coimbatore,Kurichi(Uzhavar Sandhai ),Ridgeguard(Tori),Ridgeguard(Tori),Local,06-09-2026,4000,4500,4250
Tamil Nadu,Coimbatore,Kurichi(Uzhavar Sandhai ),Banana,Red Banana,Local,06-09-2026,7500,8000,7750
Tamil Nadu,Coimbatore,Kurichi(Uzhavar Sandhai ),Green Avare(W),Green Avare (W),Local,06-09-2026,5200,5600,5400
Tamil Nadu,Coimbatore,Kurichi(Uzhavar Sandhai ),Lemon,Lemon,Local,06-09-2026,19000,20000,19500
Tamil Nadu,Cuddalore,Chidambaram(Uzhavar Sandhai ),Onion,Bellary,Local,06-09-2026,5000,5000,5000
Tamil Nadu,Cuddalore,Chidambaram(Uzhavar Sandhai ),Brinjal,Round,Local,06-09-2026,4000,4000,4000
Tamil Nadu,Cuddalore,Chidambaram(Uzhavar Sandhai ),Tomato,Local,Local,06-09-2026,2500,2500,2500
Tamil Nadu,Cuddalore,Cuddalore(Uzhavar Sandhai ),Carrot,Pusakesar,Local,06-09-2026,5000,5000,5000
Tamil Nadu,Cuddalore,Cuddalore(Uzhavar Sandhai ),Snakeguard,Snakeguard,Local,06-09-2026,3000,3000,3000
Tamil Nadu,Cuddalore,Cuddalore(Uzhavar Sandhai ),Groundnut,Big (With Shell),Local,06-09-2026,8000,8000,8000
Tamil Nadu,Cuddalore,Cuddalore(Uzhavar Sandhai ),Cauliflower,Ranchi,Local,06-09-2026,4000,4000,4000
Tamil Nadu,Cuddalore,Cuddalore(Uzhavar Sandhai ),Papaya,Papaya,Local,06-09-2026,4000,4000,4000
Tamil Nadu,Cuddalore,Cuddalore(Uzhavar Sandhai ),Tapioca,Tapioca,Local,06-09-2026,5000,9000,7000
Tamil Nadu,Cuddalore,Cuddalore(Uzhavar Sandhai ),Coconut,Coconut,Local,06-09-2026,6000,7000,6500
Tamil Nadu,Cuddalore,Cuddalore(Uzhavar Sandhai ),Mint(Pudina),Mint(Pudina),Local,06-09-2026,5000,5000,5000
Tamil Nadu,Tuticorin,Tuticorin(Uzhavar Sandhai ),Sweet Potato,Hosur Red,Local,06-09-2026,7500,8000,7750
Tamil Nadu,Tuticorin,Tuticorin(Uzhavar Sandhai ),Snakeguard,Snakeguard,Local,06-09-2026,4500,5000,4750
Tamil Nadu,Tuticorin,Tuticorin(Uzhavar Sandhai ),Beetroot,Beetroot,Local,06-09-2026,5000,5500,5250
Tamil Nadu,Tuticorin,Tuticorin(Uzhavar Sandhai ),Cucumbar(Kheera),Cucumbar,Local,06-09-2026,5000,6000,5500
Tamil Nadu,Tuticorin,Tuticorin(Uzhavar Sandhai ),Potato,Other,Local,06-09-2026,3000,3500,3250
Tamil Nadu,Tuticorin,Tuticorin(Uzhavar Sandhai ),Cauliflower,Ranchi,Local,06-09-2026,4500,5000,4750
Tamil Nadu,Tuticorin,Tuticorin(Uzhavar Sandhai ),Brinjal,Round,Local,06-09-2026,3000,3500,3250
Tamil Nadu,Tuticorin,Tuticorin(Uzhavar Sandhai ),Coriander(Leaves),I Sort,Local,06-09-2026,4500,5000,4750
Tamil Nadu,Tuticorin,Tuticorin(Uzhavar Sandhai ),Tomato,Local,Local,06-09-2026,2500,3000,2750
Tamil Nadu,Tuticorin,Tuticorin(Uzhavar Sandhai ),Ashgourd,Gouard,Local,06-09-2026,1500,2000,1750
Tamil Nadu,Tuticorin,Tuticorin(Uzhavar Sandhai ),Ginger(Green),Green Ginger,Local,06-09-2026,19000,20000,19500
Tamil Nadu,Tuticorin,Tuticorin(Uzhavar Sandhai ),Raddish,Raddish,Local,06-09-2026,3000,3500,3250
Tamil Nadu,Tuticorin,Tuticorin(Uzhavar Sandhai ),Capsicum,Capsicum,Local,06-09-2026,7500,8000,7750
Tamil Nadu,Tuticorin,Tuticorin(Uzhavar Sandhai ),Drumstick,Drumstick,Local,06-09-2026,6500,7000,6750
Tamil Nadu,Tuticorin,Tuticorin(Uzhavar Sandhai ),Lemon,Lemon,Local,06-09-2026,27000,28000,27500
Tamil Nadu,Tuticorin,Tuticorin(Uzhavar Sandhai ),Mint(Pudina),Mint(Pudina),Local,06-09-2026,4500,5000,4750
Madhya Pradesh,Indore,Indore APMC,Kabuli Chana(Chickpeas-White),Dollar Gram,FAQ,06-09-2026,7850,7850,7850
Tamil Nadu,Nagercoil (Kannyiakumari),Vadaseri APMC,Cucumbar(Kheera),Cucumbar,Local,06-09-2026,1700,2000,1850
Tamil Nadu,Nagercoil (Kannyiakumari),Vadaseri APMC,Banana,Besrai,Local,06-09-2026,5500,6000,5750
Tamil Nadu,Nagercoil (Kannyiakumari),Vadaseri APMC,Bottle gourd,Bottle Gourd,Local,06-09-2026,1700,2000,1850
Tamil Nadu,Nagercoil (Kannyiakumari),Vadaseri APMC,Ashgourd,Gouard,Local,06-09-2026,2200,2500,2350
Tamil Nadu,Nagercoil (Kannyiakumari),Vadaseri APMC,Bhindi(Ladies Finger),Bhindi,Local,06-09-2026,4000,4500,4250
Tamil Nadu,Nagercoil (Kannyiakumari),Vadaseri APMC,Amaranthus,Amaranthus,Local,06-09-2026,1500,2000,1750
Tamil Nadu,Nagercoil (Kannyiakumari),Vadaseri APMC,Green Chilli,Green Chilly,Local,06-09-2026,6000,6500,6250
Tamil Nadu,Nagercoil (Kannyiakumari),Vadaseri APMC,Ginger(Green),Green Ginger,Local,06-09-2026,16000,18000,17000
Tamil Nadu,Nagercoil (Kannyiakumari),Vadaseri APMC,Drumstick,Drumstick,Local,06-09-2026,4500,5000,4750
Tamil Nadu,Nagercoil (Kannyiakumari),Vadaseri APMC,Mango(Raw-Ripe),Mango - Raw-Ripe,Local,06-09-2026,6500,7000,6750
Tamil Nadu,Nagercoil (Kannyiakumari),Vadaseri APMC,Kakada,Kakada,Local,06-09-2026,60000,70000,65000
Tamil Nadu,Nagercoil (Kannyiakumari),Vadaseri APMC,Mint(Pudina),Mint(Pudina),Local,06-09-2026,6500,7000,6750
Tamil Nadu,Pudukkottai,Karambakkudi(Uzhavar Sandhai ),Snakeguard,Snakeguard,Local,06-09-2026,3000,3500,3250
Tamil Nadu,Pudukkottai,Karambakkudi(Uzhavar Sandhai ),Papaya,Papaya,Local,06-09-2026,2500,3000,2750
Tamil Nadu,Pudukkottai,Karambakkudi(Uzhavar Sandhai ),Cluster beans,Cluster Beans,Local,06-09-2026,3500,4000,3750
Tamil Nadu,Pudukkottai,Karambakkudi(Uzhavar Sandhai ),Ashgourd,Gouard,Local,06-09-2026,1000,1500,1250
Tamil Nadu,Pudukkottai,Karambakkudi(Uzhavar Sandhai ),Green Chilli,Green Chilly,Local,06-09-2026,5000,6000,5500
Maharashtra,Ahilyanagar,APMC Rahata ,Ginger(Green),Other,Local,06-09-2026,5000,13000,9000
Maharashtra,Ahilyanagar,APMC Rahata ,Carrot,Other,Local,06-09-2026,1500,1500,1500
Maharashtra,Ahilyanagar,APMC Rahata ,Mango(Raw-Ripe),Other,Local,06-09-2026,4500,4500,4500
Maharashtra,Ahilyanagar,APMC Rahata ,Onion,Unhali,Local,06-09-2026,1000,6100,4500
Madhya Pradesh,Mandla,Mandla APMC,Wheat,Mill Quality,Non-FAQ,06-09-2026,2430,2610,2600
Madhya Pradesh,Mandla,Mandla APMC,Kutki,Kutki,Non-FAQ,06-09-2026,8000,8005,8000
Madhya Pradesh,Badwani,Badwani APMC,Cotton,H4,FAQ,06-09-2026,7500,8000,7800
Madhya Pradesh,Ratlam,A lot APMC,Wheat,Wheat,FAQ,06-09-2026,2410,2410,2410
Tamil Nadu,Vellore,Thirupathur APMC,Coconut,Coconut,Local,06-09-2026,5000,5000,5000
Tamil Nadu,Vellore,Thirupathur APMC,Snakeguard,Snakeguard,Local,06-09-2026,3000,3000,3000
Tamil Nadu,Vellore,Thirupathur APMC,Cucumbar(Kheera),Cucumbar,Local,06-09-2026,4000,4000,4000
Tamil Nadu,Vellore,Thirupathur APMC,Banana,Besrai,Local,06-09-2026,4000,4000,4000
Tamil Nadu,Vellore,Thirupathur APMC,Potato,Red Nanital,Local,06-09-2026,3000,3000,3000
Tamil Nadu,Vellore,Thirupathur APMC,Garlic,Garlic,Local,06-09-2026,26000,26000,26000
Tamil Nadu,Vellore,Thirupathur APMC,Coriander(Leaves),I Sort,Local,06-09-2026,4000,4000,4000
Tamil Nadu,Vellore,Thirupathur APMC,Cluster beans,Cluster Beans,Local,06-09-2026,4000,4000,4000
Tamil Nadu,Vellore,Thirupathur APMC,Pumpkin,Pumpkin,Local,06-09-2026,2000,2000,2000
Tamil Nadu,Vellore,Thirupathur APMC,Green Chilli,Green Chilly,Local,06-09-2026,7000,7000,7000
Tamil Nadu,Vellore,Thirupathur APMC,Guava,Guava Allahabad,Local,06-09-2026,5000,5000,5000
Tamil Nadu,Vellore,Thirupathur APMC,Indian Beans(Seam),Indian Beans (Seam),Local,06-09-2026,6000,6000,6000
Tamil Nadu,Vellore,Vellore APMC,Snakeguard,Snakeguard,Local,06-09-2026,2500,2500,2500
Tamil Nadu,Vellore,Vellore APMC,Cucumbar(Kheera),Cucumbar,Local,06-09-2026,4000,4500,4250
Tamil Nadu,Vellore,Vellore APMC,Potato,Red Nanital,Local,06-09-2026,2200,2800,2500
Tamil Nadu,Vellore,Vellore APMC,Coriander(Leaves),I Sort,Local,06-09-2026,3000,3000,3000
Tamil Nadu,Vellore,Vellore APMC,Tomato,Deshi,Local,06-09-2026,2600,3000,2800
Tamil Nadu,Vellore,Vellore APMC,Amaranthus,Amaranthus,Local,06-09-2026,4000,4000,4000
Tamil Nadu,Vellore,Vellore APMC,Green Chilli,Green Chilly,Local,06-09-2026,3000,3500,3250
Tamil Nadu,Vellore,Vellore APMC,Capsicum,Capsicum,Local,06-09-2026,4800,4800,4800
Tamil Nadu,Vellore,Vellore APMC,Chow Chow,Chow Chow,Local,06-09-2026,3000,3000,3000
Tamil Nadu,Vellore,Vellore APMC,Drumstick,Drumstick,Local,06-09-2026,2500,3000,2750
Tamil Nadu,Vellore,Vellore APMC,Pomegranate,Pomogranate,Local,06-09-2026,15000,15000,15000
Tamil Nadu,Vellore,Vellore APMC,Custard Apple(Sharifa),Custard Apple(Sharifa),Local,06-09-2026,4000,4500,4250
Bihar,Supaul,Triveniganj APMC,Potato,Red Nanital,Grade A,06-09-2026,1500,1500,1500
Tamil Nadu,Dharmapuri,Harur(Uzhavar Sandhai ),Snakeguard,Snakeguard,Local,06-09-2026,3000,3500,3250
Tamil Nadu,Dharmapuri,Harur(Uzhavar Sandhai ),Banana,Besrai,Local,06-09-2026,4000,5000,4500
Tamil Nadu,Dharmapuri,Harur(Uzhavar Sandhai ),Garlic,Garlic,Local,06-09-2026,20000,25000,22500
Tamil Nadu,Dharmapuri,Harur(Uzhavar Sandhai ),Cauliflower,Ranchi,Local,06-09-2026,3500,4000,3750
Tamil Nadu,Dharmapuri,Harur(Uzhavar Sandhai ),Bottle gourd,Bottle Gourd,Local,06-09-2026,1500,1800,1650
Tamil Nadu,Dharmapuri,Harur(Uzhavar Sandhai ),Amaranthus,Amaranthus,Local,06-09-2026,3000,4000,3500
Tamil Nadu,Dharmapuri,Harur(Uzhavar Sandhai ),Green Chilli,Green Chilly,Local,06-09-2026,4000,4500,4250
Tamil Nadu,Dharmapuri,Harur(Uzhavar Sandhai ),Capsicum,Capsicum,Local,06-09-2026,5000,6000,5500
Tamil Nadu,Dharmapuri,Harur(Uzhavar Sandhai ),Knool Khol,Knool Khol,Local,06-09-2026,5000,6000,5500
Tamil Nadu,Dharmapuri,Harur(Uzhavar Sandhai ),Lemon,Lemon,Local,06-09-2026,10000,12000,11000
Tamil Nadu,Dharmapuri,Harur(Uzhavar Sandhai ),Amla(Nelli Kai),Amla,Local,06-09-2026,5000,6000,5500
Tamil Nadu,Krishnagiri,Kaveripattinam(Uzhavar Sandhai ),Banana,Besrai,Local,06-09-2026,4000,7000,5500
Tamil Nadu,Krishnagiri,Kaveripattinam(Uzhavar Sandhai ),Coriander(Leaves),I Sort,Local,06-09-2026,5000,5000,5000
Tamil Nadu,Krishnagiri,Kaveripattinam(Uzhavar Sandhai ),Tomato,Local,Local,06-09-2026,2500,2500,2500
Tamil Nadu,Krishnagiri,Kaveripattinam(Uzhavar Sandhai ),Amaranthus,Amaranthus,Local,06-09-2026,2000,2500,2250
Tamil Nadu,The Nilgiris,Gudalur(Uzhavar Sandhai ),Bhindi(Ladies Finger),Bhindi,Local,06-09-2026,4000,4400,4200
Tamil Nadu,The Nilgiris,Gudalur(Uzhavar Sandhai ),Ginger(Green),Green Ginger,Local,06-09-2026,15000,16000,15500
Tamil Nadu,The Nilgiris,Gudalur(Uzhavar Sandhai ),Onion Green,Onion Green,Local,06-09-2026,7500,7800,7650
Odisha,Bargarh,Attabira APMC,Cabbage,Cabbage,Local,06-09-2026,1450,1750,1600
Himachal Pradesh,Kullu,SMY Bhuntar,Tomato,Other,FAQ,06-09-2026,1000,3200,2200
Himachal Pradesh,Kullu,SMY Bhuntar,French Beans(Frasbean),Other,FAQ,06-09-2026,2000,3000,2500
Himachal Pradesh,Kullu,SMY Bhuntar,Raddish,Other,FAQ,06-09-2026,1500,2000,1800
Himachal Pradesh,Kullu,SMY Bhuntar,Garlic,Other,FAQ,06-09-2026,4000,16000,10000
Himachal Pradesh,Kullu,SMY Bhuntar,Lemon,Other,FAQ,06-09-2026,14000,15000,14500
Himachal Pradesh,Kullu,SMY Bhuntar,Persimon(Japani Fal),Other,Medium,06-09-2026,10000,11000,10500
Himachal Pradesh,Kullu,SMY Bhuntar,Karbuja(Musk Melon),Other,Medium,06-09-2026,10000,11000,10500
Uttar Pradesh,Agra,Agra APMC,Tomato,Other,FAQ,06-09-2026,1500,1500,1500
Punjab,Tarntaran,Patti APMC,Apple,Other,Grade B,06-09-2026,2000,2000,2000
Punjab,Tarntaran,Patti APMC,Colacasia,Other,Local,06-09-2026,0.12,0.12,0.12
Punjab,Tarntaran,Patti APMC,Pear(Marasebu),Other,Grade B,06-09-2026,3800,3800,3800
Punjab,Tarntaran,Patti APMC,Onion,Other,Non-FAQ,06-09-2026,0.18,0.18,0.18
Uttarakhand,Dehradoon,Vikasnagar APMC,Cucumbar(Kheera),Other,Medium,06-09-2026,500,500,500
Uttarakhand,Dehradoon,Vikasnagar APMC,Bottle gourd,Other,Medium,06-09-2026,700,800,800
Uttarakhand,Dehradoon,Vikasnagar APMC,Cabbage,Cabbage,Medium,06-09-2026,500,1500,800
Uttarakhand,Dehradoon,Vikasnagar APMC,Mousambi(Sweet Lime),Other,Medium,06-09-2026,1500,2200,2200
Uttarakhand,Dehradoon,Rishikesh APMC,Pear(Marasebu),Other,Medium,06-09-2026,4200,5500,5050
Uttarakhand,Dehradoon,Rishikesh APMC,Potato,Other,Medium,06-09-2026,740,965,835
Uttarakhand,Dehradoon,Rishikesh APMC,Pumpkin,Other,Medium,06-09-2026,1000,1600,1250
Uttarakhand,Dehradoon,Rishikesh APMC,Bottle gourd,Other,Medium,06-09-2026,800,1200,1100
Uttarakhand,Dehradoon,Rishikesh APMC,Green Chilli,Green Chilly,Medium,06-09-2026,2500,3400,3050
Uttarakhand,Dehradoon,Rishikesh APMC,Mousambi(Sweet Lime),Other,Medium,06-09-2026,2200,2750,2600
Uttar Pradesh,Auraiya,Auraiya APMC,Wood,Other,FAQ,06-09-2026,640,640,640
Uttar Pradesh,Auraiya,Auraiya APMC,Mustard,Other,FAQ,06-09-2026,7550,7550,7550
Telangana,Medchal Malkajgiri,"Kukatpally,RBZ",Little gourd(Kundru),Other,Local,06-09-2026,3500,3500,3500
Telangana,Medchal Malkajgiri,"Kukatpally,RBZ",Bitter gourd,Bitter Gourd,Local,06-09-2026,2600,2600,2600
Telangana,Medchal Malkajgiri,"Kukatpally,RBZ",Leafy Vegetable,Leafy Vegetables,Local,06-09-2026,2000,2000,2000
Telangana,Medchal Malkajgiri,"Kukatpally,RBZ",French Beans(Frasbean),French Beans (Frasbean),Local,06-09-2026,5500,5500,5500
Uttar Pradesh,Maharajganj,Partaval APMC,Wood,Eucalyptus,FAQ,06-09-2026,500,500,500
Uttarakhand,Udhamsinghnagar,Jaspur(UC) APMC,Cucumbar(Kheera),Cucumbar,FAQ,06-09-2026,1600,1600,1600
Andhra Pradesh,Annamayya,Kalikiri APMC,Tomato,Hybrid,FAQ,06-09-2026,1400,2000,1700
Andhra Pradesh,Prakasam,Santhamaguluru APMC,Paddy(Common),B P T,FAQ,06-09-2026,2500,2580,2550
Tripura,Dhalai,Kulai APMC,Ashgourd,Ashgourd,Grade B,06-09-2026,3500,4000,3800
Tripura,Dhalai,Kulai APMC,Brinjal,Round/Long,Grade B,06-09-2026,5600,6000,5800
Keralam,Kozhikode(Calicut),Mukkom Market,Bhindi(Ladies Finger),Bhindi,FAQ,06-09-2026,5000,5400,5200
Keralam,Kozhikode(Calicut),Mukkom Market,Cowpea(Veg),Cowpea (Veg),FAQ,06-09-2026,6500,7000,6800
Keralam,Kozhikode(Calicut),Mukkom Market,Banana,Other,Large,06-09-2026,7000,7500,7200
Keralam,Kozhikode(Calicut),Mukkom Market,Grapes,Other,Large,06-09-2026,8500,9000,8800
Keralam,Kozhikode(Calicut),Mukkom Market,Pineapple,Other,Large,06-09-2026,8400,9200,8800
Telangana,Hyderabad,RYTHU BAZAR FALAKNUMA,Tomato,Tomato,Local,06-09-2026,1500,1500,1500
Telangana,Hyderabad,RYTHU BAZAR FALAKNUMA,Green Chilli,Green Chilly,Grade A,06-09-2026,2800,2800,2800
Telangana,Hyderabad,RYTHU BAZAR FALAKNUMA,Brinjal,Brinjal,Grade A,06-09-2026,2300,2300,2300
Telangana,Hyderabad,RYTHU BAZAR FALAKNUMA,Carrot,Carrot,Grade A,06-09-2026,5000,5000,5000
Telangana,Hyderabad,RYTHU BAZAR FALAKNUMA,Potato,Potato,Grade A,06-09-2026,1700,1700,1700
Telangana,Hyderabad,RYTHU BAZAR FALAKNUMA,Drumstick,Drumstick,Grade A,06-09-2026,4000,4000,4000
Telangana,Hyderabad,RYTHU BAZAR FALAKNUMA,Other green and fresh vegetables,Other,Grade A,06-09-2026,1800,1800,1800
Odisha,Rayagada,Gunpur APMC,Cabbage,Cabbage,FAQ,06-09-2026,6680,7700,7220
Odisha,Rayagada,Gunpur APMC,Seetapal,Other,Medium,06-09-2026,7000,8480,7400
Odisha,Rayagada,Gunpur APMC,Tomato,Local,Medium,06-09-2026,1650,2150,1730
Punjab,Gurdaspur,Quadian APMC,Green Chilli,Other,Grade A,06-09-2026,2300,2500,2400
Punjab,Gurdaspur,Quadian APMC,Apple,Other,Grade A,06-09-2026,3800,4000,3900
Punjab,Gurdaspur,Quadian APMC,Onion,Other,Grade A,06-09-2026,3300,3500,3400
Punjab,Gurdaspur,Quadian APMC,Tomato,Other,Grade A,06-09-2026,3300,3500,3400
Keralam,Kollam,Anchal Market,Cabbage,Cabbage,Medium,06-09-2026,6500,6500,6500
Keralam,Kollam,Anchal Market,Banana,Rasakathai,Medium,06-09-2026,7600,7600,7600
Keralam,Kollam,Anchal Market,Papaya,Other,Local,06-09-2026,3700,3700,3700
Keralam,Kollam,Anchal Market,Brinjal,Brinjal,Local,06-09-2026,4700,4700,4700
Odisha,Bolangir,Kantabaji APMC,Brinjal,Other,Grade B,06-09-2026,2000,2800,2600
Telangana,Wanaparthy,Wanaparthy town APMC,Groundnut,Local,Local,06-09-2026,6216,9216,7891
Punjab,Sangrur,Ahmedgarh APMC,Pumpkin,Pumpkin,Medium,06-09-2026,1500,2000,2000
Keralam,Kottayam,Ettumanoor Market,Onion,Big,FAQ,06-09-2026,5400,6000,5600
Keralam,Kottayam,Ettumanoor Market,Bitter gourd,Bitter Gourd,FAQ,06-09-2026,7200,7600,7400
Keralam,Kottayam,Ettumanoor Market,Capsicum,Other,FAQ,06-09-2026,6200,6800,6600
Keralam,Kottayam,Ettumanoor Market,Cauliflower,Cauliflower,FAQ,06-09-2026,4200,4600,4400
Punjab,Tarntaran,Harike APMC,Bitter gourd,Bitter Gourd,FAQ,06-09-2026,500,600,550
Punjab,Tarntaran,Harike APMC,Bottle gourd,Bottle Gourd,FAQ,06-09-2026,500,600,550
Punjab,Tarntaran,Harike APMC,Brinjal,Brinjal,FAQ,06-09-2026,300,400,350
Karnataka,Vijayanagara,Hospet APMC,Ridgeguard(Tori),Ridgeguard(Tori),Local,06-09-2026,2000,2500,2500
Tamil Nadu,Thirupur,Tiruppur (South) (Uzhavar Sandhai ),Coconut,Coconut,Local,06-09-2026,5000,6000,5500
Tamil Nadu,Thirupur,Tiruppur (South) (Uzhavar Sandhai ),Potato,Other,Local,06-09-2026,4000,5000,4500
Tamil Nadu,Thirupur,Tiruppur (South) (Uzhavar Sandhai ),Cauliflower,Ranchi,Local,06-09-2026,3500,4000,3750
Tamil Nadu,Thirupur,Tiruppur (South) (Uzhavar Sandhai ),Bitter gourd,Other,Local,06-09-2026,5000,6000,5500
Tamil Nadu,Thirupur,Tiruppur (South) (Uzhavar Sandhai ),Bottle gourd,Bottle Gourd,Local,06-09-2026,1500,2000,1750
Tamil Nadu,Thirupur,Tiruppur (South) (Uzhavar Sandhai ),Pumpkin,Pumpkin,Local,06-09-2026,1500,2000,1750
Tamil Nadu,Thirupur,Tiruppur (South) (Uzhavar Sandhai ),Amla(Nelli Kai),Amla,Local,06-09-2026,6800,8000,7400
Tamil Nadu,Thirupur,Tiruppur (South) (Uzhavar Sandhai ),Mint(Pudina),Mint(Pudina),Local,06-09-2026,1500,2000,1750
Tamil Nadu,Erode,Perundurai(Uzhavar Sandhai ),Beetroot,Beetroot,Local,06-09-2026,6500,7000,6750
Tamil Nadu,Erode,Perundurai(Uzhavar Sandhai ),Potato,Red Nanital,Local,06-09-2026,3000,3200,3100
Tamil Nadu,Erode,Perundurai(Uzhavar Sandhai ),Cauliflower,Ranchi,Local,06-09-2026,2200,2600,2400
Tamil Nadu,Erode,Perundurai(Uzhavar Sandhai ),Coriander(Leaves),I Sort,Local,06-09-2026,3800,4000,3900
Tamil Nadu,Erode,Perundurai(Uzhavar Sandhai ),Tomato,Deshi,Local,06-09-2026,2500,2800,2650
Tamil Nadu,Erode,Perundurai(Uzhavar Sandhai ),Cluster beans,Cluster Beans,Local,06-09-2026,3000,3400,3200
Tamil Nadu,Erode,Perundurai(Uzhavar Sandhai ),Bitter gourd,Bitter Gourd,Local,06-09-2026,4200,4600,4400
Tamil Nadu,Erode,Perundurai(Uzhavar Sandhai ),Bhindi(Ladies Finger),Bhindi,Local,06-09-2026,2800,2800,2800
Tamil Nadu,Erode,Perundurai(Uzhavar Sandhai ),Banana - Green,Banana - Green,Local,06-09-2026,2800,3000,2900
Tamil Nadu,Erode,Perundurai(Uzhavar Sandhai ),Green Avare(W),Green Avare (W),Local,06-09-2026,5000,5500,5250
Tamil Nadu,Dharmapuri,Dharmapuri(Uzhavar Sandhai ),Onion,Bellary,Local,06-09-2026,5800,6200,6000
Tamil Nadu,Dharmapuri,Dharmapuri(Uzhavar Sandhai ),Garlic,Garlic,Local,06-09-2026,23000,24000,23500
Tamil Nadu,Dharmapuri,Dharmapuri(Uzhavar Sandhai ),Cluster beans,Cluster Beans,Local,06-09-2026,2200,2400,2300
Tamil Nadu,Dharmapuri,Dharmapuri(Uzhavar Sandhai ),Bitter gourd,Bitter Gourd,Local,06-09-2026,3700,4000,3850
Tamil Nadu,Dharmapuri,Dharmapuri(Uzhavar Sandhai ),Bottle gourd,Bottle Gourd,Local,06-09-2026,1500,1600,1550
Tamil Nadu,Dharmapuri,Dharmapuri(Uzhavar Sandhai ),Ashgourd,Gouard,Local,06-09-2026,1800,2000,1900
Tamil Nadu,Dharmapuri,Dharmapuri(Uzhavar Sandhai ),Tender Coconut,Tender Coconut,Local,06-09-2026,2800,3000,2900
Tamil Nadu,Dharmapuri,Dharmapuri(Uzhavar Sandhai ),Elephant Yam(Suran)/Amorphophallus,Elephant Yam (Suran),Local,06-09-2026,6200,6400,6300
Tamil Nadu,Dharmapuri,Dharmapuri(Uzhavar Sandhai ),Amla(Nelli Kai),Amla,Local,06-09-2026,8000,8500,8250
Tamil Nadu,Dharmapuri,Palacode(Uzhavar Sandhai ),Coconut,Coconut,Local,06-09-2026,6000,6500,6250
Tamil Nadu,Dharmapuri,Palacode(Uzhavar Sandhai ),Garlic,Garlic,Local,06-09-2026,17500,18000,17750
Tamil Nadu,Dharmapuri,Palacode(Uzhavar Sandhai ),Amaranthus,Amaranthus,Local,06-09-2026,2000,2500,2250
Tamil Nadu,Dharmapuri,Palacode(Uzhavar Sandhai ),Green Chilli,Green Chilly,Local,06-09-2026,3800,4000,3900
Tamil Nadu,Dharmapuri,Palacode(Uzhavar Sandhai ),Beans,Beans (Whole),Local,06-09-2026,9600,10000,9800
Tamil Nadu,Dharmapuri,Palacode(Uzhavar Sandhai ),Ginger(Green),Green Ginger,Local,06-09-2026,21500,22000,21750
Tamil Nadu,Dharmapuri,Palacode(Uzhavar Sandhai ),Onion Green,Onion Green,Local,06-09-2026,6000,6500,6250
Tamil Nadu,Dharmapuri,Pennagaram(Uzhavar Sandhai ),Beetroot,Beetroot,Local,06-09-2026,5200,5500,5350
Tamil Nadu,Dharmapuri,Pennagaram(Uzhavar Sandhai ),Ridgeguard(Tori),Ridgeguard(Tori),Local,06-09-2026,3300,3500,3400
Tamil Nadu,Dharmapuri,Pennagaram(Uzhavar Sandhai ),Onion,Bellary,Local,06-09-2026,5500,6000,5750
Tamil Nadu,Dharmapuri,Pennagaram(Uzhavar Sandhai ),Potato,Red Nanital,Local,06-09-2026,3300,3500,3400
Tamil Nadu,Dharmapuri,Pennagaram(Uzhavar Sandhai ),Coriander(Leaves),I Sort,Local,06-09-2026,5500,6000,5750
Tamil Nadu,Dharmapuri,Pennagaram(Uzhavar Sandhai ),Papaya,Papaya,Local,06-09-2026,3300,3500,3400
Tamil Nadu,Dharmapuri,Pennagaram(Uzhavar Sandhai ),Bhindi(Ladies Finger),Bhindi,Local,06-09-2026,2600,2800,2700
Tamil Nadu,Dharmapuri,Pennagaram(Uzhavar Sandhai ),Chow Chow,Chow Chow,Local,06-09-2026,4600,5000,4800
Tamil Nadu,Dharmapuri,Pennagaram(Uzhavar Sandhai ),Onion Green,Onion Green,Local,06-09-2026,5500,6000,5750
Tamil Nadu,Dindigul,Chinnalapatti(Uzhavar Sandhai ),Potato,Red Nanital,Local,06-09-2026,4000,6000,5000
Tamil Nadu,Dindigul,Chinnalapatti(Uzhavar Sandhai ),Tomato,Deshi,Local,06-09-2026,2500,3000,2750
Tamil Nadu,Dindigul,Chinnalapatti(Uzhavar Sandhai ),Cluster beans,Cluster Beans,Local,06-09-2026,3600,4000,3800
Tamil Nadu,Dindigul,Chinnalapatti(Uzhavar Sandhai ),Pumpkin,Pumpkin,Local,06-09-2026,1600,2000,1800
Tamil Nadu,Dindigul,Chinnalapatti(Uzhavar Sandhai ),Beans,Beans (Whole),Local,06-09-2026,7000,8000,7500
Tamil Nadu,Dindigul,Chinnalapatti(Uzhavar Sandhai ),Thondekai,Thondekai,Local,06-09-2026,3600,4000,3800
Tamil Nadu,Dindigul,Chinnalapatti(Uzhavar Sandhai ),Drumstick,Drumstick,Local,06-09-2026,3500,4000,3750
Tamil Nadu,Dindigul,Chinnalapatti(Uzhavar Sandhai ),Elephant Yam(Suran)/Amorphophallus,Elephant Yam (Suran),Local,06-09-2026,5600,6000,5800
Tamil Nadu,Dindigul,Chinnalapatti(Uzhavar Sandhai ),Mint(Pudina),Mint(Pudina),Local,06-09-2026,2500,3000,2750
Tamil Nadu,Dindigul,Dindigul(Uzhavar Sandhai ),Carrot,Pusakesar,Local,06-09-2026,7000,8000,7500
Tamil Nadu,Dindigul,Dindigul(Uzhavar Sandhai ),Brinjal,Other,Local,06-09-2026,6000,7000,6500
Tamil Nadu,Dindigul,Dindigul(Uzhavar Sandhai ),Cluster beans,Cluster Beans,Local,06-09-2026,3000,4000,3500
Tamil Nadu,Dindigul,Dindigul(Uzhavar Sandhai ),Ridgeguard(Tori),Ridgeguard(Tori),Local,06-09-2026,6000,7000,6500
Tamil Nadu,Dindigul,Dindigul(Uzhavar Sandhai ),Amaranthus,Amaranthus,Local,06-09-2026,2000,3000,2500
Tamil Nadu,Dindigul,Dindigul(Uzhavar Sandhai ),Green Chilli,Green Chilly,Local,06-09-2026,5000,6000,5500
Tamil Nadu,Dindigul,Dindigul(Uzhavar Sandhai ),Thondekai,Thondekai,Local,06-09-2026,3000,4000,3500
Tamil Nadu,Dindigul,Dindigul(Uzhavar Sandhai ),Capsicum,Capsicum,Local,06-09-2026,7000,8000,7500
Tamil Nadu,Dindigul,Dindigul(Uzhavar Sandhai ),Chow Chow,Chow Chow,Local,06-09-2026,3000,4000,3500
Tamil Nadu,Dindigul,Dindigul(Uzhavar Sandhai ),Drumstick,Drumstick,Local,06-09-2026,3000,4000,3500
Tamil Nadu,Dindigul,Dindigul(Uzhavar Sandhai ),Elephant Yam(Suran)/Amorphophallus,Elephant Yam (Suran),Local,06-09-2026,5000,6000,5500
Tamil Nadu,Dindigul,Dindigul(Uzhavar Sandhai ),Yam(Ratalu),Yam (Ratalu),Local,06-09-2026,8000,10000,9000
Tamil Nadu,Dindigul,Dindigul(Uzhavar Sandhai ),Mint(Pudina),Mint(Pudina),Local,06-09-2026,3000,3500,3250
Tamil Nadu,Dindigul,Palani(Uzhavar Sandhai ),Banana,Red Banana,Local,06-09-2026,8000,9000,8500
Tamil Nadu,Dindigul,Palani(Uzhavar Sandhai ),Bitter gourd,Bitter Gourd,Local,06-09-2026,4000,4800,4400
Tamil Nadu,Dindigul,Palani(Uzhavar Sandhai ),Ridgeguard(Tori),Ridgeguard(Tori),Local,06-09-2026,3000,5500,4250
Tamil Nadu,Dindigul,Palani(Uzhavar Sandhai ),Ashgourd,Gouard,Local,06-09-2026,1600,2000,1800
Tamil Nadu,Dindigul,Palani(Uzhavar Sandhai ),Bhindi(Ladies Finger),Bhindi,Local,06-09-2026,2500,3000,2750
Tamil Nadu,Dindigul,Palani(Uzhavar Sandhai ),Yam(Ratalu),Yam (Ratalu),Local,06-09-2026,7000,8000,7500
Tamil Nadu,Dindigul,Palani(Uzhavar Sandhai ),Lemon,Lemon,Local,06-09-2026,10000,12000,11000
Tamil Nadu,Dindigul,Palani(Uzhavar Sandhai ),Amla(Nelli Kai),Amla,Local,06-09-2026,6000,7000,6500
Tamil Nadu,Dindigul,Palani(Uzhavar Sandhai ),Onion Green,Onion Green,Local,06-09-2026,6000,7200,6600
Tamil Nadu,Erode,Periyar Nagar(Uzhavar Sandhai ),Snakeguard,Snakeguard,Local,06-09-2026,2500,2800,2650
Tamil Nadu,Erode,Periyar Nagar(Uzhavar Sandhai ),Papaya,Papaya,Local,06-09-2026,3000,3400,3200
Tamil Nadu,Erode,Periyar Nagar(Uzhavar Sandhai ),Cluster beans,Cluster Beans,Local,06-09-2026,2600,3000,2800
Tamil Nadu,Erode,Periyar Nagar(Uzhavar Sandhai ),Bottle gourd,Bottle Gourd,Local,06-09-2026,1500,2000,1750
Tamil Nadu,Erode,Periyar Nagar(Uzhavar Sandhai ),Amaranthus,Amaranthus,Local,06-09-2026,4000,4500,4250
Tamil Nadu,Erode,Periyar Nagar(Uzhavar Sandhai ),Green Chilli,Green Chilly,Local,06-09-2026,4500,5000,4750
Tamil Nadu,Erode,Periyar Nagar(Uzhavar Sandhai ),Raddish,Raddish,Local,06-09-2026,2000,2400,2200
Tamil Nadu,Kallakuruchi,Sankarapuram(Uzhavar Sandhai ),Coconut,Coconut,Local,06-09-2026,6000,6000,6000
Tamil Nadu,Kallakuruchi,Sankarapuram(Uzhavar Sandhai ),Carrot,Pusakesar,Local,06-09-2026,7000,7000,7000
Tamil Nadu,Kallakuruchi,Sankarapuram(Uzhavar Sandhai ),Beetroot,Beetroot,Local,06-09-2026,6000,6000,6000
Tamil Nadu,Kallakuruchi,Sankarapuram(Uzhavar Sandhai ),Mango,Neelam,Local,06-09-2026,5000,5000,5000
Tamil Nadu,Kallakuruchi,Sankarapuram(Uzhavar Sandhai ),Tomato,Deshi,Local,06-09-2026,2500,2500,2500
Tamil Nadu,Kallakuruchi,Sankarapuram(Uzhavar Sandhai ),Cluster beans,Cluster Beans,Local,06-09-2026,5000,5000,5000
Tamil Nadu,Kallakuruchi,Sankarapuram(Uzhavar Sandhai ),Drumstick,Drumstick,Local,06-09-2026,3000,3000,3000
Tamil Nadu,Kallakuruchi,Sankarapuram(Uzhavar Sandhai ),Guava,Guava Allahabad,Local,06-09-2026,6000,6000,6000
Tamil Nadu,Kallakuruchi,Sankarapuram(Uzhavar Sandhai ),Tender Coconut,Tender Coconut,Local,06-09-2026,3000,3000,3000
Tamil Nadu,Kancheepuram,Kancheepuram(Uzhavar Sandhai ),Onion,Bellary,Local,06-09-2026,5000,6000,5500
Tamil Nadu,Kancheepuram,Kancheepuram(Uzhavar Sandhai ),Tomato,Local,Local,06-09-2026,2200,3000,2600
Tamil Nadu,Kancheepuram,Kancheepuram(Uzhavar Sandhai ),Bottle gourd,Bottle Gourd,Local,06-09-2026,2500,3000,2750
Tamil Nadu,Kancheepuram,Kancheepuram(Uzhavar Sandhai ),Raddish,Raddish,Local,06-09-2026,3000,4000,3500
Tamil Nadu,Kancheepuram,Kancheepuram(Uzhavar Sandhai ),Green Avare(W),Other,Local,06-09-2026,5000,6000,5500
Tamil Nadu,Kancheepuram,Kancheepuram(Uzhavar Sandhai ),Mint(Pudina),Mint(Pudina),Local,06-09-2026,3500,4500,4000
Tamil Nadu,Kancheepuram,Kundrathur(Uzhavar Sandhai ),Tomato,Other,Local,06-09-2026,2500,2500,2500
Tamil Nadu,Kancheepuram,Kundrathur(Uzhavar Sandhai ),Amaranthus,Amaranthus,Local,06-09-2026,3000,3000,3000
Tamil Nadu,Kancheepuram,Kundrathur(Uzhavar Sandhai ),Raddish,Raddish,Local,06-09-2026,3000,3000,3000
Tamil Nadu,Kancheepuram,Padappai(Uzhavar Sandhai ),Sweet Corn ,Sweet Corn ,Local,06-09-2026,2500,3000,2750
Tamil Nadu,Kancheepuram,Padappai(Uzhavar Sandhai ),Snakeguard,Snakeguard,Local,06-09-2026,3000,3500,3250
Tamil Nadu,Kancheepuram,Padappai(Uzhavar Sandhai ),Beetroot,Beetroot,Local,06-09-2026,3000,4000,3500
Tamil Nadu,Kancheepuram,Padappai(Uzhavar Sandhai ),Potato,Other,Local,06-09-2026,2800,4000,3400
Tamil Nadu,Kancheepuram,Padappai(Uzhavar Sandhai ),Beans,Beans (Whole),Local,06-09-2026,7000,8000,7500
Tamil Nadu,Kancheepuram,Padappai(Uzhavar Sandhai ),Capsicum,Capsicum,Local,06-09-2026,4000,6000,5000
Tamil Nadu,Kancheepuram,Padappai(Uzhavar Sandhai ),Guava,Guava Allahabad,Local,06-09-2026,4000,5000,4500
Tamil Nadu,Kancheepuram,Sunguvarchatram(Uzhavar Sandhai ),Coconut,Coconut,Local,06-09-2026,5000,6000,5500
Tamil Nadu,Kancheepuram,Sunguvarchatram(Uzhavar Sandhai ),Snakeguard,Snakeguard,Local,06-09-2026,3000,3000,3000
Tamil Nadu,Kancheepuram,Sunguvarchatram(Uzhavar Sandhai ),Brinjal,Other,Local,06-09-2026,3500,3500,3500
Tamil Nadu,Kancheepuram,Sunguvarchatram(Uzhavar Sandhai ),Tomato,Other,Local,06-09-2026,2500,2500,2500
Tamil Nadu,Kancheepuram,Sunguvarchatram(Uzhavar Sandhai ),Bhindi(Ladies Finger),Bhindi,Local,06-09-2026,3000,3000,3000
Tamil Nadu,Kancheepuram,Sunguvarchatram(Uzhavar Sandhai ),Green Chilli,Green Chilly,Local,06-09-2026,6000,6000,6000
Tamil Nadu,Kancheepuram,Sunguvarchatram(Uzhavar Sandhai ),Beans,Beans (Whole),Local,06-09-2026,6500,7000,6750
Tamil Nadu,Krishnagiri,Avallapalli(Uzhavar Sandhai ),Sweet Potato,Hosur Red,Local,06-09-2026,5500,6000,5750
Tamil Nadu,Krishnagiri,Avallapalli(Uzhavar Sandhai ),Carrot,Pusakesar,Local,06-09-2026,4500,5000,4750
Tamil Nadu,Krishnagiri,Avallapalli(Uzhavar Sandhai ),Onion,Bellary,Local,06-09-2026,6000,6500,6250
Tamil Nadu,Krishnagiri,Avallapalli(Uzhavar Sandhai ),Garlic,Garlic,Local,06-09-2026,22000,24000,23000
Tamil Nadu,Krishnagiri,Avallapalli(Uzhavar Sandhai ),Cauliflower,Ranchi,Local,06-09-2026,3000,3500,3250
Tamil Nadu,Krishnagiri,Avallapalli(Uzhavar Sandhai ),Coriander(Leaves),I Sort,Local,06-09-2026,5500,6000,5750
Tamil Nadu,Krishnagiri,Avallapalli(Uzhavar Sandhai ),Beans,Beans (Whole),Local,06-09-2026,6000,7000,6500
Tamil Nadu,Krishnagiri,Avallapalli(Uzhavar Sandhai ),Elephant Yam(Suran)/Amorphophallus,Elephant Yam (Suran),Local,06-09-2026,3500,4000,3750
Tamil Nadu,Krishnagiri,Avallapalli(Uzhavar Sandhai ),Colacasia,Colacasia,Local,06-09-2026,4000,4500,4250
Tamil Nadu,Dharmapuri,Karimangalam(Uzhavar Sandhai),Cauliflower,Ranchi,Local,06-09-2026,3800,4000,3900
Tamil Nadu,Dharmapuri,Karimangalam(Uzhavar Sandhai),Bitter gourd,Other,Local,06-09-2026,3800,4000,3900
Tamil Nadu,Dharmapuri,Karimangalam(Uzhavar Sandhai),Raddish,Raddish,Local,06-09-2026,1200,1500,1350
Tamil Nadu,Dharmapuri,Karimangalam(Uzhavar Sandhai),Tapioca,Tapioca,Local,06-09-2026,2800,3000,2900
Tamil Nadu,Dharmapuri,Karimangalam(Uzhavar Sandhai),Thondekai,Thondekai,Local,06-09-2026,5000,5500,5250
Tamil Nadu,Krishnagiri,Denkanikottai(Uzhavar Sandhai ),Snakeguard,Snakeguard,Local,06-09-2026,2500,3000,2750
Tamil Nadu,Krishnagiri,Denkanikottai(Uzhavar Sandhai ),Cucumbar(Kheera),Cucumbar,Local,06-09-2026,2000,2500,2250
Tamil Nadu,Krishnagiri,Denkanikottai(Uzhavar Sandhai ),Garlic,Garlic,Local,06-09-2026,22000,24000,23000
Tamil Nadu,Krishnagiri,Denkanikottai(Uzhavar Sandhai ),Coriander(Leaves),I Sort,Local,06-09-2026,3500,4000,3750
Tamil Nadu,Krishnagiri,Denkanikottai(Uzhavar Sandhai ),Green Chilli,Green Chilly,Local,06-09-2026,4000,4500,4250
Tamil Nadu,Krishnagiri,Denkanikottai(Uzhavar Sandhai ),Banana - Green,Banana - Green,Local,06-09-2026,3500,4000,3750
Tamil Nadu,Krishnagiri,Denkanikottai(Uzhavar Sandhai ),Raddish,Raddish,Local,06-09-2026,1000,1500,1250
Tamil Nadu,Krishnagiri,Denkanikottai(Uzhavar Sandhai ),Drumstick,Drumstick,Local,06-09-2026,2500,3000,2750
Tamil Nadu,Krishnagiri,Denkanikottai(Uzhavar Sandhai ),Elephant Yam(Suran)/Amorphophallus,Elephant Yam (Suran),Local,06-09-2026,3500,4000,3750
Tamil Nadu,Krishnagiri,Hosur(Uzhavar Sandhai ),Betal Leaves,Mysore,Local,06-09-2026,10000,12000,11000
Tamil Nadu,Krishnagiri,Hosur(Uzhavar Sandhai ),Cabbage,Cabbage,Local,06-09-2026,1000,1500,1250
Tamil Nadu,Krishnagiri,Hosur(Uzhavar Sandhai ),Banana,Red Banana,Local,06-09-2026,8500,9000,8750
Tamil Nadu,Krishnagiri,Hosur(Uzhavar Sandhai ),Potato,Red Nanital,Local,06-09-2026,2000,2500,2250
Tamil Nadu,Krishnagiri,Hosur(Uzhavar Sandhai ),Garlic,Garlic,Local,06-09-2026,22000,24000,23000
Tamil Nadu,Krishnagiri,Hosur(Uzhavar Sandhai ),Water Melon,Water Melon,Local,06-09-2026,2000,2500,2250
Tamil Nadu,Krishnagiri,Hosur(Uzhavar Sandhai ),Tomato,Local,Local,06-09-2026,2000,2500,2250
Tamil Nadu,Krishnagiri,Hosur(Uzhavar Sandhai ),Amaranthus,Amaranthus,Local,06-09-2026,5500,6000,5750
Tamil Nadu,Krishnagiri,Hosur(Uzhavar Sandhai ),Thondekai,Thondekai,Local,06-09-2026,2000,2500,2250
Tamil Nadu,Krishnagiri,Hosur(Uzhavar Sandhai ),Drumstick,Drumstick,Local,06-09-2026,2500,3000,2750
Tamil Nadu,Krishnagiri,Hosur(Uzhavar Sandhai ),Tender Coconut,Tender Coconut,Local,06-09-2026,4500,5000,4750
Tamil Nadu,Krishnagiri,Hosur(Uzhavar Sandhai ),Jasmine,Jasmine,Local,06-09-2026,50000,60000,55000
Tamil Nadu,Krishnagiri,Hosur(Uzhavar Sandhai ),Onion Green,Onion Green,Local,06-09-2026,8500,9000,8750
Tamil Nadu,Krishnagiri,Hosur(Uzhavar Sandhai ),Baby Corn,Baby Corn,Grade A,06-09-2026,2500,3000,2750
Tamil Nadu,Madurai,Anaiyur(Uzhavar Sandhai ),Betal Leaves,Mysore,Local,06-09-2026,24000,28000,26000
Tamil Nadu,Madurai,Anaiyur(Uzhavar Sandhai ),Orange,Darjeeling,Local,06-09-2026,14000,16000,15000
Tamil Nadu,Madurai,Anaiyur(Uzhavar Sandhai ),Garlic,Garlic,Local,06-09-2026,14000,27000,20500
Tamil Nadu,Madurai,Anaiyur(Uzhavar Sandhai ),Green Peas,Green Peas,Local,06-09-2026,14000,16000,15000
Tamil Nadu,Madurai,Anaiyur(Uzhavar Sandhai ),Chikoos(Sapota),Sapota,Local,06-09-2026,4000,6000,5000
Tamil Nadu,Madurai,Anaiyur(Uzhavar Sandhai ),Bhindi(Ladies Finger),Bhindi,Local,06-09-2026,2800,3200,3000
Tamil Nadu,Madurai,Anaiyur(Uzhavar Sandhai ),Tapioca,Tapioca,Local,06-09-2026,3600,4000,3800
Tamil Nadu,Madurai,Anaiyur(Uzhavar Sandhai ),Thondekai,Thondekai,Local,06-09-2026,4500,4800,4650
Tamil Nadu,Madurai,Anaiyur(Uzhavar Sandhai ),Knool Khol,Knool Khol,Local,06-09-2026,3000,3600,3300
Tamil Nadu,Madurai,Anaiyur(Uzhavar Sandhai ),Guava,Guava Allahabad,Local,06-09-2026,7000,8000,7500
Tamil Nadu,Madurai,Usilampatti(Uzhavar Sandhai ),Ridgeguard(Tori),Ridgeguard(Tori),Local,06-09-2026,5000,5500,5250
Tamil Nadu,Madurai,Usilampatti(Uzhavar Sandhai ),Tomato,Deshi,Local,06-09-2026,2800,3200,3000
Tamil Nadu,Madurai,Usilampatti(Uzhavar Sandhai ),Bottle gourd,Bottle Gourd,Local,06-09-2026,2600,3000,2800
Tamil Nadu,Madurai,Usilampatti(Uzhavar Sandhai ),Onion Green,Onion Green,Local,06-09-2026,7500,8000,7750
Tamil Nadu,Nagapattinam,Sirkali(Uzhavar Sandhai ),Beetroot,Beetroot,Local,06-09-2026,4500,5000,4750
Tamil Nadu,Nagapattinam,Sirkali(Uzhavar Sandhai ),Banana,Besrai,Local,06-09-2026,4000,5000,4500
Tamil Nadu,Nagapattinam,Sirkali(Uzhavar Sandhai ),Bottle gourd,Bottle Gourd,Local,06-09-2026,2500,3000,2750
Tamil Nadu,Nagapattinam,Sirkali(Uzhavar Sandhai ),Bhindi(Ladies Finger),Bhindi,Local,06-09-2026,4500,5000,4750
Tamil Nadu,Nagapattinam,Sirkali(Uzhavar Sandhai ),Drumstick,Drumstick,Local,06-09-2026,5500,6000,5750
Tamil Nadu,Nagapattinam,Sirkali(Uzhavar Sandhai ),Guava,Guava Allahabad,Local,06-09-2026,4000,5000,4500
Tamil Nadu,Nagapattinam,Sirkali(Uzhavar Sandhai ),Lemon,Lemon,Local,06-09-2026,9000,10000,9500
Tamil Nadu,Nagapattinam,Sirkali(Uzhavar Sandhai ),Mint(Pudina),Mint(Pudina),Local,06-09-2026,4000,4500,4250
Tamil Nadu,Namakkal,Kumarapalayam(Uzhavar Sandhai ),Ridgeguard(Tori),Ridgeguard(Tori),Local,06-09-2026,5000,5500,5250
Tamil Nadu,Namakkal,Kumarapalayam(Uzhavar Sandhai ),Ashgourd,Gouard,Local,06-09-2026,2800,3000,2900
Tamil Nadu,Namakkal,Kumarapalayam(Uzhavar Sandhai ),Bhindi(Ladies Finger),Bhindi,Local,06-09-2026,2200,3000,2600
Tamil Nadu,Namakkal,Kumarapalayam(Uzhavar Sandhai ),Green Chilli,Green Chilly,Local,06-09-2026,5400,6000,5700
Tamil Nadu,Namakkal,Kumarapalayam(Uzhavar Sandhai ),Raddish,Raddish,Local,06-09-2026,2700,3500,3100
Tamil Nadu,Namakkal,Mohanur(Uzhavar Sandhai ),Coconut,Coconut,Local,06-09-2026,5600,6000,5800
Tamil Nadu,Namakkal,Mohanur(Uzhavar Sandhai ),Cabbage,Cabbage,Local,06-09-2026,3000,3500,3250
Tamil Nadu,Namakkal,Mohanur(Uzhavar Sandhai ),Beetroot,Beetroot,Local,06-09-2026,6000,7000,6500
Tamil Nadu,Namakkal,Mohanur(Uzhavar Sandhai ),Onion,Bellary,Local,06-09-2026,5500,6500,6000
Tamil Nadu,Namakkal,Mohanur(Uzhavar Sandhai ),Papaya,Papaya,Local,06-09-2026,3200,3600,3400
Tamil Nadu,Namakkal,Mohanur(Uzhavar Sandhai ),Ashgourd,Gouard,Local,06-09-2026,2400,2800,2600
Tamil Nadu,Namakkal,Mohanur(Uzhavar Sandhai ),Pumpkin,Pumpkin,Local,06-09-2026,2400,2800,2600
Tamil Nadu,Namakkal,Mohanur(Uzhavar Sandhai ),Onion Green,Onion Green,Local,06-09-2026,5000,8000,6500
Tamil Nadu,Namakkal,Namakkal(Uzhavar Sandhai ),Banana,Red Banana,Local,06-09-2026,7000,7500,7250
Tamil Nadu,Namakkal,Namakkal(Uzhavar Sandhai ),Raddish,Raddish,Local,06-09-2026,3000,3600,3300
Tamil Nadu,Namakkal,Namakkal(Uzhavar Sandhai ),Jack Fruit(Ripe),Jack Fruit,Local,06-09-2026,2500,3000,2750
Tamil Nadu,Namakkal,Namakkal(Uzhavar Sandhai ),Tender Coconut,Tender Coconut,Local,06-09-2026,2000,3500,2750
Tamil Nadu,Namakkal,Namakkal(Uzhavar Sandhai ),Mashrooms,Mashrooms,Local,06-09-2026,20000,25000,22500
Tamil Nadu,Namakkal,Namakkal(Uzhavar Sandhai ),Mint(Pudina),Mint(Pudina),Local,06-09-2026,3500,4000,3750
Tamil Nadu,Namakkal,Paramathivelur(Uzhavar Sandhai ),Bitter gourd,Bitter Gourd,Local,06-09-2026,6000,7000,6500
Tamil Nadu,Namakkal,Paramathivelur(Uzhavar Sandhai ),Mint(Pudina),Mint(Pudina),Local,06-09-2026,3000,4000,3500
Tamil Nadu,Namakkal,Paramathivelur(Uzhavar Sandhai ),Sweet Corn ,Sweet Corn ,Local,06-09-2026,4400,5000,4700
Tamil Nadu,Namakkal,Rasipuram(Uzhavar Sandhai ),Onion,Bellary,Local,06-09-2026,5800,6200,6000
Tamil Nadu,Namakkal,Rasipuram(Uzhavar Sandhai ),Chili Red,Bold,Local,06-09-2026,17000,18000,17500
Tamil Nadu,Namakkal,Rasipuram(Uzhavar Sandhai ),Cauliflower,Ranchi,Local,06-09-2026,3000,4000,3500
Tamil Nadu,Namakkal,Rasipuram(Uzhavar Sandhai ),Chikoos(Sapota),Sapota,Local,06-09-2026,4000,4500,4250
Tamil Nadu,Namakkal,Rasipuram(Uzhavar Sandhai ),Water Melon,Water Melon,Local,06-09-2026,1500,2000,1750
Tamil Nadu,Namakkal,Rasipuram(Uzhavar Sandhai ),Beans,Beans (Whole),Local,06-09-2026,7500,8500,8000
Tamil Nadu,Namakkal,Rasipuram(Uzhavar Sandhai ),Ginger(Green),Green Ginger,Local,06-09-2026,17000,18000,17500
Tamil Nadu,Namakkal,Rasipuram(Uzhavar Sandhai ),Thondekai,Thondekai,Local,06-09-2026,4500,5000,4750
Tamil Nadu,Namakkal,Rasipuram(Uzhavar Sandhai ),Fig(Anjura/Anjeer),Anjura,Local,06-09-2026,13000,15000,14000
Tamil Nadu,Namakkal,Rasipuram(Uzhavar Sandhai ),Tamarind Fruit,Tamarind Fruit,Local,06-09-2026,13000,15000,14000
Tamil Nadu,Namakkal,Rasipuram(Uzhavar Sandhai ),Rose(Local),Rose (Local),Local,06-09-2026,12000,14000,13000
Tamil Nadu,Thanjavur,Tirukattupalli(Uzhavar Sandhai ),Coconut,Coconut,Local,06-09-2026,6000,6000,6000
Tamil Nadu,Madurai,Palanganatham(Uzhavar Sandhai ),Onion,Bellary,Local,06-09-2026,6000,6500,6250
Tamil Nadu,Madurai,Palanganatham(Uzhavar Sandhai ),Brinjal,Other,Local,06-09-2026,3600,4200,3900
Tamil Nadu,Madurai,Palanganatham(Uzhavar Sandhai ),Amaranthus,Amaranthus,Local,06-09-2026,3000,3900,3450
Tamil Nadu,Madurai,Palanganatham(Uzhavar Sandhai ),Capsicum,Capsicum,Local,06-09-2026,7000,8000,7500
Tamil Nadu,Madurai,Palanganatham(Uzhavar Sandhai ),Green Avare(W),Green Avare (W),Local,06-09-2026,5000,9000,7000
Tamil Nadu,Madurai,Palanganatham(Uzhavar Sandhai ),Knool Khol,Knool Khol,Local,06-09-2026,3000,3600,3300
Tamil Nadu,Madurai,Palanganatham(Uzhavar Sandhai ),Lime,Lime,Local,06-09-2026,12000,15000,13500
Tamil Nadu,Madurai,Palanganatham(Uzhavar Sandhai ),Guava,Guava Allahabad,Local,06-09-2026,6000,7000,6500
Tamil Nadu,Madurai,Palanganatham(Uzhavar Sandhai ),Yam(Ratalu),Yam (Ratalu),Local,06-09-2026,6000,7000,6500
Tamil Nadu,Madurai,Palanganatham(Uzhavar Sandhai ),Onion Green,Onion Green,Local,06-09-2026,7000,8000,7500
Tamil Nadu,Madurai,Palanganatham(Uzhavar Sandhai ),Mint(Pudina),Mint(Pudina),Local,06-09-2026,4000,5000,4500
Tamil Nadu,Madurai,Anna nagar(Uzhavar Sandhai ),Brinjal,Round,Local,06-09-2026,4000,5000,4500
Tamil Nadu,Madurai,Anna nagar(Uzhavar Sandhai ),Cucumbar(Kheera),Cucumbar,Local,06-09-2026,4600,4600,4600
Tamil Nadu,Madurai,Anna nagar(Uzhavar Sandhai ),Apple,American,Local,06-09-2026,19000,24000,21500
Tamil Nadu,Madurai,Anna nagar(Uzhavar Sandhai ),Onion,Bellary,Local,06-09-2026,6000,6800,6400
Tamil Nadu,Madurai,Anna nagar(Uzhavar Sandhai ),Brinjal,Other,Local,06-09-2026,2600,2600,2600
Tamil Nadu,Madurai,Anna nagar(Uzhavar Sandhai ),Coriander(Leaves),I Sort,Local,06-09-2026,3000,3000,3000
Tamil Nadu,Madurai,Anna nagar(Uzhavar Sandhai ),Bhindi(Ladies Finger),Bhindi,Local,06-09-2026,3000,3600,3300
Tamil Nadu,Madurai,Anna nagar(Uzhavar Sandhai ),Tapioca,Tapioca,Local,06-09-2026,4000,4000,4000
Tamil Nadu,Madurai,Anna nagar(Uzhavar Sandhai ),Guava,Guava Allahabad,Local,06-09-2026,7500,11000,9250
Tamil Nadu,Madurai,Anna nagar(Uzhavar Sandhai ),Marigold(Calcutta),Marigold(Calcutta),Local,06-09-2026,8000,8000,8000
Tamil Nadu,Madurai,Anna nagar(Uzhavar Sandhai ),Yam(Ratalu),Yam (Ratalu),Local,06-09-2026,6400,6400,6400
Tamil Nadu,Madurai,Anna nagar(Uzhavar Sandhai ),Lemon,Lemon,Local,06-09-2026,21000,21000,21000
Tamil Nadu,Madurai,Anna nagar(Uzhavar Sandhai ),Turnip,Turnip,Local,06-09-2026,5000,6000,5500
Tamil Nadu,Madurai,Anna nagar(Uzhavar Sandhai ),Amla(Nelli Kai),Amla,Local,06-09-2026,8000,9000,8500
Tamil Nadu,Madurai,Anna nagar(Uzhavar Sandhai ),Tube Rose(Loose),Tube Rose (Loose),Local,06-09-2026,20000,20000,20000
Tamil Nadu,Perambalur,Perambalur(Uzhavar Sandhai ),Sweet Potato,Hosur Red,Local,06-09-2026,5600,6400,6000
Tamil Nadu,Perambalur,Perambalur(Uzhavar Sandhai ),Groundnut,Big (With Shell),Local,06-09-2026,8000,9000,8500
Tamil Nadu,Perambalur,Perambalur(Uzhavar Sandhai ),Apple,American,Local,06-09-2026,18000,20000,19000
Tamil Nadu,Perambalur,Perambalur(Uzhavar Sandhai ),Potato,Other,Local,06-09-2026,2500,3000,2750
Tamil Nadu,Perambalur,Perambalur(Uzhavar Sandhai ),Mousambi(Sweet Lime),Mousambi,Local,06-09-2026,7000,8000,7500
Tamil Nadu,Perambalur,Perambalur(Uzhavar Sandhai ),Bottle gourd,Bottle Gourd,Local,06-09-2026,1500,1800,1650
Tamil Nadu,Perambalur,Perambalur(Uzhavar Sandhai ),Beans,Beans (Whole),Local,06-09-2026,9000,10000,9500
Tamil Nadu,Perambalur,Perambalur(Uzhavar Sandhai ),Raddish,Raddish,Local,06-09-2026,2400,2800,2600
Tamil Nadu,Perambalur,Perambalur(Uzhavar Sandhai ),Green Avare(W),Other,Local,06-09-2026,7200,10000,8600
Tamil Nadu,Perambalur,Perambalur(Uzhavar Sandhai ),Yam(Ratalu),Yam (Ratalu),Local,06-09-2026,5000,6800,5900
Tamil Nadu,Perambalur,Perambalur(Uzhavar Sandhai ),Indian Beans(Seam),Indian Beans (Seam),Local,06-09-2026,8000,8800,8400
Tamil Nadu,Perambalur,Perambalur(Uzhavar Sandhai ),Mashrooms,Mashrooms,Local,06-09-2026,20000,20000,20000
Tamil Nadu,Perambalur,Perambalur(Uzhavar Sandhai ),Onion Green,Onion Green,Local,06-09-2026,3500,7000,5250
Tamil Nadu,Salem,Mecheri(Uzhavar Sandhai),Coconut,Coconut,Local,06-09-2026,5500,6000,5750
Tamil Nadu,Salem,Mecheri(Uzhavar Sandhai),Banana,Karpura,Local,06-09-2026,4500,5000,4750
Tamil Nadu,Salem,Mecheri(Uzhavar Sandhai),Coriander(Leaves),I Sort,Local,06-09-2026,1600,2000,1800
Tamil Nadu,Salem,Mecheri(Uzhavar Sandhai),Cluster beans,Cluster Beans,Local,06-09-2026,3000,3500,3250
Tamil Nadu,Salem,Mecheri(Uzhavar Sandhai),Mint(Pudina),Mint(Pudina),Local,06-09-2026,2500,3000,2750
Tamil Nadu,Ranipet,Arcot(Uzhavar Sandhai ),Carrot,Pusakesar,Local,06-09-2026,6000,6000,6000
Tamil Nadu,Ranipet,Arcot(Uzhavar Sandhai ),Banana,Other,Local,06-09-2026,6000,6000,6000
Tamil Nadu,Ranipet,Arcot(Uzhavar Sandhai ),Garlic,Garlic,Local,06-09-2026,20000,20000,20000
Tamil Nadu,Ranipet,Arcot(Uzhavar Sandhai ),Cauliflower,Ranchi,Local,06-09-2026,3000,4000,3500
Tamil Nadu,Ranipet,Arcot(Uzhavar Sandhai ),Cluster beans,Cluster Beans,Local,06-09-2026,2400,2400,2400
Tamil Nadu,Ranipet,Arcot(Uzhavar Sandhai ),Amaranthus,Amaranthus,Local,06-09-2026,2500,3000,2750
Tamil Nadu,Ranipet,Arcot(Uzhavar Sandhai ),Knool Khol,Knool Khol,Local,06-09-2026,4000,4000,4000
Tamil Nadu,Ranipet,Arcot(Uzhavar Sandhai ),Indian Beans(Seam),Indian Beans (Seam),Local,06-09-2026,6000,6000,6000
Tamil Nadu,Ranipet,Arcot(Uzhavar Sandhai ),Lemon,Lemon,Local,06-09-2026,16000,16000,16000
Tamil Nadu,Ranipet,Ranipettai(Uzhavar Sandhai ),Carrot,Pusakesar,Local,06-09-2026,4400,5600,5000
Tamil Nadu,Ranipet,Ranipettai(Uzhavar Sandhai ),Banana,Red Banana,Local,06-09-2026,10000,10000,10000
Tamil Nadu,Ranipet,Ranipettai(Uzhavar Sandhai ),Onion,Bellary,Local,06-09-2026,5600,5600,5600
Tamil Nadu,Ranipet,Ranipettai(Uzhavar Sandhai ),Garlic,Garlic,Local,06-09-2026,26000,26000,26000
Tamil Nadu,Ranipet,Ranipettai(Uzhavar Sandhai ),Green Peas,Green Peas,Local,06-09-2026,18000,18000,18000
Tamil Nadu,Ranipet,Ranipettai(Uzhavar Sandhai ),Bitter gourd,Other,Local,06-09-2026,3600,3600,3600
Tamil Nadu,Ranipet,Ranipettai(Uzhavar Sandhai ),Ashgourd,Gouard,Local,06-09-2026,3000,3000,3000
Tamil Nadu,Ranipet,Ranipettai(Uzhavar Sandhai ),Banana - Green,Banana - Green,Local,06-09-2026,6000,6000,6000
Tamil Nadu,Ranipet,Ranipettai(Uzhavar Sandhai ),Knool Khol,Knool Khol,Local,06-09-2026,3500,3500,3500
Tamil Nadu,Ranipet,Ranipettai(Uzhavar Sandhai ),Guava,Guava Allahabad,Local,06-09-2026,6000,8000,7000
Tamil Nadu,Ranipet,Ranipettai(Uzhavar Sandhai ),Marigold(Calcutta),Marigold(Calcutta),Local,06-09-2026,24000,30000,27000
Tamil Nadu,Ranipet,Ranipettai(Uzhavar Sandhai ),Mint(Pudina),Mint(Pudina),Local,06-09-2026,3000,3000,3000
Tamil Nadu,Salem,Ammapet(Uzhavar Sandhai ),Apple,American,Local,06-09-2026,18000,20000,19000
Tamil Nadu,Salem,Ammapet(Uzhavar Sandhai ),Cauliflower,Ranchi,Local,06-09-2026,2400,3000,2700
Tamil Nadu,Salem,Ammapet(Uzhavar Sandhai ),Chikoos(Sapota),Sapota,Local,06-09-2026,4000,5000,4500
Tamil Nadu,Salem,Ammapet(Uzhavar Sandhai ),Mousambi(Sweet Lime),Mousambi,Local,06-09-2026,3600,4000,3800
Tamil Nadu,Salem,Ammapet(Uzhavar Sandhai ),Ashgourd,Gouard,Local,06-09-2026,2200,2400,2300
Tamil Nadu,Salem,Ammapet(Uzhavar Sandhai ),Bhindi(Ladies Finger),Bhindi,Local,06-09-2026,2400,2800,2600
Tamil Nadu,Salem,Ammapet(Uzhavar Sandhai ),Beans,Beans (Whole),Local,06-09-2026,7000,8000,7500
Tamil Nadu,Salem,Ammapet(Uzhavar Sandhai ),Thondekai,Thondekai,Local,06-09-2026,3600,4000,3800
Tamil Nadu,Salem,Ammapet(Uzhavar Sandhai ),Capsicum,Capsicum,Local,06-09-2026,5000,6000,5500
Tamil Nadu,Salem,Ammapet(Uzhavar Sandhai ),Drumstick,Drumstick,Local,06-09-2026,2200,2500,2350
Tamil Nadu,Salem,Ammapet(Uzhavar Sandhai ),Tender Coconut,Tender Coconut,Local,06-09-2026,2000,4000,3000
Tamil Nadu,Salem,Ammapet(Uzhavar Sandhai ),Marigold(Calcutta),Marigold(Calcutta),Local,06-09-2026,11000,12000,11500
Tamil Nadu,Salem,Mettur(Uzhavar Sandhai ),Snakeguard,Snakeguard,Local,06-09-2026,3500,3800,3650
Tamil Nadu,Salem,Mettur(Uzhavar Sandhai ),Cucumbar(Kheera),Cucumbar,Local,06-09-2026,3500,4000,3750
Tamil Nadu,Salem,Mettur(Uzhavar Sandhai ),Groundnut,Big (With Shell),Local,06-09-2026,5500,6000,5750
Tamil Nadu,Salem,Mettur(Uzhavar Sandhai ),Onion,Bellary,Local,06-09-2026,5500,6500,6000
Tamil Nadu,Salem,Mettur(Uzhavar Sandhai ),Papaya,Papaya,Local,06-09-2026,2500,3000,2750
Tamil Nadu,Salem,Mettur(Uzhavar Sandhai ),Bitter gourd,Other,Local,06-09-2026,4500,5000,4750
Tamil Nadu,Salem,Mettur(Uzhavar Sandhai ),Amaranthus,Amaranthus,Local,06-09-2026,2000,2500,2250
Tamil Nadu,Salem,Mettur(Uzhavar Sandhai ),Thondekai,Thondekai,Local,06-09-2026,4500,5000,4750
Tamil Nadu,Salem,Mettur(Uzhavar Sandhai ),Capsicum,Capsicum,Local,06-09-2026,5500,6000,5750
Tamil Nadu,Salem,Mettur(Uzhavar Sandhai ),Marigold(Calcutta),Marigold(Calcutta),Local,06-09-2026,16000,18000,17000
Tamil Nadu,Salem,Mettur(Uzhavar Sandhai ),Mint(Pudina),Mint(Pudina),Local,06-09-2026,2500,3000,2750
Tamil Nadu,Salem,Mettur(Uzhavar Sandhai ),Sweet Corn ,Sweet Corn ,Local,06-09-2026,3500,4000,3750
Tamil Nadu,Salem,Sooramangalam(Uzhavar Sandhai ),Cabbage,Cabbage,Local,06-09-2026,2500,3000,2750
Tamil Nadu,Salem,Sooramangalam(Uzhavar Sandhai ),Cucumbar(Kheera),Cucumbar,Local,06-09-2026,3000,3500,3250
Tamil Nadu,Salem,Sooramangalam(Uzhavar Sandhai ),Banana,Red Banana,Local,06-09-2026,7000,7500,7250
Tamil Nadu,Salem,Sooramangalam(Uzhavar Sandhai ),Coriander(Leaves),I Sort,Local,06-09-2026,3400,3600,3500
Tamil Nadu,Salem,Sooramangalam(Uzhavar Sandhai ),Green Peas,Green Peas,Local,06-09-2026,13500,13800,13650
Tamil Nadu,Salem,Sooramangalam(Uzhavar Sandhai ),Bottle gourd,Bottle Gourd,Local,06-09-2026,2000,2800,2400
Tamil Nadu,Salem,Sooramangalam(Uzhavar Sandhai ),Green Chilli,Green Chilly,Local,06-09-2026,3600,3800,3700
Tamil Nadu,Salem,Sooramangalam(Uzhavar Sandhai ),Tender Coconut,Tender Coconut,Local,06-09-2026,3500,4000,3750
Tamil Nadu,Salem,Sooramangalam(Uzhavar Sandhai ),Marigold(Calcutta),Marigold(Calcutta),Local,06-09-2026,10000,12000,11000
Tamil Nadu,Salem,Sooramangalam(Uzhavar Sandhai ),Elephant Yam(Suran)/Amorphophallus,Elephant Yam (Suran),Local,06-09-2026,4500,5000,4750
Tamil Nadu,Salem,Sooramangalam(Uzhavar Sandhai ),Colacasia,Colacasia,Local,06-09-2026,6500,7000,6750
Tamil Nadu,Salem,Sooramangalam(Uzhavar Sandhai ),Amla(Nelli Kai),Amla,Local,06-09-2026,7000,8000,7500
Tamil Nadu,Thiruchirappalli,Thuraiyur APMC,Cabbage,Cabbage,Local,06-09-2026,2500,3000,2750
Tamil Nadu,Thiruchirappalli,Thuraiyur APMC,Banana,Besrai,Local,06-09-2026,4000,5000,4500
Tamil Nadu,Thiruchirappalli,Thuraiyur APMC,Potato,Other,Local,06-09-2026,2200,2600,2400
Tamil Nadu,Thiruchirappalli,Thuraiyur APMC,Brinjal,Other,Local,06-09-2026,2500,3000,2750
Tamil Nadu,Thiruchirappalli,Thuraiyur APMC,Bottle gourd,Bottle Gourd,Local,06-09-2026,2000,2500,2250
Tamil Nadu,Thiruchirappalli,Thuraiyur APMC,Mango(Raw-Ripe),Mango - Raw-Ripe,Local,06-09-2026,9000,10000,9500
Tamil Nadu,Thiruchirappalli,Thuraiyur APMC,Knool Khol,Knool Khol,Local,06-09-2026,3000,3500,3250
Tamil Nadu,Thiruchirappalli,Thuraiyur APMC,Yam(Ratalu),Yam (Ratalu),Local,06-09-2026,6500,7500,7000
Tamil Nadu,Thiruchirappalli,Thuraiyur APMC,Onion Green,Onion Green,Local,06-09-2026,7000,8000,7500
Tamil Nadu,Salem,Thammampatti (Uzhavar Sandhai ),Carrot,Pusakesar,Local,06-09-2026,5500,6000,5750
Tamil Nadu,Salem,Thammampatti (Uzhavar Sandhai ),Cabbage,Cabbage,Local,06-09-2026,3500,4000,3750
Tamil Nadu,Salem,Thammampatti (Uzhavar Sandhai ),Onion,Bellary,Local,06-09-2026,6000,6500,6250
Tamil Nadu,Salem,Thammampatti (Uzhavar Sandhai ),Papaya,Papaya,Local,06-09-2026,2500,3000,2750
Tamil Nadu,Salem,Thammampatti (Uzhavar Sandhai ),Tomato,Deshi,Local,06-09-2026,2000,2500,2250
Tamil Nadu,Salem,Thammampatti (Uzhavar Sandhai ),Thondekai,Thondekai,Local,06-09-2026,5000,6000,5500
Tamil Nadu,Salem,Thammampatti (Uzhavar Sandhai ),Green Avare(W),Green Avare (W),Local,06-09-2026,7000,7500,7250
Tamil Nadu,Salem,Thammampatti (Uzhavar Sandhai ),Tender Coconut,Tender Coconut,Local,06-09-2026,3000,4000,3500
Tamil Nadu,Salem,Thammampatti (Uzhavar Sandhai ),Lemon,Lemon,Local,06-09-2026,6000,8000,7000
Tamil Nadu,Salem,Thammampatti (Uzhavar Sandhai ),Mint(Pudina),Mint(Pudina),Local,06-09-2026,3500,4000,3750
Tamil Nadu,Salem,Thammampatti (Uzhavar Sandhai ),Baby Corn,Baby Corn,Grade A,06-09-2026,2500,3000,2750
Tamil Nadu,Salem,Thathakapatti(Uzhavar Sandhai ),Coconut,Coconut,Local,06-09-2026,6000,6500,6250
Tamil Nadu,Salem,Thathakapatti(Uzhavar Sandhai ),Sweet Potato,Hosur Red,Local,06-09-2026,4000,5000,4500
Tamil Nadu,Salem,Thathakapatti(Uzhavar Sandhai ),Cabbage,Cabbage,Local,06-09-2026,2500,3000,2750
Tamil Nadu,Salem,Thathakapatti(Uzhavar Sandhai ),Brinjal,Round,Local,06-09-2026,3400,3800,3600
Tamil Nadu,Salem,Thathakapatti(Uzhavar Sandhai ),Water Melon,Water Melon,Local,06-09-2026,1500,1800,1650
Tamil Nadu,Salem,Thathakapatti(Uzhavar Sandhai ),Lemon,Lemon,Local,06-09-2026,18000,20000,19000
Tamil Nadu,Theni,Chinnamanur(Uzhavar Sandhai ),Coconut,Coconut,Local,06-09-2026,5600,5600,5600
Tamil Nadu,Theni,Chinnamanur(Uzhavar Sandhai ),Garlic,Garlic,Local,06-09-2026,12000,24000,18000
Tamil Nadu,Theni,Chinnamanur(Uzhavar Sandhai ),Cauliflower,Ranchi,Local,06-09-2026,3500,4000,3750
Tamil Nadu,Theni,Chinnamanur(Uzhavar Sandhai ),Bottle gourd,Bottle Gourd,Local,06-09-2026,2000,2000,2000
Tamil Nadu,Theni,Chinnamanur(Uzhavar Sandhai ),Beans,Beans (Whole),Local,06-09-2026,8000,9000,8500
Tamil Nadu,Theni,Chinnamanur(Uzhavar Sandhai ),Ginger(Green),Green Ginger,Local,06-09-2026,7000,14500,10750
Tamil Nadu,Theni,Kambam(Uzhavar Sandhai ),Banana,Besrai,Local,06-09-2026,6000,6000,6000
Tamil Nadu,Theni,Kambam(Uzhavar Sandhai ),Cauliflower,Ranchi,Local,06-09-2026,3000,3500,3250
Tamil Nadu,Theni,Kambam(Uzhavar Sandhai ),Brinjal,Round,Local,06-09-2026,3500,3500,3500
Tamil Nadu,Theni,Kambam(Uzhavar Sandhai ),Ridgeguard(Tori),Ridgeguard(Tori),Local,06-09-2026,3800,3800,3800
Tamil Nadu,Theni,Kambam(Uzhavar Sandhai ),Cowpea(Veg),Cowpea (Veg),Local,06-09-2026,3000,5000,4000
Tamil Nadu,Theni,Kambam(Uzhavar Sandhai ),Banana - Green,Banana - Green,Local,06-09-2026,3600,3600,3600
Tamil Nadu,Theni,Kambam(Uzhavar Sandhai ),Drumstick,Drumstick,Local,06-09-2026,3000,3400,3200
Tamil Nadu,Theni,Kambam(Uzhavar Sandhai ),Knool Khol,Knool Khol,Local,06-09-2026,3000,3000,3000
Tamil Nadu,Theni,Kambam(Uzhavar Sandhai ),Mint(Pudina),Mint(Pudina),Local,06-09-2026,5000,5000,5000
Tamil Nadu,Theni,Theni(Uzhavar Sandhai ),Apple,American,Local,06-09-2026,14000,26000,20000
Tamil Nadu,Theni,Theni(Uzhavar Sandhai ),Cauliflower,Ranchi,Local,06-09-2026,3000,3500,3250
Tamil Nadu,Theni,Theni(Uzhavar Sandhai ),Brinjal,Other,Local,06-09-2026,3000,3500,3250
Tamil Nadu,Theni,Theni(Uzhavar Sandhai ),Coriander(Leaves),I Sort,Local,06-09-2026,2500,2500,2500
Tamil Nadu,Theni,Theni(Uzhavar Sandhai ),Papaya,Papaya,Local,06-09-2026,2500,3500,3000
Tamil Nadu,Theni,Theni(Uzhavar Sandhai ),Pumpkin,Pumpkin,Local,06-09-2026,1500,1800,1650
Tamil Nadu,Theni,Theni(Uzhavar Sandhai ),Chow Chow,Chow Chow,Local,06-09-2026,2600,2600,2600
Tamil Nadu,Theni,Theni(Uzhavar Sandhai ),Lime,Lime,Local,06-09-2026,9000,12000,10500
Tamil Nadu,Theni,Theni(Uzhavar Sandhai ),Karbuja(Musk Melon),Karbhuja,Local,06-09-2026,6000,6000,6000
Tamil Nadu,Thirunelveli,Kandiyaperi(Uzhavar Sandhai ),Green Chilli,Green Chilly,Local,06-09-2026,3000,3600,3300
Tamil Nadu,Thirunelveli,NGO Colony(Uzhavar Sandhai ),Carrot,Pusakesar,Local,06-09-2026,4500,5600,5050
Tamil Nadu,Thirunelveli,NGO Colony(Uzhavar Sandhai ),Cabbage,Cabbage,Local,06-09-2026,2500,3000,2750
Tamil Nadu,Thirunelveli,NGO Colony(Uzhavar Sandhai ),Beetroot,Beetroot,Local,06-09-2026,2500,3200,2850
Tamil Nadu,Thirunelveli,NGO Colony(Uzhavar Sandhai ),Cauliflower,Ranchi,Local,06-09-2026,3000,4600,3800
Tamil Nadu,Thirunelveli,NGO Colony(Uzhavar Sandhai ),Ashgourd,Gouard,Local,06-09-2026,1000,1200,1100
Tamil Nadu,Thirunelveli,NGO Colony(Uzhavar Sandhai ),Bhindi(Ladies Finger),Bhindi,Local,06-09-2026,2500,3200,2850
Tamil Nadu,Thirunelveli,NGO Colony(Uzhavar Sandhai ),Ridgeguard(Tori),Ridgeguard(Tori),Local,06-09-2026,3500,4000,3750
Tamil Nadu,Thirunelveli,NGO Colony(Uzhavar Sandhai ),Amaranthus,Amaranthus,Local,06-09-2026,1000,1500,1250
Tamil Nadu,Thirunelveli,NGO Colony(Uzhavar Sandhai ),Green Chilli,Green Chilly,Local,06-09-2026,3000,3600,3300
Tamil Nadu,Thirunelveli,NGO Colony(Uzhavar Sandhai ),Raddish,Raddish,Local,06-09-2026,3000,3500,3250
Tamil Nadu,Thirunelveli,NGO Colony(Uzhavar Sandhai ),Ginger(Green),Green Ginger,Local,06-09-2026,15000,16000,15500
Tamil Nadu,Thirunelveli,NGO Colony(Uzhavar Sandhai ),Drumstick,Drumstick,Local,06-09-2026,2500,3200,2850
Tamil Nadu,Thirunelveli,NGO Colony(Uzhavar Sandhai ),Mint(Pudina),Mint(Pudina),Local,06-09-2026,5000,5500,5250
Tamil Nadu,Thirunelveli,Palayamkottai(Uzhavar Sandhai ),Snakeguard,Snakeguard,Local,06-09-2026,1800,2000,1900
Tamil Nadu,Thirunelveli,Palayamkottai(Uzhavar Sandhai ),Apple,American,Local,06-09-2026,16000,20000,18000
Tamil Nadu,Thirunelveli,Palayamkottai(Uzhavar Sandhai ),Banana,Red Banana,Local,06-09-2026,9000,10000,9500
Tamil Nadu,Thirunelveli,Palayamkottai(Uzhavar Sandhai ),Coriander(Leaves),I Sort,Local,06-09-2026,3500,4000,3750
Tamil Nadu,Thirunelveli,Palayamkottai(Uzhavar Sandhai ),Bottle gourd,Bottle Gourd,Local,06-09-2026,1000,3000,2000
Tamil Nadu,Thirunelveli,Palayamkottai(Uzhavar Sandhai ),Banana - Green,Banana - Green,Local,06-09-2026,2500,3000,2750
Tamil Nadu,Thirunelveli,Palayamkottai(Uzhavar Sandhai ),Ginger(Green),Green Ginger,Local,06-09-2026,15000,16000,15500
Tamil Nadu,Thirunelveli,Palayamkottai(Uzhavar Sandhai ),Coconut,Coconut,Local,06-09-2026,5600,6000,5800
Tamil Nadu,Thirunelveli,Palayamkottai(Uzhavar Sandhai ),Capsicum,Capsicum,Local,06-09-2026,4500,5000,4750
Tamil Nadu,Thirunelveli,Palayamkottai(Uzhavar Sandhai ),Mango(Raw-Ripe),Mango - Raw-Ripe,Local,06-09-2026,6000,7000,6500
Tamil Nadu,Thirupur,Kangayam(Uzhavar Sandhai ),Bitter gourd,Bitter Gourd,Local,06-09-2026,5500,6000,5750
Tamil Nadu,Thirupur,Kangayam(Uzhavar Sandhai ),Green Chilli,Green Chilly,Local,06-09-2026,5000,5500,5250
Tamil Nadu,Thirupur,Kangayam(Uzhavar Sandhai ),Raddish,Raddish,Local,06-09-2026,2500,3000,2750
Tamil Nadu,Thirupur,Kangayam(Uzhavar Sandhai ),Amla(Nelli Kai),Amla,Local,06-09-2026,7500,8000,7750
Tamil Nadu,Thirupur,Tiruppur (North) (Uzhavar Sandhai ),Coconut,Coconut,Local,06-09-2026,5500,6000,5750
Tamil Nadu,Thirupur,Tiruppur (North) (Uzhavar Sandhai ),Carrot,Pusakesar,Local,06-09-2026,5000,6000,5500
Tamil Nadu,Thirupur,Tiruppur (North) (Uzhavar Sandhai ),Banana,Red Banana,Local,06-09-2026,6000,6500,6250
Tamil Nadu,Thirupur,Tiruppur (North) (Uzhavar Sandhai ),Onion,Bellary,Local,06-09-2026,5500,6000,5750
Tamil Nadu,Thirupur,Tiruppur (North) (Uzhavar Sandhai ),Bitter gourd,Other,Local,06-09-2026,5000,5500,5250
Tamil Nadu,Thirupur,Tiruppur (North) (Uzhavar Sandhai ),Ridgeguard(Tori),Ridgeguard(Tori),Local,06-09-2026,4500,5000,4750
Tamil Nadu,Thirupur,Tiruppur (North) (Uzhavar Sandhai ),Pumpkin,Pumpkin,Local,06-09-2026,1200,1500,1350
Tamil Nadu,Thirupur,Tiruppur (North) (Uzhavar Sandhai ),Banana - Green,Banana - Green,Local,06-09-2026,2500,3000,2750
Tamil Nadu,Thirupur,Tiruppur (North) (Uzhavar Sandhai ),Tapioca,Tapioca,Local,06-09-2026,3000,3500,3250
Tamil Nadu,Thirupur,Tiruppur (North) (Uzhavar Sandhai ),Drumstick,Drumstick,Local,06-09-2026,2500,3000,2750
Tamil Nadu,Thirupur,Tiruppur (North) (Uzhavar Sandhai ),Lemon,Lemon,Local,06-09-2026,20000,22000,21000
Tamil Nadu,Thiruvannamalai,Chengam(Uzhavar Sandhai ),Beetroot,Beetroot,Local,06-09-2026,4200,5000,4600
Tamil Nadu,Thiruvannamalai,Chengam(Uzhavar Sandhai ),Groundnut,Big (With Shell),Local,06-09-2026,7000,8000,7500
Tamil Nadu,Thiruvannamalai,Chengam(Uzhavar Sandhai ),Potato,Red Nanital,Local,06-09-2026,2500,3000,2750
Tamil Nadu,Thiruvannamalai,Chengam(Uzhavar Sandhai ),Bottle gourd,Bottle Gourd,Local,06-09-2026,1600,2000,1800
Tamil Nadu,Thiruvannamalai,Chengam(Uzhavar Sandhai ),Bhindi(Ladies Finger),Bhindi,Local,06-09-2026,3300,4000,3650
Tamil Nadu,Thiruvannamalai,Chengam(Uzhavar Sandhai ),Banana - Green,Banana - Green,Local,06-09-2026,1200,1500,1350
Tamil Nadu,Thiruvannamalai,Chengam(Uzhavar Sandhai ),Raddish,Raddish,Local,06-09-2026,2500,3000,2750
Tamil Nadu,Thiruvannamalai,Chengam(Uzhavar Sandhai ),Coconut,Coconut,Local,06-09-2026,4200,5000,4600
Tamil Nadu,Thiruvannamalai,Chengam(Uzhavar Sandhai ),Green Avare(W),Green Avare (W),Local,06-09-2026,7000,8000,7500
Tamil Nadu,Thiruvannamalai,Chengam(Uzhavar Sandhai ),Yam(Ratalu),Yam (Ratalu),Local,06-09-2026,3300,4000,3650
Tamil Nadu,Thiruvannamalai,Tamarainagar(Uzhavar Sandhai ),Brinjal,Round,Local,06-09-2026,5000,6000,5500
Tamil Nadu,Thiruvannamalai,Tamarainagar(Uzhavar Sandhai ),Cluster beans,Cluster Beans,Local,06-09-2026,3500,4000,3750
Tamil Nadu,Thiruvannamalai,Tamarainagar(Uzhavar Sandhai ),Ridgeguard(Tori),Ridgeguard(Tori),Local,06-09-2026,5000,6000,5500
Tamil Nadu,Thiruvannamalai,Tamarainagar(Uzhavar Sandhai ),Green Avare(W),Green Avare (W),Local,06-09-2026,5600,6600,6100
Tamil Nadu,Thiruvannamalai,Tamarainagar(Uzhavar Sandhai ),Guava,Guava Allahabad,Local,06-09-2026,5000,6000,5500
Tamil Nadu,Thiruvannamalai,Tamarainagar(Uzhavar Sandhai ),Elephant Yam(Suran)/Amorphophallus,Elephant Yam (Suran),Local,06-09-2026,4000,5000,4500
Tamil Nadu,Thiruvannamalai,Vandavasi(Uzhavar Sandhai ),Snakeguard,Snakeguard,Local,06-09-2026,2500,3000,2750
Tamil Nadu,Thiruvannamalai,Vandavasi(Uzhavar Sandhai ),Papaya,Papaya,Local,06-09-2026,3000,4000,3500
Tamil Nadu,Thiruvannamalai,Vandavasi(Uzhavar Sandhai ),Cluster beans,Cluster Beans,Local,06-09-2026,4000,4800,4400
Tamil Nadu,Thiruvannamalai,Vandavasi(Uzhavar Sandhai ),Ashgourd,Gouard,Local,06-09-2026,2000,2500,2250
Tamil Nadu,Thiruvannamalai,Vandavasi(Uzhavar Sandhai ),Colacasia,Colacasia,Local,06-09-2026,3600,4200,3900
Tamil Nadu,Thiruvannamalai,Vandavasi(Uzhavar Sandhai ),Mint(Pudina),Mint(Pudina),Local,06-09-2026,3800,4500,4150
Tamil Nadu,Thiruvarur,Muthupettai(Uzhavar Sandhai ),Beetroot,Beetroot,Local,06-09-2026,4400,4400,4400
Tamil Nadu,Thiruvarur,Muthupettai(Uzhavar Sandhai ),Onion,Bellary,Local,06-09-2026,6000,6000,6000
Tamil Nadu,Thiruvarur,Muthupettai(Uzhavar Sandhai ),Bhindi(Ladies Finger),Bhindi,Local,06-09-2026,3600,3600,3600
Tamil Nadu,Thiruvarur,Muthupettai(Uzhavar Sandhai ),Lemon,Lemon,Local,06-09-2026,15000,15000,15000
Tamil Nadu,Coimbatore,Sulur(Uzhavar Sandhai ),Carrot,Pusakesar,Local,06-09-2026,5000,6300,5650
Tamil Nadu,Coimbatore,Sulur(Uzhavar Sandhai ),Cucumbar(Kheera),Cucumbar,Local,06-09-2026,4000,4500,4250
Tamil Nadu,Coimbatore,Sulur(Uzhavar Sandhai ),Ridgeguard(Tori),Ridgeguard(Tori),Local,06-09-2026,3800,4200,4000
Tamil Nadu,Coimbatore,Sulur(Uzhavar Sandhai ),Banana,Karpura,Local,06-09-2026,5000,8600,6800
Tamil Nadu,Coimbatore,Sulur(Uzhavar Sandhai ),Coriander(Leaves),I Sort,Local,06-09-2026,3500,4000,3750
Tamil Nadu,Coimbatore,Sulur(Uzhavar Sandhai ),Tomato,Deshi,Local,06-09-2026,2500,2800,2650
Tamil Nadu,Coimbatore,Sulur(Uzhavar Sandhai ),Cowpea(Veg),Cowpea (Veg),Local,06-09-2026,3500,4000,3750
Tamil Nadu,Coimbatore,Sulur(Uzhavar Sandhai ),Raddish,Raddish,Local,06-09-2026,2800,3200,3000
Tamil Nadu,Coimbatore,Sulur(Uzhavar Sandhai ),Capsicum,Capsicum,Local,06-09-2026,5000,6000,5500
Tamil Nadu,Coimbatore,Sulur(Uzhavar Sandhai ),Onion Green,Onion Green,Local,06-09-2026,7500,8000,7750
Tamil Nadu,Pudukkottai,Gandarvakottai(Uzhavar Sandhai ),Ridgeguard(Tori),Ridgeguard(Tori),Local,06-09-2026,5000,6000,5500
Tamil Nadu,Pudukkottai,Gandarvakottai(Uzhavar Sandhai ),Onion,Bellary,Local,06-09-2026,5000,6000,5500
Tamil Nadu,Pudukkottai,Gandarvakottai(Uzhavar Sandhai ),Amaranthus,Amaranthus,Local,06-09-2026,1000,1500,1250
Tamil Nadu,Pudukkottai,Gandarvakottai(Uzhavar Sandhai ),Raddish,Raddish,Local,06-09-2026,3500,4000,3750
Tamil Nadu,Pudukkottai,Gandarvakottai(Uzhavar Sandhai ),Green Avare(W),Green Avare (W),Local,06-09-2026,7000,8000,7500
Tamil Nadu,Cuddalore,Panruti(Uzhavar Sandhai ),Onion,Bellary,Local,06-09-2026,5000,5000,5000
Tamil Nadu,Cuddalore,Panruti(Uzhavar Sandhai ),Brinjal,Round,Local,06-09-2026,4000,5000,4500
Tamil Nadu,Cuddalore,Panruti(Uzhavar Sandhai ),Papaya,Papaya,Local,06-09-2026,4000,4000,4000
Tamil Nadu,Cuddalore,Panruti(Uzhavar Sandhai ),Tomato,Deshi,Local,06-09-2026,2500,2500,2500
Tamil Nadu,Cuddalore,Panruti(Uzhavar Sandhai ),Bottle gourd,Bottle Gourd,Local,06-09-2026,2500,2500,2500
Tamil Nadu,Cuddalore,Panruti(Uzhavar Sandhai ),Green Avare(W),Green Avare (W),Local,06-09-2026,6000,6000,6000
Tamil Nadu,Cuddalore,Panruti(Uzhavar Sandhai ),Jack Fruit(Ripe),Jack Fruit,Local,06-09-2026,10000,10000,10000
Tamil Nadu,Cuddalore,Vadalur(Uzhavar Sandhai ),Onion,Bellary,Local,06-09-2026,4500,5000,4750
Tamil Nadu,Cuddalore,Vadalur(Uzhavar Sandhai ),Bottle gourd,Bottle Gourd,Local,06-09-2026,2000,2000,2000
Tamil Nadu,Cuddalore,Vadalur(Uzhavar Sandhai ),Thondekai,Thondekai,Local,06-09-2026,5000,5000,5000
Tamil Nadu,Cuddalore,Vadalur(Uzhavar Sandhai ),Green Avare(W),Other,Local,06-09-2026,6000,6000,6000
Tamil Nadu,Cuddalore,Vadalur(Uzhavar Sandhai ),Tender Coconut,Tender Coconut,Local,06-09-2026,2500,3000,2750
Tamil Nadu,Cuddalore,Vadalur(Uzhavar Sandhai ),Yam(Ratalu),Yam (Ratalu),Local,06-09-2026,6000,6000,6000
Tamil Nadu,Dharmapuri,AJattihalli(Uzhavar Sandhai ),Coconut,Coconut,Local,06-09-2026,6000,7000,6500
Tamil Nadu,Dharmapuri,AJattihalli(Uzhavar Sandhai ),Beetroot,Beetroot,Local,06-09-2026,5000,5600,5300
Tamil Nadu,Dharmapuri,AJattihalli(Uzhavar Sandhai ),Banana,Red Banana,Local,06-09-2026,8000,8000,8000
Tamil Nadu,Dharmapuri,AJattihalli(Uzhavar Sandhai ),Potato,Other,Local,06-09-2026,2400,2800,2600
Tamil Nadu,Dharmapuri,AJattihalli(Uzhavar Sandhai ),Amaranthus,Amaranthus,Local,06-09-2026,2500,3000,2750
Tamil Nadu,Dharmapuri,AJattihalli(Uzhavar Sandhai ),Cowpea(Veg),Cowpea (Veg),Local,06-09-2026,5000,5000,5000
Tamil Nadu,Dharmapuri,AJattihalli(Uzhavar Sandhai ),Tapioca,Tapioca,Local,06-09-2026,3000,3400,3200
Tamil Nadu,Dharmapuri,AJattihalli(Uzhavar Sandhai ),Knool Khol,Knool Khol,Local,06-09-2026,4400,4400,4400
Tamil Nadu,Dharmapuri,AJattihalli(Uzhavar Sandhai ),Elephant Yam(Suran)/Amorphophallus,Elephant Yam (Suran),Local,06-09-2026,6400,6400,6400
Tamil Nadu,Dharmapuri,AJattihalli(Uzhavar Sandhai ),Lemon,Lemon,Local,06-09-2026,20000,26000,23000
Tamil Nadu,Thanjavur,Peravurani(Uzhavar Sandhai),Coconut,Coconut,Local,06-09-2026,5000,5000,5000
Tamil Nadu,Thanjavur,Peravurani(Uzhavar Sandhai),Onion,Bellary,Local,06-09-2026,4400,6000,5200
Tamil Nadu,Thanjavur,Peravurani(Uzhavar Sandhai),Banana - Green,Banana - Green,Local,06-09-2026,3000,3000,3000
Tamil Nadu,Karur,Pallapatti (Uzhavar Sandhai ),Banana,Other,Local,06-09-2026,5500,6000,5750
Tamil Nadu,Karur,Pallapatti (Uzhavar Sandhai ),Papaya,Papaya,Local,06-09-2026,3500,4000,3750
Tamil Nadu,Karur,Pallapatti (Uzhavar Sandhai ),Tomato,Other,Local,06-09-2026,2500,2800,2650
Tamil Nadu,Karur,Pallapatti (Uzhavar Sandhai ),Bitter gourd,Other,Local,06-09-2026,5000,6000,5500
Tamil Nadu,Karur,Pallapatti (Uzhavar Sandhai ),Bhindi(Ladies Finger),Bhindi,Local,06-09-2026,4500,5000,4750
Tamil Nadu,Karur,Pallapatti (Uzhavar Sandhai ),Green Avare(W),Other,Local,06-09-2026,7000,8000,7500
Tamil Nadu,Karur,Pallapatti (Uzhavar Sandhai ),Onion Green,Onion Green,Local,06-09-2026,7500,8000,7750
Tamil Nadu,Karur,Pallapatti (Uzhavar Sandhai ),Mint(Pudina),Mint(Pudina),Local,06-09-2026,4500,5000,4750
Tamil Nadu,Karur,Pallapatti (Uzhavar Sandhai ),Baby Corn,Baby Corn,Grade A,06-09-2026,4500,5000,4750
Tamil Nadu,Karur,Velayuthampalayam(Uzhavar Sandhai ),Snakeguard,Snakeguard,Local,06-09-2026,2800,3500,3150
Tamil Nadu,Karur,Velayuthampalayam(Uzhavar Sandhai ),Coriander(Leaves),I Sort,Local,06-09-2026,5200,6000,5600
Tamil Nadu,Karur,Velayuthampalayam(Uzhavar Sandhai ),Tomato,Other,Local,06-09-2026,2400,3000,2700
Tamil Nadu,Karur,Velayuthampalayam(Uzhavar Sandhai ),Pumpkin,Pumpkin,Local,06-09-2026,2000,2500,2250
Tamil Nadu,Karur,Velayuthampalayam(Uzhavar Sandhai ),Bhindi(Ladies Finger),Bhindi,Local,06-09-2026,3800,4500,4150
Tamil Nadu,Karur,Velayuthampalayam(Uzhavar Sandhai ),Green Chilli,Green Chilly,Local,06-09-2026,4000,5000,4500
Tamil Nadu,Karur,Velayuthampalayam(Uzhavar Sandhai ),Banana - Green,Banana - Green,Local,06-09-2026,2400,3000,2700
Tamil Nadu,Karur,Velayuthampalayam(Uzhavar Sandhai ),Mint(Pudina),Mint(Pudina),Local,06-09-2026,5200,6000,5600
Tamil Nadu,Karur,Vengamedu(Uzhavar Sandhai ),Ridgeguard(Tori),Ridgeguard(Tori),Local,06-09-2026,4500,5000,4750
Tamil Nadu,Karur,Vengamedu(Uzhavar Sandhai ),Cluster beans,Cluster Beans,Local,06-09-2026,3000,3500,3250
Tamil Nadu,Karur,Vengamedu(Uzhavar Sandhai ),Bitter gourd,Other,Local,06-09-2026,5500,6000,5750
Tamil Nadu,Karur,Vengamedu(Uzhavar Sandhai ),Bottle gourd,Bottle Gourd,Local,06-09-2026,2500,3000,2750
Tamil Nadu,Karur,Vengamedu(Uzhavar Sandhai ),Amaranthus,Amaranthus,Local,06-09-2026,2000,2500,2250
Tamil Nadu,Karur,Vengamedu(Uzhavar Sandhai ),Raddish,Raddish,Local,06-09-2026,2500,3000,2750
Tamil Nadu,Salem,Attayampatti(Uzhavar Sandhai ),Sweet Potato,Hosur Red,Local,06-09-2026,4000,4000,4000
Tamil Nadu,Salem,Attayampatti(Uzhavar Sandhai ),Brinjal,Round,Local,06-09-2026,4000,4200,4100
Tamil Nadu,Salem,Attayampatti(Uzhavar Sandhai ),Tomato,Deshi,Local,06-09-2026,2600,2600,2600
Tamil Nadu,Sivaganga,Sivagangai (Uzhavar Sandhai ),Carrot,Pusakesar,Local,06-09-2026,3400,5600,4500
Tamil Nadu,Sivaganga,Sivagangai (Uzhavar Sandhai ),Beetroot,Beetroot,Local,06-09-2026,4600,5200,4900
Tamil Nadu,Sivaganga,Sivagangai (Uzhavar Sandhai ),Chikoos(Sapota),Sapota,Local,06-09-2026,4200,6200,5200
Tamil Nadu,Sivaganga,Sivagangai (Uzhavar Sandhai ),Amaranthus,Amaranthus,Local,06-09-2026,3000,4000,3500
Tamil Nadu,Sivaganga,Sivagangai (Uzhavar Sandhai ),Guava,Guava Allahabad,Local,06-09-2026,6200,7200,6700
Tamil Nadu,Sivaganga,Sivagangai (Uzhavar Sandhai ),Indian Beans(Seam),Indian Beans (Seam),Local,06-09-2026,6200,6200,6200
Tamil Nadu,Sivaganga,Devakottai (Uzhavar Sandhai ),Coconut,Coconut,Local,06-09-2026,6500,7200,6850
Tamil Nadu,Sivaganga,Devakottai (Uzhavar Sandhai ),Beetroot,Beetroot,Local,06-09-2026,5000,5200,5100
Tamil Nadu,Sivaganga,Devakottai (Uzhavar Sandhai ),Chikoos(Sapota),Sapota,Local,06-09-2026,4400,6200,5300
Tamil Nadu,Sivaganga,Devakottai (Uzhavar Sandhai ),Amaranthus,Amaranthus,Local,06-09-2026,3500,4000,3750
Tamil Nadu,Sivaganga,Devakottai (Uzhavar Sandhai ),Green Chilli,Green Chilly,Local,06-09-2026,4000,4800,4400
Tamil Nadu,Sivaganga,Devakottai (Uzhavar Sandhai ),Mint(Pudina),Mint(Pudina),Local,06-09-2026,5000,5200,5100
Tamil Nadu,Salem,Edapadi (Uzhavar Sandhai ),Carrot,Pusakesar,Local,06-09-2026,6500,7000,6750
Tamil Nadu,Salem,Edapadi (Uzhavar Sandhai ),Cabbage,Cabbage,Local,06-09-2026,2800,3000,2900
Tamil Nadu,Salem,Edapadi (Uzhavar Sandhai ),Beetroot,Beetroot,Local,06-09-2026,6500,7000,6750
Tamil Nadu,Salem,Edapadi (Uzhavar Sandhai ),Brinjal,Other,Local,06-09-2026,3000,3500,3250
Tamil Nadu,Salem,Edapadi (Uzhavar Sandhai ),Banana - Green,Banana - Green,Local,06-09-2026,2800,3000,2900
Tamil Nadu,Salem,Edapadi (Uzhavar Sandhai ),Thondekai,Thondekai,Local,06-09-2026,3600,4000,3800
Tamil Nadu,Salem,Edapadi (Uzhavar Sandhai ),Knool Khol,Knool Khol,Local,06-09-2026,3500,4000,3750
Tamil Nadu,Salem,Edapadi (Uzhavar Sandhai ),Elephant Yam(Suran)/Amorphophallus,Elephant Yam (Suran),Local,06-09-2026,3600,4000,3800
Tamil Nadu,Salem,Edapadi (Uzhavar Sandhai ),Amla(Nelli Kai),Amla,Local,06-09-2026,8500,9000,8750
Tamil Nadu,Salem,Edapadi (Uzhavar Sandhai ),Onion Green,Onion Green,Local,06-09-2026,6400,6800,6600
Tamil Nadu,Salem,Elampillai(Uzhavar Sandhai ),Snakeguard,Snakeguard,Local,06-09-2026,3600,3800,3700
Tamil Nadu,Salem,Elampillai(Uzhavar Sandhai ),Beetroot,Beetroot,Local,06-09-2026,4000,5000,4500
Tamil Nadu,Salem,Elampillai(Uzhavar Sandhai ),Banana,Red Banana,Local,06-09-2026,7000,7500,7250
Tamil Nadu,Salem,Elampillai(Uzhavar Sandhai ),Cauliflower,Ranchi,Local,06-09-2026,2500,3000,2750
Tamil Nadu,Salem,Elampillai(Uzhavar Sandhai ),Mousambi(Sweet Lime),Mousambi,Local,06-09-2026,3000,3500,3250
Tamil Nadu,Salem,Elampillai(Uzhavar Sandhai ),Drumstick,Drumstick,Local,06-09-2026,2000,2500,2250
Tamil Nadu,Salem,Elampillai(Uzhavar Sandhai ),Lemon,Lemon,Local,06-09-2026,4000,5000,4500
Tamil Nadu,Salem,Hasthampatti(Uzhavar Sandhai ),Cucumbar(Kheera),Cucumbar,Local,06-09-2026,4000,5000,4500
Tamil Nadu,Salem,Hasthampatti(Uzhavar Sandhai ),Orange,Darjeeling,Local,06-09-2026,5000,6000,5500
Tamil Nadu,Salem,Hasthampatti(Uzhavar Sandhai ),Potato,Other,Local,06-09-2026,4500,5000,4750
Tamil Nadu,Salem,Hasthampatti(Uzhavar Sandhai ),Garlic,Garlic,Local,06-09-2026,17000,18000,17500
Tamil Nadu,Salem,Hasthampatti(Uzhavar Sandhai ),Brinjal,Round,Local,06-09-2026,3500,3800,3650
Tamil Nadu,Salem,Hasthampatti(Uzhavar Sandhai ),Green Chilli,Green Chilly,Local,06-09-2026,3800,4000,3900
Tamil Nadu,Salem,Hasthampatti(Uzhavar Sandhai ),Tapioca,Tapioca,Local,06-09-2026,3000,3500,3250
Tamil Nadu,Salem,Hasthampatti(Uzhavar Sandhai ),Thondekai,Thondekai,Local,06-09-2026,3500,4000,3750
Tamil Nadu,Salem,Hasthampatti(Uzhavar Sandhai ),Capsicum,Capsicum,Local,06-09-2026,5500,6000,5750
Tamil Nadu,Salem,Hasthampatti(Uzhavar Sandhai ),Green Avare(W),Other,Local,06-09-2026,5000,5500,5250
Tamil Nadu,Salem,Hasthampatti(Uzhavar Sandhai ),Lime,Lime,Local,06-09-2026,3500,4000,3750
Tamil Nadu,Salem,Hasthampatti(Uzhavar Sandhai ),Pomegranate,Pomogranate,Local,06-09-2026,10000,12000,11000
Tamil Nadu,Salem,Jalagandapuram(Uzhavar Sandhai ),Bhindi(Ladies Finger),Bhindi,Local,06-09-2026,2000,2500,2250
Tamil Nadu,Salem,Jalagandapuram(Uzhavar Sandhai ),Amla(Nelli Kai),Amla,Local,06-09-2026,6500,7000,6750
Tamil Nadu,Sivaganga,Singampunari(Uzhavar Sandhai ),Cabbage,Cabbage,Local,06-09-2026,2800,3200,3000
Tamil Nadu,Sivaganga,Singampunari(Uzhavar Sandhai ),Snakeguard,Snakeguard,Local,06-09-2026,3200,3800,3500
Tamil Nadu,Sivaganga,Singampunari(Uzhavar Sandhai ),Potato,Other,Local,06-09-2026,5200,5600,5400
Tamil Nadu,Sivaganga,Singampunari(Uzhavar Sandhai ),Green Chilli,Green Chilly,Local,06-09-2026,4200,4600,4400
Tamil Nadu,Sivaganga,Singampunari(Uzhavar Sandhai ),Beans,Beans (Whole),Local,06-09-2026,8400,9200,8800
Tamil Nadu,Sivaganga,Singampunari(Uzhavar Sandhai ),Drumstick,Drumstick,Local,06-09-2026,3400,5200,4300
Tamil Nadu,Sivaganga,Singampunari(Uzhavar Sandhai ),Yam(Ratalu),Yam (Ratalu),Local,06-09-2026,6600,7200,6900
Tamil Nadu,Sivaganga,Karaikudi(Uzhavar Sandhai ),Carrot,Pusakesar,Local,06-09-2026,5000,6500,5750
Tamil Nadu,Sivaganga,Karaikudi(Uzhavar Sandhai ),Beetroot,Beetroot,Local,06-09-2026,5000,6000,5500
Tamil Nadu,Sivaganga,Karaikudi(Uzhavar Sandhai ),Potato,Red Nanital,Local,06-09-2026,4500,5500,5000
Tamil Nadu,Sivaganga,Karaikudi(Uzhavar Sandhai ),Cauliflower,Ranchi,Local,06-09-2026,3400,3800,3600
Tamil Nadu,Sivaganga,Karaikudi(Uzhavar Sandhai ),Coriander(Leaves),I Sort,Local,06-09-2026,4500,5000,4750
Tamil Nadu,Sivaganga,Karaikudi(Uzhavar Sandhai ),Bottle gourd,Bottle Gourd,Local,06-09-2026,2400,3200,2800
Tamil Nadu,Sivaganga,Karaikudi(Uzhavar Sandhai ),Ashgourd,Gouard,Local,06-09-2026,2000,2400,2200
Tamil Nadu,Sivaganga,Karaikudi(Uzhavar Sandhai ),Capsicum,Capsicum,Local,06-09-2026,7500,8500,8000
Tamil Nadu,Sivaganga,Karaikudi(Uzhavar Sandhai ),Knool Khol,Knool Khol,Local,06-09-2026,3600,4000,3800
Tamil Nadu,Sivaganga,Tirupatthur(Uzhavar Sandhai ),Coconut,Coconut,Local,06-09-2026,7000,7500,7250
Tamil Nadu,Sivaganga,Tirupatthur(Uzhavar Sandhai ),Carrot,Pusakesar,Local,06-09-2026,3500,6000,4750
Tamil Nadu,Sivaganga,Tirupatthur(Uzhavar Sandhai ),Cabbage,Cabbage,Local,06-09-2026,3000,3500,3250
Tamil Nadu,Sivaganga,Tirupatthur(Uzhavar Sandhai ),Banana,Karpura,Local,06-09-2026,4000,4000,4000
Tamil Nadu,Sivaganga,Tirupatthur(Uzhavar Sandhai ),Brinjal,Other,Local,06-09-2026,4000,4500,4250
Tamil Nadu,Sivaganga,Tirupatthur(Uzhavar Sandhai ),Ridgeguard(Tori),Ridgeguard(Tori),Local,06-09-2026,4400,5500,4950
Tamil Nadu,Sivaganga,Tirupatthur(Uzhavar Sandhai ),Pumpkin,Pumpkin,Local,06-09-2026,2000,2500,2250
Tamil Nadu,Sivaganga,Tirupatthur(Uzhavar Sandhai ),Amaranthus,Amaranthus,Local,06-09-2026,3500,4000,3750
Tamil Nadu,Sivaganga,Tirupatthur(Uzhavar Sandhai ),Beans,Beans (Whole),Local,06-09-2026,8400,9500,8950
Tamil Nadu,Sivaganga,Tirupatthur(Uzhavar Sandhai ),Ginger(Green),Green Ginger,Local,06-09-2026,12400,19500,15950
Tamil Nadu,Sivaganga,Tirupatthur(Uzhavar Sandhai ),Green Avare(W),Other,Local,06-09-2026,6400,7500,6950
Tamil Nadu,Sivaganga,Tirupatthur(Uzhavar Sandhai ),Elephant Yam(Suran)/Amorphophallus,Elephant Yam (Suran),Local,06-09-2026,4500,5000,4750
Tamil Nadu,Sivaganga,Tirupatthur(Uzhavar Sandhai ),Yam(Ratalu),Yam (Ratalu),Local,06-09-2026,7000,7500,7250
Tamil Nadu,Thanjavur,Pattukottai(Uzhavar Sandhai ),Coconut,Coconut,Local,06-09-2026,5000,5000,5000
Tamil Nadu,Thanjavur,Pattukottai(Uzhavar Sandhai ),Cabbage,Cabbage,Local,06-09-2026,3400,3400,3400
Tamil Nadu,Thanjavur,Pattukottai(Uzhavar Sandhai ),Beans,Beans (Whole),Local,06-09-2026,9400,9400,9400
Tamil Nadu,Thanjavur,Pattukottai(Uzhavar Sandhai ),Capsicum,Capsicum,Local,06-09-2026,6000,6000,6000
Tamil Nadu,Thanjavur,Pattukottai(Uzhavar Sandhai ),Lime,Lime,Local,06-09-2026,4000,4000,4000
Tamil Nadu,Thanjavur,Thanjavur(Uzhavar Sandhai ),Apple,American,Local,06-09-2026,26000,26000,26000
Tamil Nadu,Thanjavur,Thanjavur(Uzhavar Sandhai ),Onion,Bellary,Local,06-09-2026,6000,6800,6400
Tamil Nadu,Thanjavur,Thanjavur(Uzhavar Sandhai ),Green Peas,Green Peas,Local,06-09-2026,17000,17000,17000
Tamil Nadu,Thanjavur,Thanjavur(Uzhavar Sandhai ),Papaya,Papaya,Local,06-09-2026,6000,6000,6000
Tamil Nadu,Thanjavur,Thanjavur(Uzhavar Sandhai ),Green Chilli,Green Chilly,Local,06-09-2026,4800,4800,4800
Tamil Nadu,Thanjavur,Thanjavur(Uzhavar Sandhai ),Banana - Green,Banana - Green,Local,06-09-2026,4000,4000,4000
Tamil Nadu,Thanjavur,Thanjavur(Uzhavar Sandhai ),Ginger(Green),Green Ginger,Local,06-09-2026,20000,20000,20000
Tamil Nadu,Thanjavur,Thanjavur(Uzhavar Sandhai ),Thondekai,Thondekai,Local,06-09-2026,4000,4000,4000
Tamil Nadu,Thanjavur,Thanjavur(Uzhavar Sandhai ),Indian Beans(Seam),Indian Beans (Seam),Local,06-09-2026,7000,7000,7000
Tamil Nadu,Thiruchirappalli,KKNagar(Uzhavar Sandhai ),Betal Leaves,Mysore,Local,06-09-2026,10000,10000,10000
Tamil Nadu,Thiruchirappalli,KKNagar(Uzhavar Sandhai ),Cauliflower,Ranchi,Local,06-09-2026,5000,5000,5000
Tamil Nadu,Thiruchirappalli,KKNagar(Uzhavar Sandhai ),Bhindi(Ladies Finger),Bhindi,Local,06-09-2026,3000,3000,3000
Tamil Nadu,Thiruchirappalli,KKNagar(Uzhavar Sandhai ),Amaranthus,Amaranthus,Local,06-09-2026,2000,2000,2000
Tamil Nadu,Thiruchirappalli,KKNagar(Uzhavar Sandhai ),Tapioca,Tapioca,Local,06-09-2026,4800,4800,4800
Tamil Nadu,Thiruchirappalli,KKNagar(Uzhavar Sandhai ),Capsicum,Capsicum,Local,06-09-2026,5400,5400,5400
Tamil Nadu,Thiruchirappalli,KKNagar(Uzhavar Sandhai ),Chow Chow,Chow Chow,Local,06-09-2026,4000,4000,4000
Tamil Nadu,Thiruchirappalli,KKNagar(Uzhavar Sandhai ),Knool Khol,Knool Khol,Local,06-09-2026,4000,4000,4000
Tamil Nadu,Thiruchirappalli,KKNagar(Uzhavar Sandhai ),Lime,Lime,Local,06-09-2026,5000,5000,5000
Tamil Nadu,Thiruchirappalli,KKNagar(Uzhavar Sandhai ),Indian Beans(Seam),Indian Beans (Seam),Local,06-09-2026,7000,7000,7000
Tamil Nadu,Thiruchirappalli,KKNagar(Uzhavar Sandhai ),Onion Green,Onion Green,Local,06-09-2026,9000,9000,9000
Tamil Nadu,Thiruchirappalli,Lalgudi(Uzhavar Sandhai ),Cucumbar(Kheera),Cucumbar,Local,06-09-2026,4600,4600,4600
Tamil Nadu,Thiruchirappalli,Lalgudi(Uzhavar Sandhai ),Banana,Poovan,Local,06-09-2026,4000,5000,4500
Tamil Nadu,Thiruchirappalli,Lalgudi(Uzhavar Sandhai ),Coriander(Leaves),I Sort,Local,06-09-2026,3000,3000,3000
Tamil Nadu,Thiruchirappalli,Lalgudi(Uzhavar Sandhai ),Papaya,Papaya,Local,06-09-2026,4000,4000,4000
Tamil Nadu,Thiruchirappalli,Lalgudi(Uzhavar Sandhai ),Amaranthus,Amaranthus,Local,06-09-2026,1500,1500,1500
Tamil Nadu,Thiruchirappalli,Lalgudi(Uzhavar Sandhai ),Raddish,Raddish,Local,06-09-2026,3600,3600,3600
Tamil Nadu,Thiruchirappalli,Lalgudi(Uzhavar Sandhai ),Knool Khol,Knool Khol,Local,06-09-2026,4000,4000,4000
Tamil Nadu,Thiruchirappalli,Lalgudi(Uzhavar Sandhai ),Lemon,Lemon,Local,06-09-2026,20000,20000,20000
Tamil Nadu,Thiruchirappalli,Lalgudi(Uzhavar Sandhai ),Onion Green,Onion Green,Local,06-09-2026,8000,8000,8000
Tamil Nadu,Thiruchirappalli,Manachanallur(Uzhavar Sandhai ),Sweet Potato,Hosur Red,Local,06-09-2026,6000,6000,6000
Tamil Nadu,Thiruchirappalli,Manachanallur(Uzhavar Sandhai ),Carrot,Pusakesar,Local,06-09-2026,6600,6600,6600
Tamil Nadu,Thiruchirappalli,Manachanallur(Uzhavar Sandhai ),Snakeguard,Snakeguard,Local,06-09-2026,3000,3600,3300
Tamil Nadu,Thiruchirappalli,Manachanallur(Uzhavar Sandhai ),Ridgeguard(Tori),Ridgeguard(Tori),Local,06-09-2026,5000,5600,5300
Tamil Nadu,Thiruchirappalli,Manachanallur(Uzhavar Sandhai ),Garlic,Garlic,Local,06-09-2026,16000,18000,17000
Tamil Nadu,Thiruchirappalli,Manachanallur(Uzhavar Sandhai ),Papaya,Papaya,Local,06-09-2026,4000,4000,4000
Tamil Nadu,Thiruchirappalli,Manachanallur(Uzhavar Sandhai ),Pumpkin,Pumpkin,Local,06-09-2026,1600,2000,1800
Tamil Nadu,Thiruchirappalli,Manachanallur(Uzhavar Sandhai ),Knool Khol,Knool Khol,Local,06-09-2026,3000,3500,3250
Tamil Nadu,Thiruchirappalli,Manachanallur(Uzhavar Sandhai ),Mint(Pudina),Mint(Pudina),Local,06-09-2026,5000,5600,5300
Tamil Nadu,Thiruchirappalli,Manapparai(Uzhavar Sandhai ),Beetroot,Beetroot,Local,06-09-2026,5000,5000,5000
Tamil Nadu,Thiruchirappalli,Manapparai(Uzhavar Sandhai ),Onion,Bellary,Local,06-09-2026,5000,6000,5500
Tamil Nadu,Thiruchirappalli,Manapparai(Uzhavar Sandhai ),Chikoos(Sapota),Sapota,Local,06-09-2026,4000,4000,4000
Tamil Nadu,Thiruchirappalli,Manapparai(Uzhavar Sandhai ),Tomato,Other,Local,06-09-2026,3000,3000,3000
Tamil Nadu,Thiruchirappalli,Manapparai(Uzhavar Sandhai ),Bhindi(Ladies Finger),Bhindi,Local,06-09-2026,3000,3000,3000
Tamil Nadu,Thiruchirappalli,Manapparai(Uzhavar Sandhai ),Beans,Beans (Whole),Local,06-09-2026,9000,9000,9000
Tamil Nadu,Thiruchirappalli,Manapparai(Uzhavar Sandhai ),Green Avare(W),Other,Local,06-09-2026,7000,7000,7000
Tamil Nadu,Thiruchirappalli,Manapparai(Uzhavar Sandhai ),Onion Green,Onion Green,Local,06-09-2026,7000,8000,7500
Tamil Nadu,Thiruchirappalli,Manapparai(Uzhavar Sandhai ),Mint(Pudina),Mint(Pudina),Local,06-09-2026,5500,5500,5500
Tamil Nadu,Thiruchirappalli,Musiri(Uzhavar Sandhai ),Potato,Other,Local,06-09-2026,2500,3000,2750
Tamil Nadu,Thiruchirappalli,Musiri(Uzhavar Sandhai ),Pumpkin,Pumpkin,Local,06-09-2026,1500,2000,1750
Tamil Nadu,Thiruchirappalli,Musiri(Uzhavar Sandhai ),Cowpea(Veg),Cowpea (Veg),Local,06-09-2026,3000,3600,3300
Tamil Nadu,Thiruchirappalli,Musiri(Uzhavar Sandhai ),Raddish,Raddish,Local,06-09-2026,3000,3600,3300
Tamil Nadu,Thiruchirappalli,Musiri(Uzhavar Sandhai ),Green Avare(W),Green Avare (W),Local,06-09-2026,6000,6500,6250
Tamil Nadu,Thiruchirappalli,Musiri(Uzhavar Sandhai ),Drumstick,Drumstick,Local,06-09-2026,2500,3000,2750
Tamil Nadu,Thiruchirappalli,Musiri(Uzhavar Sandhai ),Mango(Raw-Ripe),Mango - Raw-Ripe,Local,06-09-2026,10000,11000,10500
Tamil Nadu,Thiruchirappalli,Musiri(Uzhavar Sandhai ),Mashrooms,Mashrooms,Local,06-09-2026,18000,20000,19000
Tamil Nadu,Thiruchirappalli,Musiri(Uzhavar Sandhai ),Turnip,Turnip,Local,06-09-2026,3000,3600,3300
Tamil Nadu,Thiruchirappalli,Musiri(Uzhavar Sandhai ),Onion Green,Onion Green,Local,06-09-2026,5000,8000,6500
Tamil Nadu,Thiruchirappalli,Thiruverumbur(Uzhavar Sandhai ),Banana,Karpura,Local,06-09-2026,4000,5000,4500
Tamil Nadu,Thiruchirappalli,Thiruverumbur(Uzhavar Sandhai ),Potato,Other,Local,06-09-2026,3000,3000,3000
Tamil Nadu,Thiruchirappalli,Thiruverumbur(Uzhavar Sandhai ),Cauliflower,Ranchi,Local,06-09-2026,5000,5000,5000
Tamil Nadu,Thiruchirappalli,Thiruverumbur(Uzhavar Sandhai ),Cluster beans,Cluster Beans,Local,06-09-2026,3600,3600,3600
Tamil Nadu,Thiruchirappalli,Thiruverumbur(Uzhavar Sandhai ),Ashgourd,Gouard,Local,06-09-2026,2000,2000,2000
Tamil Nadu,Thiruchirappalli,Thiruverumbur(Uzhavar Sandhai ),Bhindi(Ladies Finger),Bhindi,Local,06-09-2026,3000,3000,3000
Tamil Nadu,Thiruchirappalli,Thiruverumbur(Uzhavar Sandhai ),Amaranthus,Amaranthus,Local,06-09-2026,1500,2000,1750
Tamil Nadu,Thiruchirappalli,Thiruverumbur(Uzhavar Sandhai ),Raddish,Raddish,Local,06-09-2026,3000,3000,3000
Tamil Nadu,Thiruchirappalli,Thiruverumbur(Uzhavar Sandhai ),Coconut,Coconut,Local,06-09-2026,7000,7000,7000
Tamil Nadu,Thiruchirappalli,Thiruverumbur(Uzhavar Sandhai ),Capsicum,Capsicum,Local,06-09-2026,5400,5400,5400
Tamil Nadu,Thiruchirappalli,Thiruverumbur(Uzhavar Sandhai ),Green Avare(W),Other,Local,06-09-2026,6000,6000,6000
Tamil Nadu,Thiruchirappalli,Thiruverumbur(Uzhavar Sandhai ),Drumstick,Drumstick,Local,06-09-2026,4000,4000,4000
Tamil Nadu,Thiruchirappalli,Thiruverumbur(Uzhavar Sandhai ),Mango(Raw-Ripe),Mango - Raw-Ripe,Local,06-09-2026,8000,8000,8000
Tamil Nadu,Thiruchirappalli,Thiruverumbur(Uzhavar Sandhai ),Onion Green,Onion Green,Local,06-09-2026,8000,9000,8500
Tamil Nadu,Virudhunagar,Rajapalayam(Uzhavar Sandhai ),Onion,Bellary,Local,06-09-2026,5500,6500,6000
Tamil Nadu,Virudhunagar,Rajapalayam(Uzhavar Sandhai ),Chikoos(Sapota),Sapota,Local,06-09-2026,3000,3500,3250
Tamil Nadu,Virudhunagar,Rajapalayam(Uzhavar Sandhai ),Papaya,Papaya,Local,06-09-2026,3000,3500,3250
Tamil Nadu,Virudhunagar,Rajapalayam(Uzhavar Sandhai ),Tomato,Deshi,Local,06-09-2026,2000,2800,2400
Tamil Nadu,Virudhunagar,Rajapalayam(Uzhavar Sandhai ),Green Chilli,Green Chilly,Local,06-09-2026,5000,6000,5500
Tamil Nadu,Virudhunagar,Rajapalayam(Uzhavar Sandhai ),Banana - Green,Banana - Green,Local,06-09-2026,3000,3600,3300
Tamil Nadu,Virudhunagar,Rajapalayam(Uzhavar Sandhai ),Guava,Guava Allahabad,Local,06-09-2026,3500,4000,3750
Tamil Nadu,Virudhunagar,Rajapalayam(Uzhavar Sandhai ),Elephant Yam(Suran)/Amorphophallus,Elephant Yam (Suran),Local,06-09-2026,4500,5000,4750
Tamil Nadu,Virudhunagar,Sathur(Uzhavar Sandhai ),Coconut,Coconut,Local,06-09-2026,5500,6000,5750
Tamil Nadu,Virudhunagar,Sathur(Uzhavar Sandhai ),Ridgeguard(Tori),Ridgeguard(Tori),Local,06-09-2026,4500,5000,4750
Tamil Nadu,Virudhunagar,Sathur(Uzhavar Sandhai ),Brinjal,Round,Local,06-09-2026,3500,4000,3750
Tamil Nadu,Virudhunagar,Sathur(Uzhavar Sandhai ),Bottle gourd,Bottle Gourd,Local,06-09-2026,1800,2000,1900
Tamil Nadu,Virudhunagar,Sathur(Uzhavar Sandhai ),Ashgourd,Gouard,Local,06-09-2026,2000,2500,2250
Tamil Nadu,Virudhunagar,Sivakasi(Uzhavar Sandhai ),Snakeguard,Snakeguard,Local,06-09-2026,3500,4000,3750
Tamil Nadu,Virudhunagar,Sivakasi(Uzhavar Sandhai ),Chikoos(Sapota),Sapota,Local,06-09-2026,3500,4000,3750
Tamil Nadu,Virudhunagar,Sivakasi(Uzhavar Sandhai ),Banana - Green,Banana - Green,Local,06-09-2026,3500,4000,3750
Tamil Nadu,Virudhunagar,Sivakasi(Uzhavar Sandhai ),Beans,Beans (Whole),Local,06-09-2026,7000,8000,7500
Tamil Nadu,Virudhunagar,Sivakasi(Uzhavar Sandhai ),Mint(Pudina),Mint(Pudina),Local,06-09-2026,4500,5000,4750
Tamil Nadu,Virudhunagar,Thalavaipuram(Uzhavar Sandhai ),Chikoos(Sapota),Sapota,Local,06-09-2026,2800,3500,3150
Tamil Nadu,Virudhunagar,Thalavaipuram(Uzhavar Sandhai ),Cluster beans,Cluster Beans,Local,06-09-2026,2500,3000,2750
Tamil Nadu,Virudhunagar,Thalavaipuram(Uzhavar Sandhai ),Pumpkin,Pumpkin,Local,06-09-2026,2000,2500,2250
Tamil Nadu,Virudhunagar,Thalavaipuram(Uzhavar Sandhai ),Banana - Green,Banana - Green,Local,06-09-2026,2800,3500,3150
Tamil Nadu,Virudhunagar,Thalavaipuram(Uzhavar Sandhai ),Ginger(Green),Green Ginger,Local,06-09-2026,10000,12000,11000
Tamil Nadu,Virudhunagar,Thalavaipuram(Uzhavar Sandhai ),Chow Chow,Chow Chow,Local,06-09-2026,3200,4000,3600
Tamil Nadu,Virudhunagar,Thalavaipuram(Uzhavar Sandhai ),Guava,Guava Allahabad,Local,06-09-2026,3200,4000,3600
Tamil Nadu,Virudhunagar,Virudhunagar(Uzhavar Sandhai ),Carrot,Pusakesar,Local,06-09-2026,6200,6300,6250
Tamil Nadu,Virudhunagar,Virudhunagar(Uzhavar Sandhai ),Beetroot,Beetroot,Local,06-09-2026,4400,4500,4450
Tamil Nadu,Virudhunagar,Virudhunagar(Uzhavar Sandhai ),Cauliflower,Ranchi,Local,06-09-2026,3300,3500,3400
Tamil Nadu,Virudhunagar,Virudhunagar(Uzhavar Sandhai ),Tomato,Deshi,Local,06-09-2026,2700,2800,2750
Tamil Nadu,Virudhunagar,Virudhunagar(Uzhavar Sandhai ),Bitter gourd,Bitter Gourd,Local,06-09-2026,5700,6000,5850
Tamil Nadu,Chengalpattu,Madhuranthagam(Uzhavar Sandhai ),Snakeguard,Snakeguard,Local,06-09-2026,4000,4000,4000
Tamil Nadu,Chengalpattu,Madhuranthagam(Uzhavar Sandhai ),Green Avare(W),Green Avare (W),Local,06-09-2026,5000,5000,5000
Tamil Nadu,Chengalpattu,Madhuranthagam(Uzhavar Sandhai ),Tender Coconut,Tender Coconut,Local,06-09-2026,3000,4000,3500
Tamil Nadu,Chengalpattu,Medavakkam(Uzhavar Sandhai ),Marigold(Calcutta),Marigold(Calcutta),Local,06-09-2026,10000,14000,12000
Tamil Nadu,Chengalpattu,Medavakkam(Uzhavar Sandhai ),Rose(Local),Rose (Local),Local,06-09-2026,20000,20000,20000
Tamil Nadu,Chengalpattu,Pallavaram(Uzhavar Sandhai ),Coconut,Coconut,Local,06-09-2026,6000,7000,6500
Tamil Nadu,Chengalpattu,Pallavaram(Uzhavar Sandhai ),Snakeguard,Snakeguard,Local,06-09-2026,3500,4000,3750
Tamil Nadu,Chengalpattu,Pallavaram(Uzhavar Sandhai ),Onion,Bellary,Local,06-09-2026,4500,5000,4750
Tamil Nadu,Chengalpattu,Pallavaram(Uzhavar Sandhai ),Brinjal,Round,Local,06-09-2026,3500,4000,3750
Tamil Nadu,Chengalpattu,Pallavaram(Uzhavar Sandhai ),Pumpkin,Pumpkin,Local,06-09-2026,2000,2500,2250
Tamil Nadu,Chengalpattu,Pallavaram(Uzhavar Sandhai ),Bhindi(Ladies Finger),Bhindi,Local,06-09-2026,3500,4000,3750
Tamil Nadu,Chengalpattu,Pallavaram(Uzhavar Sandhai ),Elephant Yam(Suran)/Amorphophallus,Elephant Yam (Suran),Local,06-09-2026,5000,6000,5500
Tamil Nadu,Chengalpattu,Pallavaram(Uzhavar Sandhai ),Yam(Ratalu),Yam (Ratalu),Local,06-09-2026,6000,7000,6500
Tamil Nadu,Chengalpattu,Pallavaram(Uzhavar Sandhai ),Indian Beans(Seam),Indian Beans (Seam),Local,06-09-2026,7000,8000,7500
Tamil Nadu,Chengalpattu,Pallavaram(Uzhavar Sandhai ),Mint(Pudina),Mint(Pudina),Local,06-09-2026,3500,4000,3750
Tamil Nadu,Nagercoil (Kannyiakumari),Myladi(Uzhavar Sandhai ),Coconut,Coconut,Local,06-09-2026,5800,6000,5900
Tamil Nadu,Nagercoil (Kannyiakumari),Myladi(Uzhavar Sandhai ),Carrot,Pusakesar,Local,06-09-2026,7500,8000,7750
Tamil Nadu,Nagercoil (Kannyiakumari),Myladi(Uzhavar Sandhai ),Cucumbar(Kheera),Cucumbar,Local,06-09-2026,1800,2000,1900
Tamil Nadu,Nagercoil (Kannyiakumari),Myladi(Uzhavar Sandhai ),Tomato,Deshi,Local,06-09-2026,3000,3500,3250
Tamil Nadu,Nagercoil (Kannyiakumari),Myladi(Uzhavar Sandhai ),Pumpkin,Pumpkin,Local,06-09-2026,1800,2000,1900
Tamil Nadu,Chengalpattu,Jameenrayapettai(Uzhavar Sandhai ),Banana,Red Banana,Local,06-09-2026,7000,8000,7500
Tamil Nadu,Chengalpattu,Jameenrayapettai(Uzhavar Sandhai ),Garlic,Garlic,Local,06-09-2026,22000,25000,23500
Tamil Nadu,Chengalpattu,Jameenrayapettai(Uzhavar Sandhai ),Brinjal,Round,Local,06-09-2026,3500,4000,3750
Tamil Nadu,Chengalpattu,Jameenrayapettai(Uzhavar Sandhai ),Cluster beans,Cluster Beans,Local,06-09-2026,5000,6000,5500
Tamil Nadu,Chengalpattu,Jameenrayapettai(Uzhavar Sandhai ),Pumpkin,Pumpkin,Local,06-09-2026,2500,3000,2750
Tamil Nadu,Chengalpattu,Jameenrayapettai(Uzhavar Sandhai ),Banana - Green,Banana - Green,Local,06-09-2026,3500,4000,3750
Tamil Nadu,Chengalpattu,Jameenrayapettai(Uzhavar Sandhai ),Thondekai,Thondekai,Local,06-09-2026,4000,5000,4500
Tamil Nadu,Chengalpattu,Jameenrayapettai(Uzhavar Sandhai ),Drumstick,Drumstick,Local,06-09-2026,6000,7000,6500
Tamil Nadu,Chengalpattu,Jameenrayapettai(Uzhavar Sandhai ),Pomegranate,Pomogranate,Local,06-09-2026,12000,14000,13000
Tamil Nadu,Chengalpattu,Jameenrayapettai(Uzhavar Sandhai ),Elephant Yam(Suran)/Amorphophallus,Elephant Yam (Suran),Local,06-09-2026,4000,5000,4500
Karnataka,Koppal,Kustagi APMC,Bajra(Pearl Millet/Cumbu),Hybrid,FAQ,06-09-2026,2350,2600,2483
Maharashtra,Chattrapati Sambhajinagar,APMC Chattrapati Sambhajinagar ,Ginger(Green),Other,Local,06-09-2026,5500,16000,10750
Maharashtra,Chattrapati Sambhajinagar,APMC Chattrapati Sambhajinagar ,Bhindi(Ladies Finger),Other,Local,06-09-2026,600,1200,900
Maharashtra,Chattrapati Sambhajinagar,APMC Chattrapati Sambhajinagar ,Bottle gourd,Other,Local,06-09-2026,500,700,600
Maharashtra,Chattrapati Sambhajinagar,APMC Paithan ,Jowar(Sorghum),Red,Local,06-09-2026,2101,2101,2101
Maharashtra,Jalgaon,APMC Bhusaval ,Water Melon,Other,Local,06-09-2026,800,1000,1000
Maharashtra,Jalgaon,APMC Bhusaval ,Potato,Other,Local,06-09-2026,1000,1500,1200
Maharashtra,Jalgaon,APMC Bhusaval ,Guar,Other,Local,06-09-2026,5000,5000,5000
Maharashtra,Jalgaon,APMC Bhusaval ,Spinach,Other,Local,06-09-2026,1200,2000,1500
Maharashtra,Jalgaon,APMC Bhusaval ,Peas Wet,Other,Local,06-09-2026,8000,8000,8000
Maharashtra,Jalgaon,APMC Parola ,Jowar(Sorghum),Jowar ( White),Local,06-09-2026,2450,2511,2450
Tamil Nadu,Villupuram,Tindivanam APMC,Potato,Red Nanital,Local,06-09-2026,3800,3800,3800
Tamil Nadu,Villupuram,Tindivanam APMC,Brinjal,Round,Local,06-09-2026,3000,3500,3250
Tamil Nadu,Villupuram,Tindivanam APMC,Papaya,Papaya,Local,06-09-2026,4000,4000,4000
Tamil Nadu,Villupuram,Tindivanam APMC,Pumpkin,Pumpkin,Local,06-09-2026,2000,2000,2000
Tamil Nadu,Villupuram,Tindivanam APMC,Bhindi(Ladies Finger),Bhindi,Local,06-09-2026,2500,2500,2500
Tamil Nadu,Villupuram,Tindivanam APMC,Amaranthus,Amaranthus,Local,06-09-2026,4000,5000,4500
Tamil Nadu,Villupuram,Tindivanam APMC,Banana - Green,Banana - Green,Local,06-09-2026,5000,5000,5000
Tamil Nadu,Villupuram,Tindivanam APMC,Knool Khol,Knool Khol,Local,06-09-2026,4000,4000,4000
Tamil Nadu,Villupuram,Tindivanam APMC,Guava,Guava Allahabad,Local,06-09-2026,6000,8000,7000
Tamil Nadu,Villupuram,Tindivanam APMC,Fig(Anjura/Anjeer),Anjura,Local,06-09-2026,16000,16000,16000
Tamil Nadu,Villupuram,Ulundurpettai APMC,Green Chilli,Green Chilly,Local,06-09-2026,6000,6000,6000
Tamil Nadu,Villupuram,Ulundurpettai APMC,Banana - Green,Banana - Green,Local,06-09-2026,3000,3000,3000
Tamil Nadu,Villupuram,Ulundurpettai APMC,Coconut,Coconut,Local,06-09-2026,3000,3000,3000
Tamil Nadu,Villupuram,Ulundurpettai APMC,Yam(Ratalu),Yam (Ratalu),Local,06-09-2026,3000,3000,3000
Tamil Nadu,Villupuram,Ulundurpettai APMC,Mint(Pudina),Mint(Pudina),Local,06-09-2026,3000,3000,3000
Uttar Pradesh,Fatehpur,Fatehpur APMC,Onion,Other,FAQ,06-09-2026,3600,3600,3600
Uttar Pradesh,Fatehpur,Fatehpur APMC,Potato,Other,FAQ,06-09-2026,700,720,704.96
Tripura,North Tripura,Panisagar APMC,Brinjal,Round/Long,Medium,06-09-2026,2900,3000,2950
Uttar Pradesh,Aligarh,Aligarh APMC,Green Gram(Moong)(Whole),Other,FAQ,06-09-2026,5500,5500,5500
Uttar Pradesh,Azamgarh,Azamgarh APMC,Wheat,Local,FAQ,06-09-2026,2585,2585,2585
Uttar Pradesh,Azamgarh,Azamgarh APMC,Tomato,Other,FAQ,06-09-2026,700,700,700
Uttar Pradesh,Azamgarh,Azamgarh APMC,Wheat,Dara,FAQ,06-09-2026,2585,2585,2585
Uttar Pradesh,Badaun,Babrala APMC,Wheat,Dara,Local,06-09-2026,2530,2550,2540
Maharashtra,Kolhapur,APMC Kolhapur ,Apple,Other,Local,06-09-2026,10000,17500,12500
Maharashtra,Kolhapur,APMC Kolhapur ,Cabbage,Other,Local,06-09-2026,500,800,700
Maharashtra,Kolhapur,APMC Kolhapur ,Coriander(Leaves),Other,Local,06-09-2026,1500,3500,2500
Maharashtra,Kolhapur,APMC Kolhapur ,Tomato,Other,Local,06-09-2026,1000,1600,1300
Uttar Pradesh,Kanpur Dehat,Jhijhank APMC,Wheat,Dara,FAQ,06-09-2026,2350,2350,2350
Uttar Pradesh,Farukhabad,Kayamganj APMC,Tobacco,Other,FAQ,06-09-2026,422,1870,1050.28
Madhya Pradesh,Mandla,Krishi Upaj Mandi Samiti Bichhiya,Wheat,Mill Quality,Non-FAQ,06-09-2026,2400,2400,2400
Uttar Pradesh,Hamirpur,Maudaha APMC,Mustard,Other,FAQ,06-09-2026,7000,7000,7000
Madhya Pradesh,Seoni,Ghansour APMC,Wheat,Wheat,FAQ,06-09-2026,2300,2300,2300
Madhya Pradesh,Seoni,Lakhnadon APMC,Wheat,Local,Non-FAQ,06-09-2026,2220,2220,2220
Gujarat,Amreli,Damnagar APMC,Tomato,Local,Local,06-09-2026,3000,3000,3000
Gujarat,Amreli,Damnagar APMC,Cabbage,Cabbage,Local,06-09-2026,2500,2500,2500
Gujarat,Rajkot,Gondal(Veg.market Gondal) APMC,Guava,Guava,Local,06-09-2026,2000,7500,4750
Gujarat,Rajkot,Gondal(Veg.market Gondal) APMC,Pomegranate,Pomogranate,Local,06-09-2026,1500,9000,5250
Tamil Nadu,Madurai,Chokkikulam(Uzhavar Sandhai ),Beetroot,Beetroot,Local,06-09-2026,4500,5000,4750
Tamil Nadu,Madurai,Chokkikulam(Uzhavar Sandhai ),Ridgeguard(Tori),Ridgeguard(Tori),Local,06-09-2026,5000,5500,5250
Tamil Nadu,Madurai,Chokkikulam(Uzhavar Sandhai ),Green Peas,Green Peas,Local,06-09-2026,14000,16000,15000
Tamil Nadu,Madurai,Chokkikulam(Uzhavar Sandhai ),Water Melon,Water Melon,Local,06-09-2026,2000,2500,2250
Tamil Nadu,Madurai,Chokkikulam(Uzhavar Sandhai ),Mousambi(Sweet Lime),Mousambi,Local,06-09-2026,6500,7000,6750
Tamil Nadu,Madurai,Chokkikulam(Uzhavar Sandhai ),Bitter gourd,Bitter Gourd,Local,06-09-2026,5000,6500,5750
Tamil Nadu,Madurai,Chokkikulam(Uzhavar Sandhai ),Pumpkin,Pumpkin,Local,06-09-2026,1600,2000,1800
Tamil Nadu,Madurai,Chokkikulam(Uzhavar Sandhai ),Ginger(Green),Green Ginger,Local,06-09-2026,12000,19000,15500
Tamil Nadu,Madurai,Chokkikulam(Uzhavar Sandhai ),Yam(Ratalu),Yam (Ratalu),Local,06-09-2026,6500,7000,6750
Tamil Nadu,Madurai,Chokkikulam(Uzhavar Sandhai ),Indian Beans(Seam),Indian Beans (Seam),Local,06-09-2026,5500,6000,5750
Chattisgarh,Raipur,Neora APMC,Paddy(Common),Mahamaya,Non-FAQ,06-09-2026,1820,1820,1820
Uttar Pradesh,Saharanpur,Saharanpur APMC,Potato,Other,FAQ,06-09-2026,500,900,662.73
Uttar Pradesh,Ambedkarnagar,Akbarpur APMC,Rice,Common,FAQ,06-09-2026,2550,2550,2550
Andhra Pradesh,Palnadu,Krosuru APMC,Paddy(Common),B P T,FAQ,06-09-2026,2200,2400,2300
Telangana,Warangal,Warangal APMC,Colacasia,Colacasia,FAQ,06-09-2026,2000,2500,2250
Telangana,Warangal,Warangal APMC,Capsicum,Capsicum,FAQ,06-09-2026,4000,4500,4250
Telangana,Warangal,Warangal APMC,Bitter gourd,Bitter Gourd,FAQ,06-09-2026,2000,2500,2250
Telangana,Warangal,Warangal APMC,Thondekai,Thondekai,FAQ,06-09-2026,2000,2500,2250
Telangana,Bhadradri Kothagudem,Dammapet APMC,Wood,Eucalyptus,FAQ,06-09-2026,400,400,400
Andhra Pradesh,Prakasam,Kandukur APMC,Paddy(Common),Other,Local,06-09-2026,2380,2450,2400
Uttar Pradesh,Bareilly,Baheri APMC,Firewood,Firewood,FAQ,06-09-2026,550,650,603.57
Keralam,Palakad,vadakarapathy Market,Beetroot,Other,FAQ,06-09-2026,2000,3000,2500
Keralam,Palakad,vadakarapathy Market,Bhindi(Ladies Finger),Bhindi,FAQ,06-09-2026,2000,3000,2500
Keralam,Palakad,vadakarapathy Market,Tomato,Tomato,FAQ,06-09-2026,1780,2640,2000
Maharashtra,Pune,APMC Pune ,Ginger(Green),Other,Local,06-09-2026,3000,12000,7500
Maharashtra,Pune,APMC Pune ,Potato,Local,Local,06-09-2026,700,1500,1100
Maharashtra,Pune,APMC Pune ,Bhindi(Ladies Finger),Other,Local,06-09-2026,1000,3000,2000
Maharashtra,Pune,APMC Pune ,Bottle gourd,Other,Local,06-09-2026,1000,2000,1500
Maharashtra,Pune,APMC Pune ,Beans,Other,Local,06-09-2026,2000,4000,3000
Maharashtra,Pune,APMC Pune ,Onion,Local,Local,06-09-2026,1000,5000,3000
Maharashtra,Pune,APMC Pune ,Bitter gourd,Other,Local,06-09-2026,1500,3000,2250
Maharashtra,Pune,APMC Pune ,Chilly Capsicum,Other,Local,06-09-2026,1000,3500,2250
Maharashtra,Pune,Pune(Khadiki) ,Chilly Capsicum,Other,Local,06-09-2026,1400,1800,1600
Uttar Pradesh,Shahjahanpur,Shahjahanpur APMC,Wood,Other,FAQ,06-09-2026,500,500,500
Keralam,Thiruvananthapuram,Parassala Market,Drumstick,Drumstick,Local,06-09-2026,2800,3200,3000
Keralam,Thiruvananthapuram,Parassala Market,Colacasia,Colacasia,Local,06-09-2026,5800,6200,6000
Keralam,Thiruvananthapuram,Parassala Market,Beetroot,Beetroot,Local,06-09-2026,3800,4200,4000
Keralam,Thiruvananthapuram,Parassala Market,Banana,Robusta,Local,06-09-2026,2800,3200,3000
Keralam,Thiruvananthapuram,Parassala Market,Banana,Rasakathai,Local,06-09-2026,6000,6800,6500
Uttarakhand,Haridwar,Roorkee APMC,Brinjal,Other,Local,06-09-2026,700,1000,800
Uttarakhand,Haridwar,Roorkee APMC,Cauliflower,Other,Local,06-09-2026,1000,1500,1200
Uttarakhand,Haridwar,Roorkee APMC,Cucumbar(Kheera),Other,Local,06-09-2026,800,1000,900
Maharashtra,Pune,Pune(Moshi) ,Lime,Other,Local,06-09-2026,5000,7000,6000
Maharashtra,Pune,Pune(Moshi) ,Papaya,Other,Local,06-09-2026,2000,2000,2000
Maharashtra,Pune,Pune(Moshi) ,Apple,Other,Local,06-09-2026,15000,15000,15000
Maharashtra,Pune,Pune(Moshi) ,Beans,Other,Local,06-09-2026,4000,5000,4500
Maharashtra,Pune,Pune(Moshi) ,Cucumbar(Kheera),Other,Local,06-09-2026,1000,2000,1500
Maharashtra,Pune,Pune(Moshi) ,Onion Green,Other,Local,06-09-2026,10,15,13
Maharashtra,Pune,Pune(Moshi) ,Pointed gourd(Parval),Other,Local,06-09-2026,4000,4000,4000
Maharashtra,Pune,Pune(Moshi) ,Drumstick,Other,Local,06-09-2026,5000,5000,5000
Maharashtra,Pune,Pune(Moshi) ,Peas Wet,Other,Local,06-09-2026,7000,10000,8500
Maharashtra,Pune,Pune(Moshi) ,Guar,Other,Local,06-09-2026,5000,6000,5500
Tamil Nadu,Erode,Thalavadi(Uzhavar Sandhai ),Cucumbar(Kheera),Cucumbar,Local,06-09-2026,3000,3400,3200
Tamil Nadu,Erode,Thalavadi(Uzhavar Sandhai ),Onion,Bellary,Local,06-09-2026,5400,5800,5600
Tamil Nadu,Erode,Thalavadi(Uzhavar Sandhai ),Brinjal,Round,Local,06-09-2026,2600,3000,2800
Tamil Nadu,Erode,Thalavadi(Uzhavar Sandhai ),Bhindi(Ladies Finger),Bhindi,Local,06-09-2026,3000,3600,3300
Tamil Nadu,Erode,Thalavadi(Uzhavar Sandhai ),Green Chilli,Green Chilly,Local,06-09-2026,3000,3600,3300
Tamil Nadu,Erode,Thalavadi(Uzhavar Sandhai ),Green Avare(W),Other,Local,06-09-2026,3500,4000,3750
Tamil Nadu,Erode,Thalavadi(Uzhavar Sandhai ),Mint(Pudina),Mint(Pudina),Local,06-09-2026,4400,4800,4600
Tamil Nadu,Cuddalore,Viruthachalam(Uzhavar Sandhai ),Cabbage,Cabbage,Local,06-09-2026,2500,2500,2500
Tamil Nadu,Cuddalore,Viruthachalam(Uzhavar Sandhai ),Beetroot,Beetroot,Local,06-09-2026,5000,5000,5000
Tamil Nadu,Cuddalore,Viruthachalam(Uzhavar Sandhai ),Potato,Red Nanital,Local,06-09-2026,4000,4000,4000
Keralam,Alappuzha,Madhavapuram Market,Amaranthus,Other,FAQ,06-09-2026,5900,6300,6100
Maharashtra,Satara,APMC Satara ,Ginger(Green),Other,Local,06-09-2026,5000,12000,8500
Maharashtra,Satara,APMC Satara ,Bhindi(Ladies Finger),Other,Local,06-09-2026,2000,3000,2500
Maharashtra,Satara,APMC Satara ,Bottle gourd,Other,Local,06-09-2026,800,1000,900
Maharashtra,Satara,APMC Satara ,Cauliflower,Other,Local,06-09-2026,2000,3000,2500
Maharashtra,Satara,APMC Satara ,Guar,Other,Local,06-09-2026,4000,5000,4500
Maharashtra,Satara,APMC Satara ,Bitter gourd,Other,Local,06-09-2026,2000,3000,2500
Tamil Nadu,Krishnagiri,Krishnagiri(Uzhavar Sandhai ),Coconut,Coconut,Local,06-09-2026,4500,5000,4750
Tamil Nadu,Krishnagiri,Krishnagiri(Uzhavar Sandhai ),Sweet Potato,Hosur Red,Local,06-09-2026,2400,2800,2600
Tamil Nadu,Krishnagiri,Krishnagiri(Uzhavar Sandhai ),Banana,Red Banana,Local,06-09-2026,7500,8000,7750
Tamil Nadu,Krishnagiri,Krishnagiri(Uzhavar Sandhai ),Garlic,Garlic,Local,06-09-2026,20000,24000,22000
Tamil Nadu,Krishnagiri,Krishnagiri(Uzhavar Sandhai ),Coriander(Leaves),I Sort,Local,06-09-2026,1500,2000,1750
Tamil Nadu,Krishnagiri,Krishnagiri(Uzhavar Sandhai ),Tomato,Deshi,Local,06-09-2026,1400,1800,1600
Tamil Nadu,Krishnagiri,Krishnagiri(Uzhavar Sandhai ),Green Avare(W),Green Avare (W),Local,06-09-2026,3400,3800,3600
Tamil Nadu,Krishnagiri,Krishnagiri(Uzhavar Sandhai ),Drumstick,Drumstick,Local,06-09-2026,2600,3000,2800
Tamil Nadu,Krishnagiri,Krishnagiri(Uzhavar Sandhai ),Knool Khol,Knool Khol,Local,06-09-2026,4500,5000,4750
Tamil Nadu,Krishnagiri,Krishnagiri(Uzhavar Sandhai ),Marigold(Calcutta),Marigold(Calcutta),Local,06-09-2026,8000,10000,9000
Tamil Nadu,Krishnagiri,Krishnagiri(Uzhavar Sandhai ),Onion Green,Onion Green,Local,06-09-2026,7000,8000,7500
Tamil Nadu,Nagapattinam,Nagapattinam(Uzhavar Sandhai ),Cabbage,Cabbage,Local,06-09-2026,4500,4500,4500
Tamil Nadu,Nagapattinam,Nagapattinam(Uzhavar Sandhai ),Onion,Bellary,Local,06-09-2026,2800,3500,3150
Tamil Nadu,Nagapattinam,Nagapattinam(Uzhavar Sandhai ),Garlic,Garlic,Local,06-09-2026,17100,20000,18550
Tamil Nadu,Nagapattinam,Nagapattinam(Uzhavar Sandhai ),Bottle gourd,Bottle Gourd,Local,06-09-2026,2900,3300,3100
Tamil Nadu,Nagapattinam,Nagapattinam(Uzhavar Sandhai ),Ginger(Green),Green Ginger,Local,06-09-2026,14600,20000,17300
Tamil Nadu,Tenkasi,Sankarankoil(Uzhavar Sandhai ),Onion,Bellary,Local,06-09-2026,6000,6500,6250
Tamil Nadu,Tenkasi,Sankarankoil(Uzhavar Sandhai ),Bitter gourd,Other,Local,06-09-2026,8000,8000,8000
Tamil Nadu,Tenkasi,Sankarankoil(Uzhavar Sandhai ),Bottle gourd,Bottle Gourd,Local,06-09-2026,1500,2000,1750
Tamil Nadu,Tenkasi,Tenkasi(Uzhavar Sandhai ),Coconut,Coconut,Local,06-09-2026,5500,6000,5750
Tamil Nadu,Tenkasi,Tenkasi(Uzhavar Sandhai ),Green Chilli,Green Chilly,Local,06-09-2026,5000,5000,5000
Tamil Nadu,Tenkasi,Tenkasi(Uzhavar Sandhai ),Raddish,Raddish,Local,06-09-2026,3500,3500,3500
Tamil Nadu,Tenkasi,Tenkasi(Uzhavar Sandhai ),Elephant Yam(Suran)/Amorphophallus,Elephant Yam (Suran),Local,06-09-2026,4000,4000,4000
Tamil Nadu,Tenkasi,Tenkasi(Uzhavar Sandhai ),Onion Green,Onion Green,Local,06-09-2026,5000,7000,6000
Tamil Nadu,Pudukkottai,Pudukottai(Uzhavar Sandhai ),Banana,Red Banana,Local,06-09-2026,8000,9000,8500
Tamil Nadu,Pudukkottai,Pudukottai(Uzhavar Sandhai ),Garlic,Garlic,Local,06-09-2026,28000,30000,29000
Tamil Nadu,Pudukkottai,Pudukottai(Uzhavar Sandhai ),Cauliflower,Ranchi,Local,06-09-2026,5000,6000,5500
Tamil Nadu,Pudukkottai,Pudukottai(Uzhavar Sandhai ),Bitter gourd,Bitter Gourd,Local,06-09-2026,7000,8000,7500
Tamil Nadu,Pudukkottai,Pudukottai(Uzhavar Sandhai ),Tamarind Fruit,Tamarind Fruit,Local,06-09-2026,6000,7000,6500
Tamil Nadu,Pudukkottai,Pudukottai(Uzhavar Sandhai ),Mashrooms,Mashrooms,Local,06-09-2026,24000,25000,24500
Tamil Nadu,Pudukkottai,Pudukottai(Uzhavar Sandhai ),Mint(Pudina),Mint(Pudina),Local,06-09-2026,4000,5000,4500
Tamil Nadu,Thanjavur,Kumbakonam (Uzhavar Sandhai ),Beetroot,Beetroot,Local,06-09-2026,3600,4800,4200
Tamil Nadu,Thanjavur,Kumbakonam (Uzhavar Sandhai ),Garlic,Garlic,Local,06-09-2026,20000,20000,20000
Tamil Nadu,Thanjavur,Kumbakonam (Uzhavar Sandhai ),Cauliflower,Ranchi,Local,06-09-2026,4800,4800,4800
Tamil Nadu,Thanjavur,Kumbakonam (Uzhavar Sandhai ),Tomato,Deshi,Local,06-09-2026,2800,3200,3000
Tamil Nadu,Thanjavur,Kumbakonam (Uzhavar Sandhai ),Bottle gourd,Bottle Gourd,Local,06-09-2026,3600,3600,3600
Tamil Nadu,Thanjavur,Kumbakonam (Uzhavar Sandhai ),Pumpkin,Pumpkin,Local,06-09-2026,2400,2400,2400
Tamil Nadu,Thanjavur,Kumbakonam (Uzhavar Sandhai ),Amaranthus,Amaranthus,Local,06-09-2026,2000,2000,2000
Tamil Nadu,Thanjavur,Kumbakonam (Uzhavar Sandhai ),Beans,Beans (Whole),Local,06-09-2026,6000,8400,7200
Tamil Nadu,Thanjavur,Kumbakonam (Uzhavar Sandhai ),Mango(Raw-Ripe),Mango - Raw-Ripe,Local,06-09-2026,13200,13200,13200
Tamil Nadu,Thanjavur,Kumbakonam (Uzhavar Sandhai ),Lime,Lime,Local,06-09-2026,4000,4000,4000
Tamil Nadu,Thanjavur,Kumbakonam (Uzhavar Sandhai ),Mint(Pudina),Mint(Pudina),Local,06-09-2026,6000,6000,6000
Tamil Nadu,The Nilgiris,Udhagamandalam(Uzhavar Sandhai ),Garlic,Garlic,Local,06-09-2026,12000,15000,13500
Tamil Nadu,The Nilgiris,Udhagamandalam(Uzhavar Sandhai ),Brinjal,Other,Local,06-09-2026,3500,3800,3650
Tamil Nadu,The Nilgiris,Udhagamandalam(Uzhavar Sandhai ),Cluster beans,Cluster Beans,Local,06-09-2026,3500,4000,3750
Tamil Nadu,The Nilgiris,Udhagamandalam(Uzhavar Sandhai ),Raddish,Raddish,Local,06-09-2026,2500,3000,2750
Tamil Nadu,The Nilgiris,Udhagamandalam(Uzhavar Sandhai ),Knool Khol,Knool Khol,Local,06-09-2026,4000,4500,4250
Tamil Nadu,The Nilgiris,Udhagamandalam(Uzhavar Sandhai ),Lime,Lime,Local,06-09-2026,10000,11000,10500
Tamil Nadu,The Nilgiris,Udhagamandalam(Uzhavar Sandhai ),Lemon,Lemon,Local,06-09-2026,18000,20000,19000
Tamil Nadu,Theni,Andipatti(Uzhavar Sandhai ),Onion,Bellary,Local,06-09-2026,5800,6000,5900
Tamil Nadu,Theni,Andipatti(Uzhavar Sandhai ),Potato,Other,Local,06-09-2026,2600,2800,2700
Tamil Nadu,Theni,Andipatti(Uzhavar Sandhai ),Cauliflower,Ranchi,Local,06-09-2026,3000,3500,3250
Tamil Nadu,Theni,Andipatti(Uzhavar Sandhai ),Cluster beans,Cluster Beans,Local,06-09-2026,2200,2400,2300
Tamil Nadu,Theni,Andipatti(Uzhavar Sandhai ),Ginger(Green),Green Ginger,Local,06-09-2026,9000,14000,11500
Tamil Nadu,Theni,Andipatti(Uzhavar Sandhai ),Green Avare(W),Other,Local,06-09-2026,6300,6500,6400
Tamil Nadu,Theni,Andipatti(Uzhavar Sandhai ),Chow Chow,Chow Chow,Local,06-09-2026,2400,2600,2500
Tamil Nadu,Theni,Andipatti(Uzhavar Sandhai ),Drumstick,Drumstick,Local,06-09-2026,2500,3000,2750
Tamil Nadu,Theni,Andipatti(Uzhavar Sandhai ),Lemon,Lemon,Local,06-09-2026,22000,23000,22500
Tamil Nadu,Theni,Andipatti(Uzhavar Sandhai ),Mashrooms,Mashrooms,Local,06-09-2026,25000,25000,25000
Tamil Nadu,Theni,Bodinayakanur(Uzhavar Sandhai ),Carrot,Pusakesar,Local,06-09-2026,5200,5200,5200
Tamil Nadu,Theni,Bodinayakanur(Uzhavar Sandhai ),Cluster beans,Cluster Beans,Local,06-09-2026,2500,2500,2500
Tamil Nadu,Theni,Bodinayakanur(Uzhavar Sandhai ),Pumpkin,Pumpkin,Local,06-09-2026,1800,1800,1800
Tamil Nadu,Theni,Bodinayakanur(Uzhavar Sandhai ),Amaranthus,Amaranthus,Local,06-09-2026,2500,2500,2500
Tamil Nadu,Theni,Bodinayakanur(Uzhavar Sandhai ),Banana - Green,Banana - Green,Local,06-09-2026,3600,3600,3600
Tamil Nadu,Theni,Bodinayakanur(Uzhavar Sandhai ),Drumstick,Drumstick,Local,06-09-2026,3000,3000,3000
West Bengal,Bankura,Bishnupur(Bankura) APMC,Masur Dal,Other,FAQ,06-09-2026,9900,11000,10500
West Bengal,Bankura,Bishnupur(Bankura) APMC,Bottle gourd,Bottle Gourd,FAQ,06-09-2026,1400,1700,1500
West Bengal,Bankura,Bishnupur(Bankura) APMC,Wheat,Sonalika,FAQ,06-09-2026,2600,2800,2700
Tamil Nadu,Thiruvarur,Needamangalam(Uzhavar Sandhai ),Snakeguard,Snakeguard,Local,06-09-2026,3200,3200,3200
Tamil Nadu,Thiruvarur,Needamangalam(Uzhavar Sandhai ),Ashgourd,Gouard,Local,06-09-2026,3000,3000,3000
Tamil Nadu,Thiruvarur,Needamangalam(Uzhavar Sandhai ),Bhindi(Ladies Finger),Bhindi,Local,06-09-2026,3600,3600,3600
Tamil Nadu,Thiruvarur,Needamangalam(Uzhavar Sandhai ),Raddish,Raddish,Local,06-09-2026,2600,2600,2600
Tamil Nadu,Thiruvarur,Needamangalam(Uzhavar Sandhai ),Drumstick,Drumstick,Local,06-09-2026,4400,4400,4400
Tamil Nadu,Thiruvarur,Needamangalam(Uzhavar Sandhai ),Onion Green,Onion Green,Local,06-09-2026,8000,8000,8000
Tamil Nadu,Thiruvarur,Tiruvarur(Uzhavar Sandhai ),Bhindi(Ladies Finger),Bhindi,Local,06-09-2026,4000,4000,4000
Tamil Nadu,Thiruvarur,Tiruvarur(Uzhavar Sandhai ),Banana - Green,Banana - Green,Local,06-09-2026,4000,4000,4000
West Bengal,Murshidabad,Kasimbazar APMC,Jute,Other,TD 3 (FAQ),06-09-2026,12000,12500,12300
Tamil Nadu,Virudhunagar,Aruppukottai(Uzhavar Sandhai ),Coconut,Coconut,Local,06-09-2026,5500,6000,5750
Tamil Nadu,Virudhunagar,Aruppukottai(Uzhavar Sandhai ),Carrot,Pusakesar,Local,06-09-2026,6500,7000,6750
Tamil Nadu,Virudhunagar,Aruppukottai(Uzhavar Sandhai ),Cabbage,Cabbage,Local,06-09-2026,3500,4000,3750
Tamil Nadu,Virudhunagar,Aruppukottai(Uzhavar Sandhai ),Potato,Red Nanital,Local,06-09-2026,3000,3500,3250
Tamil Nadu,Virudhunagar,Aruppukottai(Uzhavar Sandhai ),Cluster beans,Cluster Beans,Local,06-09-2026,3500,4000,3750
Tamil Nadu,Virudhunagar,Aruppukottai(Uzhavar Sandhai ),Ashgourd,Gouard,Local,06-09-2026,2000,2500,2250
Tamil Nadu,Virudhunagar,Aruppukottai(Uzhavar Sandhai ),Bhindi(Ladies Finger),Bhindi,Local,06-09-2026,4500,5000,4750
Tamil Nadu,Virudhunagar,Aruppukottai(Uzhavar Sandhai ),Chow Chow,Chow Chow,Local,06-09-2026,3000,3500,3250
Tamil Nadu,Virudhunagar,Aruppukottai(Uzhavar Sandhai ),Pomegranate,Pomogranate,Local,06-09-2026,11000,12000,11500
Tamil Nadu,Virudhunagar,Aruppukottai(Uzhavar Sandhai ),Yam(Ratalu),Yam (Ratalu),Local,06-09-2026,8500,9000,8750
Tamil Nadu,Virudhunagar,Aruppukottai(Uzhavar Sandhai ),Colacasia,Colacasia,Local,06-09-2026,6500,7000,6750
Tamil Nadu,Virudhunagar,Aruppukottai(Uzhavar Sandhai ),Mint(Pudina),Mint(Pudina),Local,06-09-2026,4500,5000,4750
Tamil Nadu,Villupuram,Gingee(Uzhavar Sandhai ),Coconut,Coconut,Local,06-09-2026,6000,6000,6000
Tamil Nadu,Villupuram,Gingee(Uzhavar Sandhai ),Carrot,Pusakesar,Local,06-09-2026,5500,5500,5500
Tamil Nadu,Villupuram,Gingee(Uzhavar Sandhai ),Cabbage,Cabbage,Local,06-09-2026,4000,4000,4000
Tamil Nadu,Villupuram,Gingee(Uzhavar Sandhai ),Potato,Red Nanital,Local,06-09-2026,4000,4000,4000
Tamil Nadu,Villupuram,Gingee(Uzhavar Sandhai ),Coriander(Leaves),I Sort,Local,06-09-2026,4000,4000,4000
Tamil Nadu,Villupuram,Gingee(Uzhavar Sandhai ),Bitter gourd,Bitter Gourd,Local,06-09-2026,5000,6000,5500
Tamil Nadu,Villupuram,Gingee(Uzhavar Sandhai ),Bottle gourd,Bottle Gourd,Local,06-09-2026,2500,2500,2500
Tamil Nadu,Villupuram,Gingee(Uzhavar Sandhai ),Pumpkin,Pumpkin,Local,06-09-2026,2500,2500,2500
Tamil Nadu,Villupuram,Gingee(Uzhavar Sandhai ),Ginger(Green),Green Ginger,Local,06-09-2026,13000,13000,13000
Tamil Nadu,Villupuram,Gingee(Uzhavar Sandhai ),Mango(Raw-Ripe),Mango - Raw-Ripe,Local,06-09-2026,9000,9000,9000
Tamil Nadu,Villupuram,Gingee(Uzhavar Sandhai ),Amla(Nelli Kai),Amla,Local,06-09-2026,9000,10000,9500
Uttar Pradesh,Barabanki,Barabanki APMC,Mentha Oil,Other,FAQ,06-09-2026,130000,138000,135833.15
Tamil Nadu,Thiruvarur,Valangaiman APMC,Coconut,Coconut,Local,06-09-2026,5000,5000,5000
Tamil Nadu,Thiruvarur,Valangaiman APMC,Ridgeguard(Tori),Ridgeguard(Tori),Local,06-09-2026,4000,4000,4000
Tamil Nadu,Thiruvarur,Valangaiman APMC,Brinjal,Round,Local,06-09-2026,4000,4000,4000
Tamil Nadu,Virudhunagar,Kariyapatti(Uzhavar Sandhai ),Snakeguard,Snakeguard,Local,06-09-2026,3500,4000,3750
Tamil Nadu,Virudhunagar,Kariyapatti(Uzhavar Sandhai ),Tomato,Deshi,Local,06-09-2026,2000,2500,2250
Tamil Nadu,Virudhunagar,Kariyapatti(Uzhavar Sandhai ),Green Chilli,Green Chilly,Local,06-09-2026,4500,5000,4750
Tamil Nadu,Virudhunagar,Kariyapatti(Uzhavar Sandhai ),Ginger(Green),Green Ginger,Local,06-09-2026,17000,18000,17500
Tamil Nadu,Virudhunagar,Kariyapatti(Uzhavar Sandhai ),Drumstick,Drumstick,Local,06-09-2026,3500,4000,3750
Tamil Nadu,Virudhunagar,Kariyapatti(Uzhavar Sandhai ),Lime,Lime,Local,06-09-2026,15000,16000,15500
Tamil Nadu,Virudhunagar,Kariyapatti(Uzhavar Sandhai ),Yam(Ratalu),Yam (Ratalu),Local,06-09-2026,8500,9000,8750
Uttar Pradesh,Bulandshahar,Buland Shahr APMC,Potato,Other,FAQ,06-09-2026,800,800,800
Madhya Pradesh,Dhar,Manawar(F&V) APMC,Bhindi(Ladies Finger),Bhindi,Grade B,06-09-2026,700,850,757
Madhya Pradesh,Dhar,Manawar(F&V) APMC,Coriander(Leaves),Coriander,Grade B,06-09-2026,1200,1500,1300
Tamil Nadu,Vellore,Katpadi (Uzhavar Sandhai ),Carrot,Pusakesar,Local,06-09-2026,4500,5500,5000
Tamil Nadu,Vellore,Katpadi (Uzhavar Sandhai ),Cabbage,Cabbage,Local,06-09-2026,2500,2500,2500
Tamil Nadu,Vellore,Katpadi (Uzhavar Sandhai ),Beetroot,Beetroot,Local,06-09-2026,4500,4500,4500
Tamil Nadu,Vellore,Katpadi (Uzhavar Sandhai ),Ridgeguard(Tori),Ridgeguard(Tori),Local,06-09-2026,4000,4500,4250
Tamil Nadu,Vellore,Katpadi (Uzhavar Sandhai ),Cluster beans,Cluster Beans,Local,06-09-2026,2500,2500,2500
Tamil Nadu,Vellore,Katpadi (Uzhavar Sandhai ),Thondekai,Thondekai,Local,06-09-2026,3500,3500,3500
Tamil Nadu,Vellore,Katpadi (Uzhavar Sandhai ),Chow Chow,Chow Chow,Local,06-09-2026,3000,3000,3000
Tamil Nadu,Vellore,Katpadi (Uzhavar Sandhai ),Pomegranate,Pomogranate,Local,06-09-2026,18000,18000,18000
Tamil Nadu,Vellore,Katpadi (Uzhavar Sandhai ),Tender Coconut,Tender Coconut,Local,06-09-2026,2500,3000,2750
Tamil Nadu,Vellore,Katpadi (Uzhavar Sandhai ),Sweet Corn ,Sweet Corn ,Local,06-09-2026,2500,3000,2750
Tamil Nadu,Madurai,Thirumangalam(Uzhavar Sandhai ),Snakeguard,Snakeguard,Local,06-09-2026,3000,3600,3300
Tamil Nadu,Madurai,Thirumangalam(Uzhavar Sandhai ),Guava,Guava Allahabad,Local,06-09-2026,6000,7000,6500
Tamil Nadu,Madurai,Melur(Uzhavar Sandhai ),Banana,Besrai,Local,06-09-2026,4000,5000,4500
Tamil Nadu,Madurai,Melur(Uzhavar Sandhai ),Mango,Safeda,Local,06-09-2026,7500,8000,7750
Tamil Nadu,Madurai,Melur(Uzhavar Sandhai ),Brinjal,Round,Local,06-09-2026,3600,4200,3900
Tamil Nadu,Madurai,Melur(Uzhavar Sandhai ),Bitter gourd,Other,Local,06-09-2026,4500,5000,4750
Tamil Nadu,Madurai,Melur(Uzhavar Sandhai ),Pumpkin,Pumpkin,Local,06-09-2026,1600,2000,1800
Tamil Nadu,Madurai,Melur(Uzhavar Sandhai ),Banana - Green,Banana - Green,Local,06-09-2026,1800,2200,2000
Tamil Nadu,Madurai,Melur(Uzhavar Sandhai ),Lime,Lime,Local,06-09-2026,3600,4000,3800
Tamil Nadu,Madurai,Melur(Uzhavar Sandhai ),Yam(Ratalu),Yam (Ratalu),Local,06-09-2026,6500,7000,6750
Tamil Nadu,Madurai,Melur(Uzhavar Sandhai ),Onion Green,Onion Green,Local,06-09-2026,7500,8000,7750
Madhya Pradesh,Chhatarpur,Bijawar APMC,Mustard,Sarson(Black),Non-FAQ,06-09-2026,7300,7300,7300
Tamil Nadu,Salem,Vazhapadi(Uzhavar Sandhai),Groundnut,Big (With Shell),Local,06-09-2026,7000,7000,7000
Tamil Nadu,Salem,Vazhapadi(Uzhavar Sandhai),Tomato,Deshi,Local,06-09-2026,2500,2800,2650
Tamil Nadu,Salem,Vazhapadi(Uzhavar Sandhai),Bhindi(Ladies Finger),Bhindi,Local,06-09-2026,3000,3000,3000
Tamil Nadu,Salem,Vazhapadi(Uzhavar Sandhai),Raddish,Raddish,Local,06-09-2026,2500,2500,2500
Tamil Nadu,Salem,Vazhapadi(Uzhavar Sandhai),Mint(Pudina),Mint(Pudina),Local,06-09-2026,3500,3500,3500
Tamil Nadu,Karur,Gandhigramam(Uzhavar Sandhai),Carrot,Pusakesar,Local,06-09-2026,6000,7000,6500
Tamil Nadu,Karur,Gandhigramam(Uzhavar Sandhai),Cabbage,Cabbage,Local,06-09-2026,4500,5000,4750
Tamil Nadu,Karur,Gandhigramam(Uzhavar Sandhai),Snakeguard,Snakeguard,Local,06-09-2026,3000,3500,3250
Tamil Nadu,Karur,Gandhigramam(Uzhavar Sandhai),Onion,Bellary,Local,06-09-2026,5500,6000,5750
Tamil Nadu,Karur,Gandhigramam(Uzhavar Sandhai),Cauliflower,Ranchi,Local,06-09-2026,4500,5000,4750
Tamil Nadu,Karur,Gandhigramam(Uzhavar Sandhai),Chikoos(Sapota),Sapota,Local,06-09-2026,5500,6000,5750
Tamil Nadu,Karur,Gandhigramam(Uzhavar Sandhai),Papaya,Papaya,Local,06-09-2026,4000,4500,4250
Tamil Nadu,Karur,Gandhigramam(Uzhavar Sandhai),Banana - Green,Banana - Green,Local,06-09-2026,2000,3000,2500
Tamil Nadu,Karur,Gandhigramam(Uzhavar Sandhai),Yam(Ratalu),Yam (Ratalu),Local,06-09-2026,9000,10000,9500
Karnataka,Bengaluru South,Ramanagara APMC,Cauliflower,Cauliflower,Local,06-09-2026,2000,3000,2400
Karnataka,Bengaluru South,Ramanagara APMC,Brinjal,Brinjal,Local,06-09-2026,2000,3200,2400
Karnataka,Bengaluru South,Ramanagara APMC,Cucumbar(Kheera),Cucumbar,Local,06-09-2026,2000,2600,2400
Keralam,Palakad,Vaniyamkulam  VFPCK Market,Cowpea(Veg),Cowpea (Veg),Grade A,06-09-2026,4000,4200,4100
Tamil Nadu,Pudukkottai,Aranthangi(Uzhavar Sandhai ),Coconut,Coconut,Local,06-09-2026,3500,4000,3750
Tamil Nadu,Pudukkottai,Aranthangi(Uzhavar Sandhai ),Onion,Bellary,Local,06-09-2026,6000,7000,6500
Tamil Nadu,Pudukkottai,Aranthangi(Uzhavar Sandhai ),Brinjal,Other,Local,06-09-2026,4500,5000,4750
Tamil Nadu,Pudukkottai,Aranthangi(Uzhavar Sandhai ),Pumpkin,Pumpkin,Local,06-09-2026,1000,1500,1250
Madhya Pradesh,Harda,Sirali(F&V) APMC,Bottle gourd,Bottle Gourd,Grade A,06-09-2026,1000,1000,1000
Madhya Pradesh,Harda,Sirali(F&V) APMC,Brinjal,Brinjal,Grade A,06-09-2026,1000,1000,1000
Tamil Nadu,Nagapattinam,Vedaranyam(Uzhavar Sandhai),Coconut,Coconut,Local,06-09-2026,5000,5500,5250
Tamil Nadu,Nagapattinam,Vedaranyam(Uzhavar Sandhai),Cabbage,Cabbage,Local,06-09-2026,3600,3800,3700
Tamil Nadu,Nagapattinam,Vedaranyam(Uzhavar Sandhai),Ashgourd,Gouard,Local,06-09-2026,2600,3000,2800
Tamil Nadu,Nagapattinam,Vedaranyam(Uzhavar Sandhai),Green Avare(W),Green Avare (W),Local,06-09-2026,6800,7500,7150
Tamil Nadu,Vellore,Perampet(Uzhavar Sandhai),Groundnut,Big (With Shell),Local,06-09-2026,7000,7600,7300
Tamil Nadu,Vellore,Perampet(Uzhavar Sandhai),Bitter gourd,Bitter Gourd,Local,06-09-2026,3000,3600,3300
Tamil Nadu,Vellore,Perampet(Uzhavar Sandhai),Bhindi(Ladies Finger),Bhindi,Local,06-09-2026,2000,2600,2300
Tamil Nadu,Vellore,Perampet(Uzhavar Sandhai),Green Chilli,Green Chilly,Local,06-09-2026,5000,5600,5300
Tamil Nadu,Vellore,Perampet(Uzhavar Sandhai),Chow Chow,Chow Chow,Local,06-09-2026,4000,4600,4300
Tamil Nadu,Vellore,Perampet(Uzhavar Sandhai),Drumstick,Drumstick,Local,06-09-2026,1500,2000,1750
Tamil Nadu,Vellore,Perampet(Uzhavar Sandhai),Sweet Corn ,Sweet Corn ,Local,06-09-2026,3000,3000,3000
Madhya Pradesh,Badwani,Sendhwa(F&V) APMC,Brinjal,Round,Small,06-09-2026,600,1100,900
Madhya Pradesh,Badwani,Sendhwa(F&V) APMC,Cauliflower,Cauliflower,Medium,06-09-2026,900,1100,1000
Madhya Pradesh,Badwani,Sendhwa(F&V) APMC,Onion,Red,Medium,06-09-2026,900,1100,1000
Maharashtra,Pune,Pune(Pimpri) ,Coriander(Leaves),Other,Local,06-09-2026,3,7,5
Maharashtra,Pune,Pune(Pimpri) ,Brinjal,Other,Local,06-09-2026,3000,3000,3000
Maharashtra,Pune,Pune(Pimpri) ,Beans,Other,Local,06-09-2026,4000,5000,4500
Maharashtra,Pune,Pune(Pimpri) ,Onion,Local,Local,06-09-2026,3000,4500,3750
Tamil Nadu,Karur,Kulithalai(Uzhavar Sandhai ),Water Melon,Water Melon,Local,06-09-2026,2500,3000,2750
Tamil Nadu,Karur,Kulithalai(Uzhavar Sandhai ),Ashgourd,Gouard,Local,06-09-2026,2500,3000,2750
Tamil Nadu,Karur,Kulithalai(Uzhavar Sandhai ),Bhindi(Ladies Finger),Bhindi,Local,06-09-2026,3000,3600,3300
Tamil Nadu,Karur,Kulithalai(Uzhavar Sandhai ),Chow Chow,Chow Chow,Local,06-09-2026,2800,3200,3000
Tamil Nadu,Karur,Kulithalai(Uzhavar Sandhai ),Lemon,Lemon,Local,06-09-2026,19500,20000,19750
Tamil Nadu,Karur,Kulithalai(Uzhavar Sandhai ),Mint(Pudina),Mint(Pudina),Local,06-09-2026,4500,5000,4750
Andhra Pradesh,East Godavari,Mandapeta APMC,Paddy(Common),1001,FAQ,06-09-2026,2369,2400,2389
Tamil Nadu,Chengalpattu,Guduvancheri(Uzhavar Sandhai ),Snakeguard,Snakeguard,Local,06-09-2026,3500,4000,3750
Tamil Nadu,Chengalpattu,Guduvancheri(Uzhavar Sandhai ),Onion,Bellary,Local,06-09-2026,5000,6000,5500
Tamil Nadu,Chengalpattu,Guduvancheri(Uzhavar Sandhai ),Coriander(Leaves),I Sort,Local,06-09-2026,5000,6000,5500
Tamil Nadu,Chengalpattu,Guduvancheri(Uzhavar Sandhai ),Bitter gourd,Other,Local,06-09-2026,6000,7000,6500
Tamil Nadu,Chengalpattu,Guduvancheri(Uzhavar Sandhai ),Bhindi(Ladies Finger),Bhindi,Local,06-09-2026,3500,4000,3750
Tamil Nadu,Chengalpattu,Guduvancheri(Uzhavar Sandhai ),Ginger(Green),Green Ginger,Local,06-09-2026,15000,17000,16000
Tamil Nadu,Chengalpattu,Guduvancheri(Uzhavar Sandhai ),Pomegranate,Pomogranate,Local,06-09-2026,12000,14000,13000
Tamil Nadu,Chengalpattu,Guduvancheri(Uzhavar Sandhai ),Rose(Local),Rose (Local),Local,06-09-2026,9000,11000,10000
Tamil Nadu,Chengalpattu,Guduvancheri(Uzhavar Sandhai ),Sweet Corn ,Sweet Corn ,Local,06-09-2026,4000,5000,4500
Tamil Nadu,Thirupur,Dharapuram(Uzhavar Sandhai ),Carrot,Pusakesar,Local,06-09-2026,6000,6500,6250
Tamil Nadu,Thirupur,Dharapuram(Uzhavar Sandhai ),Bitter gourd,Bitter Gourd,Local,06-09-2026,5500,6000,5750
Tamil Nadu,Thirupur,Dharapuram(Uzhavar Sandhai ),Ridgeguard(Tori),Ridgeguard(Tori),Local,06-09-2026,5500,6000,5750
Tamil Nadu,Thirupur,Dharapuram(Uzhavar Sandhai ),Bottle gourd,Bottle Gourd,Local,06-09-2026,1500,2000,1750
Tamil Nadu,Thirupur,Dharapuram(Uzhavar Sandhai ),Ashgourd,Gouard,Local,06-09-2026,2000,2500,2250
Tamil Nadu,Thirupur,Palladam(Uzhavar Sandhai ),Coconut,Coconut,Local,06-09-2026,5500,5800,5650
Tamil Nadu,Thirupur,Palladam(Uzhavar Sandhai ),Carrot,Pusakesar,Local,06-09-2026,5500,6000,5750
Tamil Nadu,Thirupur,Palladam(Uzhavar Sandhai ),Potato,Red Nanital,Local,06-09-2026,2500,3000,2750
Tamil Nadu,Thirupur,Palladam(Uzhavar Sandhai ),Cauliflower,Ranchi,Local,06-09-2026,3000,3500,3250
Tamil Nadu,Thirupur,Palladam(Uzhavar Sandhai ),Brinjal,Other,Local,06-09-2026,3500,4000,3750
Tamil Nadu,Thirupur,Palladam(Uzhavar Sandhai ),Papaya,Papaya,Local,06-09-2026,2500,3000,2750
Tamil Nadu,Thirupur,Palladam(Uzhavar Sandhai ),Tomato,Local,Local,06-09-2026,1500,2000,1750
Tamil Nadu,Thirupur,Palladam(Uzhavar Sandhai ),Amaranthus,Amaranthus,Local,06-09-2026,2500,3000,2750
Tamil Nadu,Thirupur,Palladam(Uzhavar Sandhai ),Cowpea(Veg),Cowpea (Veg),Local,06-09-2026,3500,4000,3750
Tamil Nadu,Thirupur,Palladam(Uzhavar Sandhai ),Banana - Green,Banana - Green,Local,06-09-2026,2500,3000,2750
Tamil Nadu,Thirupur,Palladam(Uzhavar Sandhai ),Green Avare(W),Other,Local,06-09-2026,5000,6000,5500
Tamil Nadu,Thirupur,Palladam(Uzhavar Sandhai ),Chow Chow,Chow Chow,Local,06-09-2026,2500,3000,2750
Telangana,Ranga Reddy,"Saroornagar,RBZ",Ridgeguard(Tori),Other,Medium,06-09-2026,3500,3500,3500
Telangana,Ranga Reddy,"Saroornagar,RBZ",Banana - Green,Banana - Green,Medium,06-09-2026,4000,4000,4000
Telangana,Ranga Reddy,"Saroornagar,RBZ",Brinjal,Other,Medium,06-09-2026,2300,2300,2300
Telangana,Ranga Reddy,"Saroornagar,RBZ",Carrot,Other,Medium,06-09-2026,5000,5000,5000
Telangana,Ranga Reddy,"Saroornagar,RBZ",Cucumbar(Kheera),Cucumbar,Medium,06-09-2026,1500,1500,1500
Telangana,Ranga Reddy,"Saroornagar,RBZ",French Beans(Frasbean),Other,Medium,06-09-2026,5500,5500,5500
Telangana,Ranga Reddy,"Saroornagar,RBZ",Tomato,Other,Medium,06-09-2026,1500,1500,1500
Uttar Pradesh,Ghaziabad,Hapur APMC,Wood,Other,FAQ,06-09-2026,1886.43,1886.43,1886.43
Uttar Pradesh,Hathras,Haathras APMC,Potato,Other,FAQ,06-09-2026,500,500,500
Uttar Pradesh,Raebarelli,Jayas APMC,Wood,Eucalyptus,FAQ,06-09-2026,550,550,550
Tamil Nadu,Kallakuruchi,Kallakurichi(Uzhavar Sandhai ),Potato,Red Nanital,Local,06-09-2026,3500,3500,3500
Tamil Nadu,Kallakuruchi,Kallakurichi(Uzhavar Sandhai ),Garlic,Garlic,Local,06-09-2026,26000,26000,26000
Tamil Nadu,Kallakuruchi,Kallakurichi(Uzhavar Sandhai ),Tomato,Deshi,Local,06-09-2026,3000,3000,3000
Tamil Nadu,Kallakuruchi,Kallakurichi(Uzhavar Sandhai ),Cluster beans,Cluster Beans,Local,06-09-2026,5000,5000,5000
Tamil Nadu,Kallakuruchi,Kallakurichi(Uzhavar Sandhai ),Knool Khol,Knool Khol,Local,06-09-2026,7000,7000,7000
Tamil Nadu,Kallakuruchi,Kallakurichi(Uzhavar Sandhai ),Tender Coconut,Tender Coconut,Local,06-09-2026,3000,3000,3000
Tamil Nadu,Kallakuruchi,Kallakurichi(Uzhavar Sandhai ),Jasmine,Jasmine,Local,06-09-2026,60000,60000,60000
Tamil Nadu,Kallakuruchi,Kallakurichi(Uzhavar Sandhai ),Elephant Yam(Suran)/Amorphophallus,Elephant Yam (Suran),Local,06-09-2026,4000,4000,4000
Tamil Nadu,Kallakuruchi,Kallakurichi(Uzhavar Sandhai ),Yam(Ratalu),Yam (Ratalu),Local,06-09-2026,3000,3000,3000
Tamil Nadu,Kallakuruchi,Kallakurichi(Uzhavar Sandhai ),Rose(Local),Rose (Local),Local,06-09-2026,40000,40000,40000
Tamil Nadu,Kallakuruchi,Kallakurichi(Uzhavar Sandhai ),Baby Corn,Baby Corn,Grade A,06-09-2026,3000,3000,3000
Uttar Pradesh,Mathura,Mathura APMC,Lemon,Other,FAQ,06-09-2026,6000,6000,6000
Andhra Pradesh,Krishna,Gudiwada APMC,Black Gram Dal(Urd Dal),Local,FAQ,06-09-2026,8600,8600,8600
Andhra Pradesh,Annamayya,Madanapalli APMC,Tomato,Local,FAQ,06-09-2026,1700,2200,2000
Andhra Pradesh,Anakapally,Payakaraopeta APMC,Paddy(Common),1001,Local,06-09-2026,2349,2369,2359
Andhra Pradesh,Kakinada,Tuni APMC,Cashewnuts,Local(Raw),FAQ,06-09-2026,13000,13000,13000
Andhra Pradesh,Palnadu,Rajupalem APMC,Paddy(Common),Common,Non-FAQ,06-09-2026,2000,2000,2000
Tamil Nadu,Salem,Athur(Uzhavar Sandhai ),Cucumbar(Kheera),Cucumbar,Local,06-09-2026,6000,6500,6250
Tamil Nadu,Salem,Athur(Uzhavar Sandhai ),Water Melon,Water Melon,Local,06-09-2026,1500,2000,1750
Tamil Nadu,Salem,Athur(Uzhavar Sandhai ),Cluster beans,Cluster Beans,Local,06-09-2026,2500,3000,2750
Tamil Nadu,Salem,Athur(Uzhavar Sandhai ),Amaranthus,Amaranthus,Local,06-09-2026,2000,2500,2250
Tamil Nadu,Salem,Athur(Uzhavar Sandhai ),Banana - Green,Banana - Green,Local,06-09-2026,2000,2400,2200
Tamil Nadu,Salem,Athur(Uzhavar Sandhai ),Beans,Beans (Whole),Local,06-09-2026,7000,8000,7500
Tamil Nadu,Salem,Athur(Uzhavar Sandhai ),Knool Khol,Knool Khol,Local,06-09-2026,4500,5000,4750
Uttar Pradesh,Pratapgarh,Pratapgarh APMC,Firewood,Firewood,FAQ,06-09-2026,350,350,350
Tamil Nadu,Theni,Periyakulam(Uzhavar Sandhai ),Coconut,Coconut,Local,06-09-2026,5400,5600,5500
Tamil Nadu,Theni,Periyakulam(Uzhavar Sandhai ),Banana,Karpura,Local,06-09-2026,5500,6000,5750
Tamil Nadu,Theni,Periyakulam(Uzhavar Sandhai ),Cauliflower,Ranchi,Local,06-09-2026,3000,3500,3250
Tamil Nadu,Theni,Periyakulam(Uzhavar Sandhai ),Ridgeguard(Tori),Ridgeguard(Tori),Local,06-09-2026,3600,3800,3700
Tamil Nadu,Theni,Periyakulam(Uzhavar Sandhai ),Amaranthus,Amaranthus,Local,06-09-2026,2000,2500,2250
Tamil Nadu,Theni,Periyakulam(Uzhavar Sandhai ),Beans,Beans (Whole),Local,06-09-2026,8000,8500,8250
Tamil Nadu,Theni,Periyakulam(Uzhavar Sandhai ),Ginger(Green),Green Ginger,Local,06-09-2026,9000,14000,11500
Tamil Nadu,Theni,Periyakulam(Uzhavar Sandhai ),Raddish,Raddish,Local,06-09-2026,1800,2000,1900
Tamil Nadu,Theni,Periyakulam(Uzhavar Sandhai ),Thondekai,Thondekai,Local,06-09-2026,3300,3500,3400
Tamil Nadu,Theni,Periyakulam(Uzhavar Sandhai ),Green Avare(W),Other,Local,06-09-2026,6200,6500,6350
Tamil Nadu,Theni,Periyakulam(Uzhavar Sandhai ),Lemon,Lemon,Local,06-09-2026,22000,23000,22500
Tamil Nadu,Virudhunagar,Srivilliputhur(Uzhavar Sandhai ),Chikoos(Sapota),Sapota,Local,06-09-2026,3500,4000,3750
Tamil Nadu,Virudhunagar,Srivilliputhur(Uzhavar Sandhai ),Bottle gourd,Bottle Gourd,Local,06-09-2026,1700,2000,1850
Tamil Nadu,Virudhunagar,Srivilliputhur(Uzhavar Sandhai ),Amaranthus,Amaranthus,Local,06-09-2026,2500,3000,2750
Tamil Nadu,Virudhunagar,Srivilliputhur(Uzhavar Sandhai ),Beans,Beans (Whole),Local,06-09-2026,7000,8000,7500
Tamil Nadu,Virudhunagar,Srivilliputhur(Uzhavar Sandhai ),Colacasia,Colacasia,Local,06-09-2026,5000,6000,5500
Uttar Pradesh,Prayagraj,Prayagraj APMC,Potato,Other,FAQ,06-09-2026,700,700,700
Uttar Pradesh,Raebarelli,Salon APMC,Wheat,Dara,FAQ,06-09-2026,2500,2600,2513.64
Uttar Pradesh,Bulandshahar,Sikarpur APMC,Wood,Other,FAQ,06-09-2026,700,700,700
Uttar Pradesh,Ambedkarnagar,Tanda Akbarpur APMC,Tobacco,Other,FAQ,06-09-2026,3000,3000,3000
Uttar Pradesh,Unnao,Unnao APMC,Rice,Common,FAQ,06-09-2026,2700,2700,2700
Uttar Pradesh,Kanpur,Uttaripura APMC,Potato,Other,FAQ,06-09-2026,550,550,550
Uttar Pradesh,Badaun,Wazirganj APMC,Maize,Other,FAQ,06-09-2026,2000,2000,2000
Uttar Pradesh,Hardoi,Sandila APMC,Wheat,Dara,FAQ,06-09-2026,2600,2625,2606.47
Punjab,Sangrur,Bhawanigarh APMC,Apple,Apple,Medium,06-09-2026,6000,7000,6500
Punjab,Sangrur,Bhawanigarh APMC,Bottle gourd,Other,Local,06-09-2026,2000,2200,2100
Punjab,Sangrur,Bhawanigarh APMC,Ginger(Green),Green Ginger,Local,06-09-2026,8000,8200,8100
Punjab,Sangrur,Bhawanigarh APMC,Pumpkin,Other,Medium,06-09-2026,1500,1500,1500
Odisha,Kalahandi,Mukhiguda APMC,Bhindi(Ladies Finger),Bhindi,Grade B,06-09-2026,2500,3300,2900
West Bengal,Murshidabad,Jangipur APMC,Sweet Pumpkin,Other,FAQ,06-09-2026,1850,2100,2000
West Bengal,Bankura,Khatra APMC,Potato,Jyoti,FAQ,06-09-2026,680,760,720
West Bengal,Paschim Bardhaman,Durgapur APMC,Cabbage,Other,FAQ,06-09-2026,1900,2100,2050
West Bengal,Paschim Bardhaman,Durgapur APMC,Potato,Jyoti,FAQ,06-09-2026,740,820,780
Uttar Pradesh,Kanpur,Baripaal APMC,Onion,Other,FAQ,06-09-2026,3500,3500,3500
Uttar Pradesh,Kanpur,Baripaal APMC,Potato,Other,FAQ,06-09-2026,700,700,700
Tamil Nadu,Coimbatore,Vadavalli(Uzhavar Sandhai ),Banana,Red Banana,Local,06-09-2026,8000,8600,8300
Tamil Nadu,Coimbatore,Vadavalli(Uzhavar Sandhai ),Garlic,Garlic,Local,06-09-2026,22000,23600,22800
Tamil Nadu,Coimbatore,Vadavalli(Uzhavar Sandhai ),Brinjal,Other,Local,06-09-2026,3000,3500,3250
Tamil Nadu,Coimbatore,Vadavalli(Uzhavar Sandhai ),Water Melon,Water Melon,Local,06-09-2026,1500,2000,1750
Tamil Nadu,Coimbatore,Vadavalli(Uzhavar Sandhai ),Tomato,Local,Local,06-09-2026,2400,2800,2600
Tamil Nadu,Coimbatore,Vadavalli(Uzhavar Sandhai ),Bhindi(Ladies Finger),Bhindi,Local,06-09-2026,3400,4000,3700
Tamil Nadu,Coimbatore,Vadavalli(Uzhavar Sandhai ),Banana - Green,Banana - Green,Local,06-09-2026,4000,4400,4200
Tamil Nadu,Coimbatore,Vadavalli(Uzhavar Sandhai ),Drumstick,Drumstick,Local,06-09-2026,2400,2800,2600
Tamil Nadu,Coimbatore,Vadavalli(Uzhavar Sandhai ),Pomegranate,Pomogranate,Local,06-09-2026,10000,14000,12000
West Bengal,Darjeeling,Karsiyang(Matigara) APMC,Carrot,Other,FAQ,06-09-2026,3200,3400,3300
West Bengal,Darjeeling,Karsiyang(Matigara) APMC,Squash(Chappal Kadoo),Other,FAQ,06-09-2026,2000,2200,2100
West Bengal,Darjeeling,Darjeeling APMC,Tomato,Other,FAQ,06-09-2026,3800,4000,3900
Tamil Nadu,Dindigul,Vedasanthur(Uzhavar Sandhai ),Tomato,Other,Local,06-09-2026,1500,2000,1750
Tamil Nadu,Dindigul,Vedasanthur(Uzhavar Sandhai ),Raddish,Raddish,Local,06-09-2026,2000,3000,2500
Haryana,Kaithal,Dhand APMC,Onion,Other,Medium,06-09-2026,3500,4000,3800
Uttar Pradesh,Sitapur,Maholi APMC,Wheat,Dara,FAQ,06-09-2026,2650,2650,2650
West Bengal,Murshidabad,Kandi APMC,Potato,Jyoti,FAQ,06-09-2026,660,780,700
Tamil Nadu,Coimbatore,Udumalpet APMC,Carrot,Pusakesar,Local,06-09-2026,7000,7500,7250
Tamil Nadu,Coimbatore,Udumalpet APMC,Snakeguard,Snakeguard,Local,06-09-2026,3500,4400,3950
Tamil Nadu,Coimbatore,Udumalpet APMC,Beetroot,Beetroot,Local,06-09-2026,4000,7500,5750
Tamil Nadu,Coimbatore,Udumalpet APMC,Coriander(Leaves),I Sort,Local,06-09-2026,4500,5000,4750
Tamil Nadu,Coimbatore,Udumalpet APMC,Bottle gourd,Bottle Gourd,Local,06-09-2026,1500,2200,1850
Tamil Nadu,Coimbatore,Udumalpet APMC,Ridgeguard(Tori),Ridgeguard(Tori),Local,06-09-2026,5000,6000,5500
Tamil Nadu,Coimbatore,Udumalpet APMC,Raddish,Raddish,Local,06-09-2026,3000,3400,3200
Himachal Pradesh,Kullu,SMY Chauri Bihal,Cauliflower,Other,Grade Range-1,06-09-2026,1000,3000,2000
Himachal Pradesh,Kullu,SMY Chauri Bihal,French Beans(Frasbean),Other,Grade Range-1,06-09-2026,1000,3200,2500
Himachal Pradesh,Kullu,SMY Chauri Bihal,Apple,Other,Grade Range-1,06-09-2026,1000,8000,6000
West Bengal,Darjeeling,Siliguri APMC,Banana,Banana - Ripe,Grade A,06-09-2026,2200,2400,2300
West Bengal,Darjeeling,Siliguri APMC,Squash(Chappal Kadoo),Other,FAQ,06-09-2026,900,1100,1000
West Bengal,Darjeeling,Siliguri APMC,Black Gram Dal(Urd Dal),Black Gram Dal,FAQ,06-09-2026,12000,13000,12500
West Bengal,Darjeeling,Siliguri APMC,Potato,Jyoti,FAQ,06-09-2026,600,640,620
Madhya Pradesh,Khargone,Bhikangaon APMC,Wheat,Wheat,FAQ,06-09-2026,2580,2799,2764
Madhya Pradesh,Khargone,Bhikangaon APMC,Wheat,Local,FAQ,06-09-2026,2727,2727,2727
Tamil Nadu,Erode,Gobichettipalayam(Uzhavar Sandhai ),Coconut,Coconut,Local,06-09-2026,4500,5000,4750
Tamil Nadu,Erode,Gobichettipalayam(Uzhavar Sandhai ),Carrot,Pusakesar,Local,06-09-2026,6500,6800,6650
Tamil Nadu,Erode,Gobichettipalayam(Uzhavar Sandhai ),Cabbage,Cabbage,Local,06-09-2026,2000,2500,2250
Tamil Nadu,Erode,Gobichettipalayam(Uzhavar Sandhai ),Snakeguard,Snakeguard,Local,06-09-2026,3600,4000,3800
Tamil Nadu,Erode,Gobichettipalayam(Uzhavar Sandhai ),Bitter gourd,Bitter Gourd,Local,06-09-2026,4500,5000,4750
Tamil Nadu,Erode,Gobichettipalayam(Uzhavar Sandhai ),Ashgourd,Gouard,Local,06-09-2026,3000,3400,3200
Tamil Nadu,Erode,Gobichettipalayam(Uzhavar Sandhai ),Bhindi(Ladies Finger),Bhindi,Local,06-09-2026,2400,3000,2700
Tamil Nadu,Erode,Gobichettipalayam(Uzhavar Sandhai ),Ginger(Green),Green Ginger,Local,06-09-2026,14000,15000,14500
Tamil Nadu,Erode,Gobichettipalayam(Uzhavar Sandhai ),Raddish,Raddish,Local,06-09-2026,2200,2500,2350
Uttar Pradesh,Gorakhpur,Gorakhpur APMC,Pegeon Pea(Arhar Fali),Other,FAQ,06-09-2026,8051,8536,8350.38
Uttar Pradesh,Gorakhpur,Gorakhpur APMC,Wheat,Medium,FAQ,06-09-2026,2500,2500,2500
West Bengal,Puruliya,Balarampur APMC,Potato,Other,FAQ,06-09-2026,700,800,740
Tamil Nadu,Erode,Sampath Nagar(Uzhavar Sandhai ),Potato,Other,Local,06-09-2026,4500,5000,4750
Tamil Nadu,Erode,Sampath Nagar(Uzhavar Sandhai ),Coriander(Leaves),I Sort,Local,06-09-2026,3200,3600,3400
Tamil Nadu,Erode,Sampath Nagar(Uzhavar Sandhai ),Tomato,Other,Local,06-09-2026,2500,2800,2650
Tamil Nadu,Erode,Sampath Nagar(Uzhavar Sandhai ),Pumpkin,Pumpkin,Local,06-09-2026,2000,2200,2100
Tamil Nadu,Erode,Sampath Nagar(Uzhavar Sandhai ),Amaranthus,Amaranthus,Local,06-09-2026,4000,4500,4250
Tamil Nadu,Erode,Sampath Nagar(Uzhavar Sandhai ),Raddish,Raddish,Local,06-09-2026,2000,2400,2200
Tamil Nadu,Erode,Sampath Nagar(Uzhavar Sandhai ),Elephant Yam(Suran)/Amorphophallus,Elephant Yam (Suran),Local,06-09-2026,3000,3500,3250
Himachal Pradesh,Kullu,SMY Bandrol,French Beans(Frasbean),Other,FAQ,06-09-2026,2500,3800,3000
Uttar Pradesh,Kannuj,Kannauj APMC,Maize,Other,FAQ,06-09-2026,2000,2000,2000
West Bengal,Jhargram,Jhargram APMC,Ladies Finger,Other,FAQ,06-09-2026,2500,2800,2600
West Bengal,Jhargram,Jhargram APMC,Potato,Jyoti,FAQ,06-09-2026,700,800,750
Tripura,Khowai,Kalyanpur APMC,Brinjal,Round/Long,FAQ,06-09-2026,3800,4000,3900
Madhya Pradesh,Ashoknagar,Chanderi APMC,Mustard,Mustard,FAQ,06-09-2026,7500,7500,7500
Tamil Nadu,Vellore,Pallikonda(Uzhavar Sandhai),Beetroot,Beetroot,Local,06-09-2026,4000,4000,4000
Tamil Nadu,Vellore,Pallikonda(Uzhavar Sandhai),Onion,Bellary,Local,06-09-2026,5000,5500,5250
Tamil Nadu,Vellore,Pallikonda(Uzhavar Sandhai),Coriander(Leaves),I Sort,Local,06-09-2026,3500,3500,3500
Tamil Nadu,Vellore,Pallikonda(Uzhavar Sandhai),Ridgeguard(Tori),Ridgeguard(Tori),Local,06-09-2026,4000,4500,4250
Tamil Nadu,Vellore,Pallikonda(Uzhavar Sandhai),Ashgourd,Gouard,Local,06-09-2026,2500,2500,2500
Tamil Nadu,Vellore,Pallikonda(Uzhavar Sandhai),Bhindi(Ladies Finger),Bhindi,Local,06-09-2026,2500,3000,2750
Tamil Nadu,Vellore,Pallikonda(Uzhavar Sandhai),Amaranthus,Amaranthus,Local,06-09-2026,3000,3500,3250
Tamil Nadu,Vellore,Pallikonda(Uzhavar Sandhai),Beans,Beans (Whole),Local,06-09-2026,7000,7500,7250
Tamil Nadu,Vellore,Pallikonda(Uzhavar Sandhai),Ginger(Green),Green Ginger,Local,06-09-2026,14000,15000,14500
Tamil Nadu,Pudukkottai,Ponnamaravathi(Uzhavar Sandhai),Brinjal,Round,Local,06-09-2026,5500,6000,5750
Tamil Nadu,Pudukkottai,Ponnamaravathi(Uzhavar Sandhai),Cluster beans,Cluster Beans,Local,06-09-2026,3500,4000,3750
Tamil Nadu,Pudukkottai,Ponnamaravathi(Uzhavar Sandhai),Ridgeguard(Tori),Ridgeguard(Tori),Local,06-09-2026,5500,6000,5750
Tamil Nadu,Pudukkottai,Ponnamaravathi(Uzhavar Sandhai),Mint(Pudina),Mint(Pudina),Local,06-09-2026,4500,5000,4750
Odisha,Kalahandi,Bhawanipatna APMC,Brinjal,Brinjal,Local,06-09-2026,3000,3000,3000
Tamil Nadu,Nagapattinam,Mayiladuthurai(Uzhavar Sandhai ),Snakeguard,Snakeguard,Local,06-09-2026,3600,4000,3800
Tamil Nadu,Nagapattinam,Mayiladuthurai(Uzhavar Sandhai ),Potato,Red Nanital,Local,06-09-2026,3000,3000,3000
Tamil Nadu,Nagapattinam,Mayiladuthurai(Uzhavar Sandhai ),Brinjal,Round,Local,06-09-2026,4500,5000,4750
Tamil Nadu,Nagapattinam,Mayiladuthurai(Uzhavar Sandhai ),Tomato,Deshi,Local,06-09-2026,2500,3000,2750
Tamil Nadu,Nagapattinam,Mayiladuthurai(Uzhavar Sandhai ),Bottle gourd,Bottle Gourd,Local,06-09-2026,2500,3000,2750
Tamil Nadu,Nagapattinam,Mayiladuthurai(Uzhavar Sandhai ),Chow Chow,Chow Chow,Local,06-09-2026,4000,4000,4000
Uttar Pradesh,Lucknow,Lucknow APMC,Onion,Other,FAQ,06-09-2026,3500,3500,3500
Tamil Nadu,Pudukkottai,Viralimalai(Uzhavar Sandhai ),Coriander(Leaves),I Sort,Local,06-09-2026,4500,5000,4750
Tamil Nadu,Pudukkottai,Viralimalai(Uzhavar Sandhai ),Papaya,Papaya,Local,06-09-2026,3500,4000,3750
Tamil Nadu,Pudukkottai,Viralimalai(Uzhavar Sandhai ),Tomato,Other,Local,06-09-2026,2500,3000,2750
Tamil Nadu,Pudukkottai,Viralimalai(Uzhavar Sandhai ),Bottle gourd,Bottle Gourd,Local,06-09-2026,2000,3000,2500
Tamil Nadu,Pudukkottai,Viralimalai(Uzhavar Sandhai ),Bhindi(Ladies Finger),Bhindi,Local,06-09-2026,3000,3500,3250
Tamil Nadu,Pudukkottai,Viralimalai(Uzhavar Sandhai ),Green Chilli,Green Chilly,Local,06-09-2026,6500,7000,6750
Tamil Nadu,Pudukkottai,Viralimalai(Uzhavar Sandhai ),Drumstick,Drumstick,Local,06-09-2026,4500,6000,5250
Tamil Nadu,Pudukkottai,Viralimalai(Uzhavar Sandhai ),Guava,Guava Allahabad,Local,06-09-2026,7000,8000,7500
Tamil Nadu,Pudukkottai,Viralimalai(Uzhavar Sandhai ),Mint(Pudina),Mint(Pudina),Local,06-09-2026,4500,5000,4750
Tamil Nadu,Ramanathapuram,Kamuthi(Uzhavar Sandhai ),Green Chilli,Green Chilly,Local,06-09-2026,7000,7500,7250
Tamil Nadu,Ramanathapuram,Paramakudi(Uzhavar Sandhai ),Coconut,Coconut,Local,06-09-2026,6500,7000,6750
Tamil Nadu,Ramanathapuram,Paramakudi(Uzhavar Sandhai ),Carrot,Pusakesar,Local,06-09-2026,6500,7000,6750
Tamil Nadu,Ramanathapuram,Paramakudi(Uzhavar Sandhai ),Cabbage,Cabbage,Local,06-09-2026,4500,5000,4750
Tamil Nadu,Ramanathapuram,Paramakudi(Uzhavar Sandhai ),Ridgeguard(Tori),Ridgeguard(Tori),Local,06-09-2026,5500,6000,5750
Tamil Nadu,Ramanathapuram,Paramakudi(Uzhavar Sandhai ),Pumpkin,Pumpkin,Local,06-09-2026,2200,2500,2350
Tamil Nadu,Ramanathapuram,Paramakudi(Uzhavar Sandhai ),Jasmine,Jasmine,Local,06-09-2026,50000,60000,55000
Tamil Nadu,Ramanathapuram,Paramakudi(Uzhavar Sandhai ),Kakada,Kakada,Local,06-09-2026,40000,45000,42500
Tamil Nadu,Ramanathapuram,Paramakudi(Uzhavar Sandhai ),Mint(Pudina),Mint(Pudina),Local,06-09-2026,7000,8000,7500
Tamil Nadu,Ramanathapuram,Ramanathapuram(Uzhavar Sandhai ),Coconut,Coconut,Local,06-09-2026,7000,7200,7100
Tamil Nadu,Ramanathapuram,Ramanathapuram(Uzhavar Sandhai ),Beetroot,Beetroot,Local,06-09-2026,5000,5500,5250
Tamil Nadu,Ramanathapuram,Ramanathapuram(Uzhavar Sandhai ),Soyabean,Local,Local,06-09-2026,9000,9500,9250
Tamil Nadu,Ramanathapuram,Ramanathapuram(Uzhavar Sandhai ),Brinjal,Round,Local,06-09-2026,7500,8000,7750
Tamil Nadu,Ramanathapuram,Ramanathapuram(Uzhavar Sandhai ),Coriander(Leaves),I Sort,Local,06-09-2026,6500,7000,6750
Tamil Nadu,Ramanathapuram,Ramanathapuram(Uzhavar Sandhai ),Beans,Beans (Whole),Local,06-09-2026,9000,9500,9250
Tamil Nadu,Ramanathapuram,Ramanathapuram(Uzhavar Sandhai ),Chow Chow,Chow Chow,Local,06-09-2026,4500,5000,4750
Tamil Nadu,Ramanathapuram,Ramanathapuram(Uzhavar Sandhai ),Tube Flower,Tube Flower,Local,06-09-2026,90000,95000,92500
Tamil Nadu,Ramanathapuram,Ramanathapuram(Uzhavar Sandhai ),Elephant Yam(Suran)/Amorphophallus,Elephant Yam (Suran),Local,06-09-2026,7000,7500,7250
Tamil Nadu,Ramanathapuram,Ramanathapuram(Uzhavar Sandhai ),Yam(Ratalu),Yam (Ratalu),Local,06-09-2026,7000,7200,7100
Tamil Nadu,Ramanathapuram,Ramanathapuram(Uzhavar Sandhai ),Colacasia,Colacasia,Local,06-09-2026,7000,7500,7250
Tamil Nadu,Ramanathapuram,Ramanathapuram(Uzhavar Sandhai ),Mint(Pudina),Mint(Pudina),Local,06-09-2026,7000,7500,7250
Tamil Nadu,Pudukkottai,Alangudi(Uzhavar Sandhai ),Coconut,Coconut,Local,06-09-2026,3500,4000,3750
Tamil Nadu,Pudukkottai,Alangudi(Uzhavar Sandhai ),Ridgeguard(Tori),Ridgeguard(Tori),Local,06-09-2026,5000,6000,5500
Tamil Nadu,Pudukkottai,Alangudi(Uzhavar Sandhai ),Papaya,Papaya,Local,06-09-2026,2500,3000,2750
Tamil Nadu,Pudukkottai,Alangudi(Uzhavar Sandhai ),Tomato,Other,Local,06-09-2026,2500,3000,2750
Tamil Nadu,Pudukkottai,Alangudi(Uzhavar Sandhai ),Cluster beans,Cluster Beans,Local,06-09-2026,3000,3500,3250
Tamil Nadu,Pudukkottai,Alangudi(Uzhavar Sandhai ),Bottle gourd,Bottle Gourd,Local,06-09-2026,2000,2500,2250
Tamil Nadu,Pudukkottai,Alangudi(Uzhavar Sandhai ),Green Chilli,Green Chilly,Local,06-09-2026,5000,6000,5500
Tamil Nadu,Thiruvannamalai,Arani(Uzhavar Sandhai ),Snakeguard,Snakeguard,Local,06-09-2026,2500,3000,2750
Tamil Nadu,Thiruvannamalai,Arani(Uzhavar Sandhai ),Ridgeguard(Tori),Ridgeguard(Tori),Local,06-09-2026,3500,4200,3850
Tamil Nadu,Thiruvannamalai,Arani(Uzhavar Sandhai ),Banana,Other,Local,06-09-2026,5000,6000,5500
Tamil Nadu,Thiruvannamalai,Arani(Uzhavar Sandhai ),Potato,Red Nanital,Local,06-09-2026,3500,4200,3850
Tamil Nadu,Thiruvannamalai,Arani(Uzhavar Sandhai ),Garlic,Garlic,Local,06-09-2026,20000,24000,22000
Tamil Nadu,Thiruvannamalai,Arani(Uzhavar Sandhai ),Chikoos(Sapota),Sapota,Local,06-09-2026,5000,6000,5500
Tamil Nadu,Thiruvannamalai,Arani(Uzhavar Sandhai ),Cluster beans,Cluster Beans,Local,06-09-2026,4000,4800,4400
Tamil Nadu,Thiruvannamalai,Arani(Uzhavar Sandhai ),Amaranthus,Amaranthus,Local,06-09-2026,1500,2000,1750
Tamil Nadu,Thiruvannamalai,Arani(Uzhavar Sandhai ),Beans,Beans (Whole),Local,06-09-2026,8000,9600,8800
Tamil Nadu,Thiruvannamalai,Arani(Uzhavar Sandhai ),Ginger(Green),Green Ginger,Local,06-09-2026,17000,20000,18500
Tamil Nadu,Thiruvannamalai,Arani(Uzhavar Sandhai ),Coconut,Coconut,Local,06-09-2026,4000,4500,4250
Tamil Nadu,Thiruvannamalai,Polur(Uzhavar Sandhai ),Cucumbar(Kheera),Cucumbar,Local,06-09-2026,3300,4000,3650
Tamil Nadu,Thiruvannamalai,Polur(Uzhavar Sandhai ),Brinjal,Round,Local,06-09-2026,4000,4800,4400
Tamil Nadu,Thiruvannamalai,Polur(Uzhavar Sandhai ),Papaya,Papaya,Local,06-09-2026,2500,3000,2750
Tamil Nadu,Thiruvannamalai,Polur(Uzhavar Sandhai ),Tomato,Local,Local,06-09-2026,2000,2500,2250
Tamil Nadu,Thiruvannamalai,Polur(Uzhavar Sandhai ),Cluster beans,Cluster Beans,Local,06-09-2026,4000,4800,4400
Tamil Nadu,Thiruvannamalai,Polur(Uzhavar Sandhai ),Amaranthus,Amaranthus,Local,06-09-2026,1600,2000,1800
Tamil Nadu,Thiruvannamalai,Polur(Uzhavar Sandhai ),Thondekai,Thondekai,Local,06-09-2026,3300,4000,3650
Tamil Nadu,Thiruvannamalai,Polur(Uzhavar Sandhai ),Mango(Raw-Ripe),Mango - Raw-Ripe,Local,06-09-2026,7000,8400,7700
Tamil Nadu,Thiruvannamalai,Polur(Uzhavar Sandhai ),Knool Khol,Knool Khol,Local,06-09-2026,3300,4000,3650
Tamil Nadu,Thiruvannamalai,Polur(Uzhavar Sandhai ),Yam(Ratalu),Yam (Ratalu),Local,06-09-2026,5000,6000,5500
Tamil Nadu,Thiruvannamalai,Tiruvannamalai(Uzhavar Sandhai ),Beetroot,Beetroot,Local,06-09-2026,3600,4000,3800
Tamil Nadu,Thiruvannamalai,Tiruvannamalai(Uzhavar Sandhai ),Banana,Besrai,Local,06-09-2026,4000,5000,4500
Tamil Nadu,Thiruvannamalai,Tiruvannamalai(Uzhavar Sandhai ),Brinjal,Round,Local,06-09-2026,5000,6000,5500
Tamil Nadu,Thiruvannamalai,Tiruvannamalai(Uzhavar Sandhai ),Tomato,Deshi,Local,06-09-2026,2000,2500,2250
Tamil Nadu,Thiruvannamalai,Tiruvannamalai(Uzhavar Sandhai ),Cluster beans,Cluster Beans,Local,06-09-2026,3500,4000,3750
Tamil Nadu,Thiruvannamalai,Tiruvannamalai(Uzhavar Sandhai ),Green Chilli,Green Chilly,Local,06-09-2026,5000,6000,5500
Tamil Nadu,Thiruvannamalai,Tiruvannamalai(Uzhavar Sandhai ),Cowpea(Veg),Cowpea (Veg),Local,06-09-2026,5000,6000,5500
Tamil Nadu,Thiruvannamalai,Tiruvannamalai(Uzhavar Sandhai ),Ginger(Green),Green Ginger,Local,06-09-2026,16000,18000,17000
Tamil Nadu,Thiruvannamalai,Tiruvannamalai(Uzhavar Sandhai ),Raddish,Raddish,Local,06-09-2026,2400,3000,2700
Tamil Nadu,Thiruvannamalai,Tiruvannamalai(Uzhavar Sandhai ),Drumstick,Drumstick,Local,06-09-2026,3500,4000,3750
Tamil Nadu,Thiruvannamalai,Tiruvannamalai(Uzhavar Sandhai ),Guava,Guava Allahabad,Local,06-09-2026,5000,6000,5500
Tamil Nadu,Thiruvannamalai,Tiruvannamalai(Uzhavar Sandhai ),Tamarind Fruit,Tamarind Fruit,Local,06-09-2026,12000,15000,13500
Tamil Nadu,Thiruvannamalai,Tiruvannamalai(Uzhavar Sandhai ),Indian Beans(Seam),Indian Beans (Seam),Local,06-09-2026,5000,6000,5500
Tamil Nadu,Thiruvannamalai,Tiruvannamalai(Uzhavar Sandhai ),Lemon,Lemon,Local,06-09-2026,14000,16000,15000
Tamil Nadu,Thiruvannamalai,Tiruvannamalai(Uzhavar Sandhai ),Colacasia,Colacasia,Local,06-09-2026,3500,4000,3750
Tamil Nadu,Thiruvarur,Mannargudi I(Uzhavar Sandhai ),Pineapple,Pine Apple,Local,06-09-2026,8000,8000,8000
Tamil Nadu,Thiruvarur,Mannargudi I(Uzhavar Sandhai ),Cauliflower,Ranchi,Local,06-09-2026,6000,6000,6000
Tamil Nadu,Thiruvarur,Mannargudi I(Uzhavar Sandhai ),Amaranthus,Amaranthus,Local,06-09-2026,2000,2000,2000
Tamil Nadu,Thiruvarur,Mannargudi I(Uzhavar Sandhai ),Raddish,Raddish,Local,06-09-2026,2800,2800,2800
Tamil Nadu,Thiruvarur,Mannargudi I(Uzhavar Sandhai ),Guava,Guava Allahabad,Local,06-09-2026,9000,9000,9000
Tamil Nadu,Thiruvarur,Mannargudi II(Uzhavar Sandhai ),Beetroot,Beetroot,Local,06-09-2026,4400,4400,4400
Tamil Nadu,Thiruvarur,Mannargudi II(Uzhavar Sandhai ),Onion,Bellary,Local,06-09-2026,6400,6400,6400
Tamil Nadu,Thiruvarur,Mannargudi II(Uzhavar Sandhai ),Cauliflower,Ranchi,Local,06-09-2026,6000,6000,6000
Tamil Nadu,Thiruvarur,Mannargudi II(Uzhavar Sandhai ),Coriander(Leaves),I Sort,Local,06-09-2026,4000,4000,4000
Tamil Nadu,Thiruvarur,Mannargudi II(Uzhavar Sandhai ),Bitter gourd,Bitter Gourd,Local,06-09-2026,6000,6000,6000
Tamil Nadu,Thiruvarur,Mannargudi II(Uzhavar Sandhai ),Pumpkin,Pumpkin,Local,06-09-2026,2800,2800,2800
Tamil Nadu,Thiruvarur,Mannargudi II(Uzhavar Sandhai ),Chow Chow,Chow Chow,Local,06-09-2026,3800,3800,3800
Tamil Nadu,Thiruvarur,Mannargudi II(Uzhavar Sandhai ),Elephant Yam(Suran)/Amorphophallus,Elephant Yam (Suran),Local,06-09-2026,5600,5600,5600
Tamil Nadu,Thiruvarur,Mannargudi II(Uzhavar Sandhai ),Lemon,Lemon,Local,06-09-2026,20000,20000,20000
Tamil Nadu,Thiruvarur,Tiruthuraipoondi(Uzhavar Sandhai ),Banana,Besrai,Local,06-09-2026,4000,4000,4000
Tamil Nadu,Thiruvarur,Tiruthuraipoondi(Uzhavar Sandhai ),Cluster beans,Cluster Beans,Local,06-09-2026,3500,3500,3500
Tamil Nadu,Thiruvarur,Tiruthuraipoondi(Uzhavar Sandhai ),Bhindi(Ladies Finger),Bhindi,Local,06-09-2026,3800,3800,3800
Tamil Nadu,Thiruvarur,Tiruthuraipoondi(Uzhavar Sandhai ),Amaranthus,Amaranthus,Local,06-09-2026,1500,3000,2250
Tamil Nadu,Thiruvarur,Tiruthuraipoondi(Uzhavar Sandhai ),Lime,Lime,Local,06-09-2026,3000,3000,3000
Tamil Nadu,Thiruvarur,Tiruthuraipoondi(Uzhavar Sandhai ),Amla(Nelli Kai),Amla,Local,06-09-2026,8000,8000,8000
Tamil Nadu,Thiruvellore,Ambattur(Uzhavar Sandhai ),Onion,Bellary,Local,06-09-2026,5000,5000,5000
Tamil Nadu,Thiruvellore,Ambattur(Uzhavar Sandhai ),Potato,Red Nanital,Local,06-09-2026,4000,4000,4000
Tamil Nadu,Thiruvellore,Naravarikuppam(Uzhavar Sandhai ),Tomato,Deshi,Local,06-09-2026,2500,2500,2500
Tamil Nadu,Thiruvellore,Naravarikuppam(Uzhavar Sandhai ),Bhindi(Ladies Finger),Bhindi,Local,06-09-2026,4500,4500,4500
Tamil Nadu,Thiruvellore,Naravarikuppam(Uzhavar Sandhai ),Banana - Green,Banana - Green,Local,06-09-2026,4000,4000,4000
Tamil Nadu,Thiruvellore,Naravarikuppam(Uzhavar Sandhai ),Drumstick,Drumstick,Local,06-09-2026,6000,6000,6000
Tamil Nadu,Thiruvellore,Perambakkam(Uzhavar Sandhai ),Snakeguard,Snakeguard,Local,06-09-2026,4000,4000,4000
Tamil Nadu,Thiruvellore,Perambakkam(Uzhavar Sandhai ),Brinjal,Round,Local,06-09-2026,4000,4000,4000
Tamil Nadu,Thiruvellore,Perambakkam(Uzhavar Sandhai ),Tube Rose(Loose),Tube Rose (Loose),Local,06-09-2026,10000,10000,10000
Tamil Nadu,Tuticorin,Kovilpatti(Uzhavar Sandhai ),Cluster beans,Cluster Beans,Local,06-09-2026,5500,6000,5750
Tamil Nadu,Tuticorin,Kovilpatti(Uzhavar Sandhai ),Bitter gourd,Other,Local,06-09-2026,12000,12500,12250
Tamil Nadu,Tuticorin,Kovilpatti(Uzhavar Sandhai ),Green Avare(W),Other,Local,06-09-2026,6500,7000,6750
Tamil Nadu,Vellore,Gudiyatham(Uzhavar Sandhai ),Sweet Potato,Hosur Red,Local,06-09-2026,3600,3600,3600
Tamil Nadu,Vellore,Gudiyatham(Uzhavar Sandhai ),Carrot,Pusakesar,Local,06-09-2026,5600,5600,5600
Tamil Nadu,Vellore,Gudiyatham(Uzhavar Sandhai ),Cabbage,Cabbage,Local,06-09-2026,3000,3000,3000
Tamil Nadu,Vellore,Gudiyatham(Uzhavar Sandhai ),Potato,Red Nanital,Local,06-09-2026,3000,4000,3500
Tamil Nadu,Vellore,Gudiyatham(Uzhavar Sandhai ),Papaya,Papaya,Local,06-09-2026,3500,3500,3500
Tamil Nadu,Vellore,Gudiyatham(Uzhavar Sandhai ),Amaranthus,Amaranthus,Local,06-09-2026,4000,4000,4000
Tamil Nadu,Vellore,Gudiyatham(Uzhavar Sandhai ),Tapioca,Tapioca,Local,06-09-2026,3000,3000,3000
Tamil Nadu,Vellore,Gudiyatham(Uzhavar Sandhai ),Knool Khol,Knool Khol,Local,06-09-2026,3600,3600,3600
Tamil Nadu,Vellore,Gudiyatham(Uzhavar Sandhai ),Indian Beans(Seam),Indian Beans (Seam),Local,06-09-2026,5600,5600,5600
Tamil Nadu,Vellore,Gudiyatham(Uzhavar Sandhai ),Sweet Corn ,Sweet Corn ,Local,06-09-2026,2400,2500,2450
Tamil Nadu,Vellore,Kahithapattarai(Uzhavar Sandhai ),Sweet Potato,Hosur Red,Local,06-09-2026,3500,3500,3500
Tamil Nadu,Vellore,Kahithapattarai(Uzhavar Sandhai ),Beetroot,Beetroot,Local,06-09-2026,4000,4000,4000
Tamil Nadu,Vellore,Kahithapattarai(Uzhavar Sandhai ),Coriander(Leaves),I Sort,Local,06-09-2026,3000,3000,3000
Tamil Nadu,Vellore,Kahithapattarai(Uzhavar Sandhai ),Green Peas,Green Peas,Local,06-09-2026,16000,16000,16000
Tamil Nadu,Vellore,Kahithapattarai(Uzhavar Sandhai ),Bhindi(Ladies Finger),Bhindi,Local,06-09-2026,3000,3000,3000
Tamil Nadu,Vellore,Kahithapattarai(Uzhavar Sandhai ),Cowpea(Veg),Cowpea (Veg),Local,06-09-2026,2500,2500,2500
Tamil Nadu,Vellore,Kahithapattarai(Uzhavar Sandhai ),Ginger(Green),Green Ginger,Local,06-09-2026,7000,7000,7000
Tamil Nadu,Vellore,Kahithapattarai(Uzhavar Sandhai ),Coconut,Coconut,Local,06-09-2026,2500,2500,2500
Tamil Nadu,Vellore,Kahithapattarai(Uzhavar Sandhai ),Thondekai,Thondekai,Local,06-09-2026,3500,3500,3500
Tamil Nadu,Vellore,Kahithapattarai(Uzhavar Sandhai ),Capsicum,Capsicum,Local,06-09-2026,4600,4600,4600
Tamil Nadu,Vellore,Kahithapattarai(Uzhavar Sandhai ),Chow Chow,Chow Chow,Local,06-09-2026,3000,3000,3000
Tamil Nadu,Vellore,Kahithapattarai(Uzhavar Sandhai ),Lemon,Lemon,Local,06-09-2026,16000,16000,16000
Tamil Nadu,Vellore,Kahithapattarai(Uzhavar Sandhai ),Mashrooms,Mashrooms,Local,06-09-2026,30000,30000,30000
Tamil Nadu,Villupuram,Villupuram(Uzhavar Sandhai ),Tomato,Deshi,Local,06-09-2026,2500,3000,2750
Tamil Nadu,Villupuram,Villupuram(Uzhavar Sandhai ),Bitter gourd,Bitter Gourd,Local,06-09-2026,6000,8000,7000
Tamil Nadu,Villupuram,Villupuram(Uzhavar Sandhai ),Bottle gourd,Bottle Gourd,Local,06-09-2026,2500,2500,2500
Tamil Nadu,Villupuram,Villupuram(Uzhavar Sandhai ),Ashgourd,Gouard,Local,06-09-2026,2000,2000,2000
Tamil Nadu,Villupuram,Villupuram(Uzhavar Sandhai ),Raddish,Raddish,Local,06-09-2026,4000,4000,4000
Tamil Nadu,Villupuram,Villupuram(Uzhavar Sandhai ),Banana - Green,Banana - Green,Local,06-09-2026,3000,3000,3000
Tamil Nadu,Villupuram,Villupuram(Uzhavar Sandhai ),Tapioca,Tapioca,Local,06-09-2026,5000,5000,5000
Tamil Nadu,Villupuram,Villupuram(Uzhavar Sandhai ),Green Avare(W),Green Avare (W),Local,06-09-2026,6000,6000,6000
Tamil Nadu,Villupuram,Villupuram(Uzhavar Sandhai ),Mango(Raw-Ripe),Mango - Raw-Ripe,Local,06-09-2026,9000,9000,9000
Tamil Nadu,Villupuram,Villupuram(Uzhavar Sandhai ),Guava,Guava Allahabad,Local,06-09-2026,4000,6000,5000
Tamil Nadu,Villupuram,Villupuram(Uzhavar Sandhai ),Tender Coconut,Tender Coconut,Local,06-09-2026,4000,4000,4000
Andhra Pradesh,Prakasam,Darsi APMC,Paddy(Common),B P T,Local,06-09-2026,2500,2600,2600
Haryana,Palwal,Palwal APMC,Potato,Potato,FAQ,06-09-2026,800,800,800
West Bengal,Puruliya,Purulia APMC,Masur Dal,Masur Dal,FAQ,06-09-2026,8900,10200,9500
West Bengal,Puruliya,Purulia APMC,Pumpkin,Other,FAQ,06-09-2026,1400,1800,1600
Odisha,Dhenkanal,Hindol APMC,Bitter gourd,Bitter Gourd,Grade B,06-09-2026,4700,5000,4800
Odisha,Dhenkanal,Hindol APMC,Brinjal,Brinjal,Grade B,06-09-2026,5000,6000,5500
Odisha,Dhenkanal,Hindol APMC,Banana - Green,Other,Grade B,06-09-2026,2500,3000,2800
Odisha,Dhenkanal,Hindol APMC,Cucumbar(Kheera),Cucumbar,Grade B,06-09-2026,4000,4500,4200
Odisha,Dhenkanal,Hindol APMC,Potato,Potato,Grade B,06-09-2026,1300,1500,1400
West Bengal,Alipurduar,Alipurduar APMC,Tomato,Tomato,FAQ,06-09-2026,3000,3500,3200
West Bengal,Alipurduar,Alipurduar APMC,Onion,Onion,FAQ,06-09-2026,2500,3500,3000
Uttar Pradesh,Gonda,Gonda APMC,Wheat,Dara Mill Quality,FAQ,06-09-2026,2800,2800,2800
Tamil Nadu,Thiruvannamalai,Cheyyar(Uzhavar Sandhai ),Potato,Other,Local,06-09-2026,3500,4200,3850
Tamil Nadu,Thiruvannamalai,Cheyyar(Uzhavar Sandhai ),Tomato,Local,Local,06-09-2026,2500,3000,2750
Tamil Nadu,Thiruvannamalai,Cheyyar(Uzhavar Sandhai ),Bitter gourd,Other,Local,06-09-2026,3200,4000,3600
Tamil Nadu,Thiruvannamalai,Cheyyar(Uzhavar Sandhai ),Bottle gourd,Bottle Gourd,Local,06-09-2026,2000,2400,2200
Tamil Nadu,Thiruvannamalai,Cheyyar(Uzhavar Sandhai ),Chow Chow,Chow Chow,Local,06-09-2026,2500,3000,2750
Tamil Nadu,Thiruvannamalai,Cheyyar(Uzhavar Sandhai ),Colacasia,Colacasia,Local,06-09-2026,3700,4500,4100
Uttar Pradesh,Badaun,Islam Nagar APMC,Maize,Other,FAQ,06-09-2026,1960,1960,1960
Tamil Nadu,Ariyalur,Ariyalur(Uzhavar Sandhai),Coriander(Leaves),I Sort,Local,06-09-2026,5000,5500,5250
Tamil Nadu,Ariyalur,Ariyalur(Uzhavar Sandhai),Bottle gourd,Bottle Gourd,Local,06-09-2026,2000,2500,2250
Tamil Nadu,Ariyalur,Ariyalur(Uzhavar Sandhai),Green Avare(W),Green Avare (W),Local,06-09-2026,7000,8000,7500
Tamil Nadu,Ariyalur,Ariyalur(Uzhavar Sandhai),Lemon,Lemon,Local,06-09-2026,4000,4500,4250
Uttarakhand,Nanital,Haldwani APMC,Tomato,Other,FAQ,06-09-2026,1200,1700,1500
Uttarakhand,Nanital,Haldwani APMC,Cucumbar(Kheera),Other,FAQ,06-09-2026,2000,2500,2200
Odisha,Cuttack,Banki APMC,Banana - Green,Banana - Green,Medium,06-09-2026,1200,1800,1500
Odisha,Cuttack,Banki APMC,Ridgeguard(Tori),Other,Medium,06-09-2026,3500,4500,4000
Uttar Pradesh,Gorakhpur,Sehjanwa APMC,Maize,Other,FAQ,06-09-2026,2635,2635,2635
Uttar Pradesh,Amroha,Amroha APMC,Tomato,Other,FAQ,06-09-2026,1500,1500,1500
Haryana,Jind,Narwana APMC,Apple,Apple,Local,06-09-2026,4000,10000,6000
Haryana,Jind,Narwana APMC,Cucumbar(Kheera),Cucumbar,Local,06-09-2026,1500,2500,2000
Rajasthan,Tonk,Malpura APMC,Wheat,Other,FAQ,06-09-2026,2500,2572,2550
Uttarakhand,Haridwar,Haridwar Union APMC,Papaya,Other,Grade C,06-09-2026,1600,2200,1800
Uttarakhand,Haridwar,Haridwar Union APMC,Cauliflower,Cauliflower,FAQ,06-09-2026,2000,2500,2200
Uttarakhand,Haridwar,Haridwar Union APMC,Onion,Onion,Grade B,06-09-2026,2500,3500,3000
Uttarakhand,Haridwar,Haridwar Union APMC,Tomato,Hybrid,FAQ,06-09-2026,1500,2200,1800
Keralam,Thirssur,Elanad  VFPCK Market,Cowpea(Veg),Cowpea (Veg),Grade A,06-09-2026,4000,4500,4300
Punjab,Hoshiarpur,Tanda Urmur APMC,Pineapple,Other,Grade A,06-09-2026,5000,6000,5500
Punjab,Hoshiarpur,Tanda Urmur APMC,Cauliflower,Cauliflower,Grade A,06-09-2026,5000,6000,5500
Punjab,Hoshiarpur,Tanda Urmur APMC,Cabbage,Cabbage,Grade A,06-09-2026,2000,3000,2500
Punjab,Hoshiarpur,Tanda Urmur APMC,Lemon,Other,Grade A,06-09-2026,6000,7000,6500
Punjab,Hoshiarpur,Tanda Urmur APMC,Raddish,Raddish,Grade A,06-09-2026,2000,3000,2500
Punjab,Jalandhar,Goraya APMC,Potato,Other,Local,06-09-2026,800,800,800
Odisha,Mayurbhanja,Betnoti APMC,Pumpkin,Pumpkin,FAQ,06-09-2026,1800,2200,2000
Keralam,Thiruvananthapuram,Pappanchani VFPCK Market,Snakeguard,Other,Grade A,06-09-2026,3000,3000,3000
Tamil Nadu,Coimbatore,Sundarapuram(Uzhavar Sandhai ),Cucumbar(Kheera),Cucumbar,Local,06-09-2026,3500,4000,3750
Tamil Nadu,Coimbatore,Sundarapuram(Uzhavar Sandhai ),Ridgeguard(Tori),Ridgeguard(Tori),Local,06-09-2026,4000,4500,4250
Tamil Nadu,Coimbatore,Sundarapuram(Uzhavar Sandhai ),Potato,Other,Local,06-09-2026,5000,5500,5250
Tamil Nadu,Coimbatore,Sundarapuram(Uzhavar Sandhai ),Cauliflower,Ranchi,Local,06-09-2026,4500,5000,4750
Tamil Nadu,Coimbatore,Sundarapuram(Uzhavar Sandhai ),Green Peas,Green Peas,Local,06-09-2026,23000,24000,23500
Tamil Nadu,Coimbatore,Sundarapuram(Uzhavar Sandhai ),Pumpkin,Pumpkin,Local,06-09-2026,1400,1800,1600
Tamil Nadu,Coimbatore,Sundarapuram(Uzhavar Sandhai ),Bhindi(Ladies Finger),Bhindi,Local,06-09-2026,4000,4500,4250
Tamil Nadu,Coimbatore,Sundarapuram(Uzhavar Sandhai ),Green Chilli,Green Chilly,Local,06-09-2026,4000,4500,4250
Tamil Nadu,Coimbatore,Sundarapuram(Uzhavar Sandhai ),Tapioca,Tapioca,Local,06-09-2026,3000,3500,3250
Haryana,Gurgaon,Gurgaon APMC,Onion,Other,Grade B,06-09-2026,4000,5000,4500
Telangana,Nalgonda,Miryalguda(Rythu Bazar) ,Brinjal,Arkasheela Mattigulla,Grade A,06-09-2026,4000,4000,4000
Telangana,Nalgonda,Miryalguda(Rythu Bazar) ,Bitter gourd,Bitter Gourd,Grade A,06-09-2026,3500,3500,3500
Telangana,Nalgonda,Miryalguda(Rythu Bazar) ,Carrot,Carrot,Grade A,06-09-2026,4000,4000,4000
West Bengal,Sounth 24 Parganas,Baruipur(Canning) APMC,Guava,Guava,Medium,06-09-2026,5300,5800,5500
West Bengal,Sounth 24 Parganas,Baruipur(Canning) APMC,Tomato,Tomato,FAQ,06-09-2026,3000,3200,3100
Uttar Pradesh,Chitrakut,Mau(Chitrakut) APMC,Wheat,Deshi,FAQ,06-09-2026,2300,2300,2300
Punjab,Gurdaspur,Kalanaur APMC,Tomato,Tomato,Grade A,06-09-2026,2550,2550,2550
Telangana,Hanumakonda,"Excise Colony,RBZ ",Bitter gourd,Other,Grade A,06-09-2026,3600,3600,3600
Tamil Nadu,Erode,Sathiyamagalam(Uzhavar Sandhai ),Cabbage,Cabbage,Local,06-09-2026,3000,3800,3400
Tamil Nadu,Erode,Sathiyamagalam(Uzhavar Sandhai ),Cucumbar(Kheera),Cucumbar,Local,06-09-2026,3000,3500,3250
Tamil Nadu,Erode,Sathiyamagalam(Uzhavar Sandhai ),Bottle gourd,Bottle Gourd,Local,06-09-2026,1500,2000,1750
Tamil Nadu,Erode,Sathiyamagalam(Uzhavar Sandhai ),Pumpkin,Pumpkin,Local,06-09-2026,2500,3000,2750
Tamil Nadu,Erode,Sathiyamagalam(Uzhavar Sandhai ),Ginger(Green),Green Ginger,Local,06-09-2026,15000,16000,15500
Tamil Nadu,Erode,Sathiyamagalam(Uzhavar Sandhai ),Elephant Yam(Suran)/Amorphophallus,Elephant Yam (Suran),Local,06-09-2026,3000,3600,3300
Tamil Nadu,Coimbatore,Mettupalayam(Uzhavar Sandhai ),Coconut,Coconut,Local,06-09-2026,5500,6000,5750
Tamil Nadu,Coimbatore,Mettupalayam(Uzhavar Sandhai ),Cabbage,Cabbage,Local,06-09-2026,3000,3500,3250
Tamil Nadu,Coimbatore,Mettupalayam(Uzhavar Sandhai ),Onion,Bellary,Local,06-09-2026,6000,6400,6200
Tamil Nadu,Coimbatore,Mettupalayam(Uzhavar Sandhai ),Potato,Red Nanital,Local,06-09-2026,4000,6000,5000
Tamil Nadu,Coimbatore,Mettupalayam(Uzhavar Sandhai ),Cauliflower,Ranchi,Local,06-09-2026,4000,4500,4250
Tamil Nadu,Coimbatore,Mettupalayam(Uzhavar Sandhai ),Brinjal,Round,Local,06-09-2026,3000,3500,3250
Tamil Nadu,Coimbatore,Mettupalayam(Uzhavar Sandhai ),Water Melon,Water Melon,Local,06-09-2026,2000,2500,2250
Tamil Nadu,Coimbatore,Mettupalayam(Uzhavar Sandhai ),Bottle gourd,Bottle Gourd,Local,06-09-2026,2000,3000,2500
Tamil Nadu,Coimbatore,Mettupalayam(Uzhavar Sandhai ),Drumstick,Drumstick,Local,06-09-2026,2500,3000,2750
Tamil Nadu,Coimbatore,Mettupalayam(Uzhavar Sandhai ),Lime,Lime,Local,06-09-2026,10000,13000,11500
Tamil Nadu,Coimbatore,Mettupalayam(Uzhavar Sandhai ),Tender Coconut,Tender Coconut,Local,06-09-2026,3500,4000,3750
Tamil Nadu,Coimbatore,Mettupalayam(Uzhavar Sandhai ),Turnip,Turnip,Local,06-09-2026,4500,5000,4750
Uttar Pradesh,Sant Kabir Nagar,Khalilabad APMC,Gram Raw(Chholia),Other,FAQ,06-09-2026,3000,3000,3000
Uttar Pradesh,Kanpur Dehat,Pukharayan APMC,Wheat,Dara,FAQ,06-09-2026,2450,2590,2526.21
Uttar Pradesh,Jhansi,Baruwasagar APMC,Ginger(Green),Other,FAQ,06-09-2026,8000,8000,8000
Uttar Pradesh,Auraiya,Dibiapur APMC,Wood,Other,FAQ,06-09-2026,410,410,410
Haryana,Panipat,Samalkha APMC,Bottle gourd,Bottle Gourd,FAQ,06-09-2026,500,600,550
Haryana,Panipat,Samalkha APMC,Cauliflower,Cauliflower,FAQ,06-09-2026,2000,4000,3000
Tamil Nadu,Namakkal,Tiruchengode APMC,Coconut,Coconut,Local,06-09-2026,5400,6000,5700
Tamil Nadu,Namakkal,Tiruchengode APMC,Sweet Potato,Hosur Red,Local,06-09-2026,5400,6000,5700
Tamil Nadu,Namakkal,Tiruchengode APMC,Cabbage,Cabbage,Local,06-09-2026,2600,3000,2800
Tamil Nadu,Namakkal,Tiruchengode APMC,Beetroot,Beetroot,Local,06-09-2026,6200,7000,6600
Tamil Nadu,Namakkal,Tiruchengode APMC,Onion,Bellary,Local,06-09-2026,5400,6000,5700
Tamil Nadu,Namakkal,Tiruchengode APMC,Coriander(Leaves),I Sort,Local,06-09-2026,7000,8000,7500
Tamil Nadu,Namakkal,Tiruchengode APMC,Ridgeguard(Tori),Ridgeguard(Tori),Local,06-09-2026,5400,6000,5700
Tamil Nadu,Namakkal,Tiruchengode APMC,Ashgourd,Gouard,Local,06-09-2026,2200,2500,2350
Tamil Nadu,Namakkal,Tiruchengode APMC,Green Chilli,Green Chilly,Local,06-09-2026,5400,6000,5700
Tamil Nadu,Namakkal,Tiruchengode APMC,Banana - Green,Banana - Green,Local,06-09-2026,3500,4000,3750
Tamil Nadu,Namakkal,Tiruchengode APMC,Tapioca,Tapioca,Local,06-09-2026,3000,3500,3250
Tamil Nadu,Namakkal,Tiruchengode APMC,Ginger(Green),Green Ginger,Local,06-09-2026,15000,17000,16000
Tamil Nadu,Namakkal,Tiruchengode APMC,Green Avare(W),Other,Local,06-09-2026,4500,5000,4750
Tamil Nadu,Namakkal,Tiruchengode APMC,Chow Chow,Chow Chow,Local,06-09-2026,2600,3000,2800
Tamil Nadu,Namakkal,Tiruchengode APMC,Mint(Pudina),Mint(Pudina),Local,06-09-2026,4500,5000,4750
Telangana,Siddipet,Vantamamidi APMC,Ridgeguard(Tori),Ridgeguard(Tori),Local,06-09-2026,1000,1800,1400
Telangana,Siddipet,Vantamamidi APMC,Groundnut pods(raw),Groundnut pods (raw),Local,06-09-2026,3000,4000,3500
Tamil Nadu,Ariyalur,Jeyankondam (Uzhavar Sandhai ),Onion,Bellary,Local,06-09-2026,5000,6000,5500
Tamil Nadu,Ariyalur,Jeyankondam (Uzhavar Sandhai ),Onion Green,Onion Green,Local,06-09-2026,7000,8000,7500
Telangana,Hyderabad,RYTHU BAZAR ERRAGADDA,Cauliflower,Cauliflower,Grade A,06-09-2026,2100,2100,2100
Telangana,Hyderabad,RYTHU BAZAR ERRAGADDA,Green Chilli,Green Chilly,Grade A,06-09-2026,2800,2800,2800
Telangana,Hyderabad,RYTHU BAZAR ERRAGADDA,Ridgeguard(Tori),Ridgeguard(Tori),Grade A,06-09-2026,35,35,35
Telangana,Hyderabad,RYTHU BAZAR ERRAGADDA,Potato,Potato,Grade A,06-09-2026,1700,1700,1700
Telangana,Hyderabad,RYTHU BAZAR ERRAGADDA,French Beans(Frasbean),French Beans (Frasbean),Grade A,06-09-2026,5500,5500,5500
Telangana,Hyderabad,RYTHU BAZAR ERRAGADDA,Onion,1st Sort,Grade A,06-09-2026,4000,4000,4000
Telangana,Hyderabad,RYTHU BAZAR ERRAGADDA,Bottle gourd,Bottle Gourd,Grade A,06-09-2026,1500,1500,1500
Telangana,Hyderabad,RYTHU BAZAR ERRAGADDA,Beetroot,Beetroot,Grade A,06-09-2026,3500,3500,3500
Telangana,Hyderabad,RYTHU BAZAR ERRAGADDA,Cucumbar(Kheera),Cucumbar,Grade A,06-09-2026,1800,1800,1800
Telangana,Hyderabad,RYTHU BAZAR ERRAGADDA,Banana - Green,Banana - Green,Grade A,06-09-2026,1000,1000,1000
Tamil Nadu,Coimbatore,RSPuram(Uzhavar Sandhai ),Carrot,Pusakesar,Local,06-09-2026,4500,5000,4750
Tamil Nadu,Coimbatore,RSPuram(Uzhavar Sandhai ),Cabbage,Cabbage,Local,06-09-2026,2000,2200,2100
Tamil Nadu,Coimbatore,RSPuram(Uzhavar Sandhai ),Cucumbar(Kheera),Cucumbar,Local,06-09-2026,3400,3800,3600
Tamil Nadu,Coimbatore,RSPuram(Uzhavar Sandhai ),Ashgourd,Gouard,Local,06-09-2026,1800,2000,1900
Tamil Nadu,Coimbatore,RSPuram(Uzhavar Sandhai ),Raddish,Raddish,Local,06-09-2026,2500,2800,2650
Tamil Nadu,Coimbatore,RSPuram(Uzhavar Sandhai ),Tapioca,Tapioca,Local,06-09-2026,2800,3200,3000
Tamil Nadu,Coimbatore,RSPuram(Uzhavar Sandhai ),Thondekai,Thondekai,Local,06-09-2026,3200,3600,3400
Tamil Nadu,Coimbatore,RSPuram(Uzhavar Sandhai ),Pomegranate,Pomogranate,Local,06-09-2026,10000,14000,12000
Tamil Nadu,Coimbatore,Singanallur(Uzhavar Sandhai ),Carrot,Pusakesar,Local,06-09-2026,5000,6300,5650
Tamil Nadu,Coimbatore,Singanallur(Uzhavar Sandhai ),Amaranthus,Amaranthus,Local,06-09-2026,4500,5000,4750
Tamil Nadu,Coimbatore,Singanallur(Uzhavar Sandhai ),Cowpea(Veg),Cowpea (Veg),Local,06-09-2026,3500,4000,3750
Tamil Nadu,Coimbatore,Singanallur(Uzhavar Sandhai ),Raddish,Raddish,Local,06-09-2026,2800,3200,3000
Tamil Nadu,Coimbatore,Singanallur(Uzhavar Sandhai ),Drumstick,Drumstick,Local,06-09-2026,2800,3200,3000
Tamil Nadu,Coimbatore,Singanallur(Uzhavar Sandhai ),Knool Khol,Knool Khol,Local,06-09-2026,3500,4000,3750
Tamil Nadu,Coimbatore,Singanallur(Uzhavar Sandhai ),Pomegranate,Pomogranate,Local,06-09-2026,13000,14000,13500
Tamil Nadu,Coimbatore,Singanallur(Uzhavar Sandhai ),Turnip,Turnip,Local,06-09-2026,6500,7000,6750
Odisha,Mayurbhanja,Narasinghpur APMC,Green Chilli,Green Chilly,Local,06-09-2026,6000,8000,7000
Odisha,Mayurbhanja,Narasinghpur APMC,Bitter gourd,Bitter Gourd,Local,06-09-2026,2200,3500,2500
Tamil Nadu,Coimbatore,Pollachi(Uzhavar Sandhai ),Coconut,Coconut,Local,06-09-2026,5500,6000,5750
Tamil Nadu,Coimbatore,Pollachi(Uzhavar Sandhai ),Onion,Bellary,Local,06-09-2026,6000,6500,6250
Tamil Nadu,Coimbatore,Pollachi(Uzhavar Sandhai ),Potato,Red Nanital,Local,06-09-2026,4000,5000,4500
Tamil Nadu,Coimbatore,Pollachi(Uzhavar Sandhai ),Cluster beans,Cluster Beans,Local,06-09-2026,4000,4500,4250
Tamil Nadu,Coimbatore,Pollachi(Uzhavar Sandhai ),Cowpea(Veg),Cowpea (Veg),Local,06-09-2026,4000,4500,4250
Tamil Nadu,Coimbatore,Pollachi(Uzhavar Sandhai ),Banana - Green,Banana - Green,Local,06-09-2026,4000,4500,4250
Madhya Pradesh,Betul,Betul(F&V) APMC,Tomato,Local,FAQ,06-09-2026,500,1200,800
Madhya Pradesh,Betul,Betul(F&V) APMC,Cabbage,Cabbage,FAQ,06-09-2026,700,1000,900
Uttar Pradesh,Agra,Khairagarh APMC,Potato,Desi,FAQ,06-09-2026,500,600,550
Uttar Pradesh,Agra,Khairagarh APMC,Onion,Red,FAQ,06-09-2026,4000,4100,4050
Uttar Pradesh,Agra,Khairagarh APMC,Wheat,Dara,FAQ,06-09-2026,2500,2600,2550
Odisha,Rayagada,Rayagada(Muniguda) APMC,Beetroot,Beetroot,FAQ,06-09-2026,8200,8960,8500
Telangana,Siddipet,Siddipet(Rythu Bazar) ,Bitter gourd,Bitter Gourd,Grade A,06-09-2026,3000,4000,3400
Telangana,Siddipet,Siddipet(Rythu Bazar) ,Cabbage,Cabbage,Grade A,06-09-2026,2000,2800,2400
Telangana,Siddipet,Siddipet(Rythu Bazar) ,Snakeguard,Snakeguard,Grade A,06-09-2026,4500,5500,5000
Chandigarh,Chandigarh,Chandigarh (Grain/F&V) APMC,Mousambi(Sweet Lime),Mousambi,Medium,06-09-2026,2000,4250,3500
Chandigarh,Chandigarh,Chandigarh (Grain/F&V) APMC,Water Melon,Other,Medium,06-09-2026,1500,2500,2000
Chandigarh,Chandigarh,Chandigarh (Grain/F&V) APMC,Green Chilli,Green Chilly,FAQ,06-09-2026,1500,3000,2500
Chandigarh,Chandigarh,Chandigarh (Grain/F&V) APMC,Lemon,Other,FAQ,06-09-2026,5000,6000,5500
Odisha,Bargarh,Godbhaga APMC,Ridge Gourd(Permal/Hybrid Gourd),Ridge Gourd(Permal/Hybrid Gourd),Grade B,06-09-2026,2000,2400,2200
Telangana,Ranga Reddy,"Vanasthalipuram,RBZ ",Green Chilli,Green Chilly,Grade A,06-09-2026,2800,2800,2800
Telangana,Ranga Reddy,"Vanasthalipuram,RBZ ",Cucumbar(Kheera),Other,Grade A,06-09-2026,1800,1800,1800
Telangana,Ranga Reddy,"Vanasthalipuram,RBZ ",Tomato,Other,Grade A,06-09-2026,1500,1500,1500
Telangana,Ranga Reddy,"Vanasthalipuram,RBZ ",Little gourd(Kundru),Little gourd (Kundru),Grade A,06-09-2026,3500,3500,3500
Telangana,Ranga Reddy,"Vanasthalipuram,RBZ ",Snakeguard,Snakeguard,Grade A,06-09-2026,2300,2300,2300
Tamil Nadu,Karur,Karur(Uzhavar Sandhai ),Coconut,Coconut,Local,06-09-2026,5500,6000,5750
Tamil Nadu,Karur,Karur(Uzhavar Sandhai ),Ridgeguard(Tori),Ridgeguard(Tori),Local,06-09-2026,4500,5000,4750
Tamil Nadu,Karur,Karur(Uzhavar Sandhai ),Onion,Bellary,Local,06-09-2026,5500,6000,5750
Tamil Nadu,Karur,Karur(Uzhavar Sandhai ),Ashgourd,Gouard,Local,06-09-2026,2000,2500,2250
Tamil Nadu,Karur,Karur(Uzhavar Sandhai ),Green Chilli,Green Chilly,Local,06-09-2026,4000,5000,4500
Tamil Nadu,Karur,Karur(Uzhavar Sandhai ),Beans,Beans (Whole),Local,06-09-2026,7500,8000,7750
Tamil Nadu,Karur,Karur(Uzhavar Sandhai ),Ginger(Green),Green Ginger,Local,06-09-2026,17500,18000,17750
Tamil Nadu,Karur,Karur(Uzhavar Sandhai ),Thondekai,Thondekai,Local,06-09-2026,4500,5000,4750
Tamil Nadu,Coimbatore,Kurichi(Uzhavar Sandhai ),Cucumbar(Kheera),Cucumbar,Local,06-09-2026,3500,4000,3750
Tamil Nadu,Coimbatore,Kurichi(Uzhavar Sandhai ),Tomato,Local,Local,06-09-2026,2400,2800,2600
Tamil Nadu,Coimbatore,Kurichi(Uzhavar Sandhai ),Bhindi(Ladies Finger),Bhindi,Local,06-09-2026,4000,4500,4250
Tamil Nadu,Coimbatore,Kurichi(Uzhavar Sandhai ),Drumstick,Drumstick,Local,06-09-2026,3000,3500,3250
Tamil Nadu,Coimbatore,Kurichi(Uzhavar Sandhai ),Guava,Guava Allahabad,Local,06-09-2026,5500,6000,5750
Tamil Nadu,Cuddalore,Chidambaram(Uzhavar Sandhai ),Bottle gourd,Bottle Gourd,Local,06-09-2026,2500,2500,2500
Tamil Nadu,Cuddalore,Chidambaram(Uzhavar Sandhai ),Banana - Green,Banana - Green,Local,06-09-2026,2500,2500,2500
Tamil Nadu,Cuddalore,Chidambaram(Uzhavar Sandhai ),Onion Green,Onion Green,Local,06-09-2026,7000,8000,7500
Tamil Nadu,Cuddalore,Cuddalore(Uzhavar Sandhai ),Sweet Potato,Hosur Red,Local,06-09-2026,8000,10000,9000
Tamil Nadu,Cuddalore,Cuddalore(Uzhavar Sandhai ),Banana,Besrai,Local,06-09-2026,4000,8000,6000
Tamil Nadu,Cuddalore,Cuddalore(Uzhavar Sandhai ),Tomato,Deshi,Local,06-09-2026,2600,2600,2600
Tamil Nadu,Cuddalore,Cuddalore(Uzhavar Sandhai ),Bitter gourd,Bitter Gourd,Local,06-09-2026,6000,7000,6500
Tamil Nadu,Cuddalore,Cuddalore(Uzhavar Sandhai ),Pumpkin,Pumpkin,Local,06-09-2026,2000,2000,2000
Tamil Nadu,Cuddalore,Cuddalore(Uzhavar Sandhai ),Green Chilli,Green Chilly,Local,06-09-2026,4000,5000,4500
Tamil Nadu,Cuddalore,Cuddalore(Uzhavar Sandhai ),Capsicum,Capsicum,Local,06-09-2026,5000,5000,5000
Tamil Nadu,Cuddalore,Cuddalore(Uzhavar Sandhai ),Green Avare(W),Green Avare (W),Local,06-09-2026,7000,7000,7000
Tamil Nadu,Cuddalore,Cuddalore(Uzhavar Sandhai ),Chow Chow,Chow Chow,Local,06-09-2026,4000,4000,4000
Tamil Nadu,Cuddalore,Cuddalore(Uzhavar Sandhai ),Colacasia,Colacasia,Local,06-09-2026,6000,6000,6000
Tamil Nadu,Cuddalore,Cuddalore(Uzhavar Sandhai ),Onion Green,Onion Green,Local,06-09-2026,7000,8000,7500
Tamil Nadu,Tuticorin,Tuticorin(Uzhavar Sandhai ),Cabbage,Cabbage,Local,06-09-2026,3000,3500,3250
Tamil Nadu,Tuticorin,Tuticorin(Uzhavar Sandhai ),Banana,Besrai,Local,06-09-2026,2500,3000,2750
Tamil Nadu,Tuticorin,Tuticorin(Uzhavar Sandhai ),Water Melon,Water Melon,Local,06-09-2026,1500,2000,1750
Tamil Nadu,Tuticorin,Tuticorin(Uzhavar Sandhai ),Cowpea(Veg),Cowpea (Veg),Local,06-09-2026,3000,3500,3250
Tamil Nadu,Tuticorin,Tuticorin(Uzhavar Sandhai ),Tapioca,Tapioca,Local,06-09-2026,3000,3500,3250
Tamil Nadu,Tuticorin,Tuticorin(Uzhavar Sandhai ),Green Avare(W),Other,Local,06-09-2026,5000,6000,5500
Tamil Nadu,Tuticorin,Tuticorin(Uzhavar Sandhai ),Chow Chow,Chow Chow,Local,06-09-2026,3500,4000,3750
Tamil Nadu,Tuticorin,Tuticorin(Uzhavar Sandhai ),Pomegranate,Pomogranate,Local,06-09-2026,21000,22000,21500
Tamil Nadu,Tuticorin,Tuticorin(Uzhavar Sandhai ),Yam(Ratalu),Yam (Ratalu),Local,06-09-2026,9000,10000,9500
Tamil Nadu,Tuticorin,Tuticorin(Uzhavar Sandhai ),Mashrooms,Mashrooms,Local,06-09-2026,24000,25000,24500
Madhya Pradesh,Satna,Satna APMC,Wheat,Wheat,Non-FAQ,06-09-2026,2500,2500,2500
Madhya Pradesh,Dhar,Dhar APMC,Wheat,Wheat,FAQ,06-09-2026,2300,2500,2500
Tamil Nadu,Nagercoil (Kannyiakumari),Vadaseri APMC,Mango,Safeda,Local,06-09-2026,6500,7000,6750
Tamil Nadu,Nagercoil (Kannyiakumari),Vadaseri APMC,Potato,Red Nanital,Local,06-09-2026,3000,3500,3250
Tamil Nadu,Nagercoil (Kannyiakumari),Vadaseri APMC,Brinjal,Round,Local,06-09-2026,5500,6000,5750
Tamil Nadu,Nagercoil (Kannyiakumari),Vadaseri APMC,Papaya,Papaya,Local,06-09-2026,3500,4000,3750
Tamil Nadu,Nagercoil (Kannyiakumari),Vadaseri APMC,Cowpea(Veg),Cowpea (Veg),Local,06-09-2026,4300,4800,4550
Tamil Nadu,Nagercoil (Kannyiakumari),Vadaseri APMC,Lemon,Lemon,Local,06-09-2026,23000,25000,24000
Tamil Nadu,Nagercoil (Kannyiakumari),Vadaseri APMC,Amla(Nelli Kai),Amla,Local,06-09-2026,5500,6000,5750
Tamil Nadu,Pudukkottai,Karambakkudi(Uzhavar Sandhai ),Banana,Other,Local,06-09-2026,6000,7000,6500
Tamil Nadu,Pudukkottai,Karambakkudi(Uzhavar Sandhai ),Brinjal,Other,Local,06-09-2026,5000,6000,5500
Tamil Nadu,Pudukkottai,Karambakkudi(Uzhavar Sandhai ),Banana - Green,Banana - Green,Local,06-09-2026,2500,3000,2750
Tamil Nadu,Pudukkottai,Karambakkudi(Uzhavar Sandhai ),Green Avare(W),Other,Local,06-09-2026,6000,7000,6500
Maharashtra,Ahilyanagar,APMC Rahata ,Drumstick,Other,Local,06-09-2026,3000,4000,3500
Maharashtra,Ahilyanagar,APMC Rahata ,Pomegranate,Other,Local,06-09-2026,1000,27700,7000
Maharashtra,Ahilyanagar,APMC Rahata ,Lime,Other,Local,06-09-2026,10000,11000,10500
Maharashtra,Ahilyanagar,APMC Rahata ,Potato,Other,Local,06-09-2026,500,1200,850
Maharashtra,Ahilyanagar,APMC Rahata ,Bhindi(Ladies Finger),Other,Local,06-09-2026,1000,2500,1750
Maharashtra,Ahilyanagar,APMC Rahata ,Guar,Other,Local,06-09-2026,5000,8000,6500
Maharashtra,Ahilyanagar,APMC Rahata ,Bitter gourd,Other,Local,06-09-2026,1000,2000,1500
Madhya Pradesh,Mandla,Mandla APMC,Wheat,Local,Non-FAQ,06-09-2026,2450,2450,2450
Madhya Pradesh,Mandla,Mandla APMC,Paddy(Common),Common,Non-FAQ,06-09-2026,2025,2200,2025
Madhya Pradesh,Dhar,Kukshi APMC,Wheat,Wheat,FAQ,06-09-2026,2600,2600,2600
Tamil Nadu,Vellore,Thirupathur APMC,Carrot,Pusakesar,Local,06-09-2026,7000,7000,7000
Tamil Nadu,Vellore,Thirupathur APMC,Brinjal,Round,Local,06-09-2026,3500,3500,3500
Tamil Nadu,Vellore,Thirupathur APMC,Chikoos(Sapota),Sapota,Local,06-09-2026,4000,4000,4000
Tamil Nadu,Vellore,Thirupathur APMC,Papaya,Papaya,Local,06-09-2026,4000,4000,4000
Tamil Nadu,Vellore,Thirupathur APMC,Green Avare(W),Green Avare (W),Local,06-09-2026,5600,5600,5600
Tamil Nadu,Vellore,Thirupathur APMC,Chow Chow,Chow Chow,Local,06-09-2026,5000,5000,5000
Tamil Nadu,Vellore,Thirupathur APMC,Lemon,Lemon,Local,06-09-2026,5000,5000,5000
Tamil Nadu,Vellore,Thirupathur APMC,Amla(Nelli Kai),Amla,Local,06-09-2026,8000,8000,8000
Tamil Nadu,Vellore,Vellore APMC,Sweet Potato,Hosur Red,Local,06-09-2026,3000,3000,3000
Tamil Nadu,Vellore,Vellore APMC,Carrot,Pusakesar,Local,06-09-2026,4000,4000,4000
Tamil Nadu,Vellore,Vellore APMC,Onion,Bellary,Local,06-09-2026,5800,5800,5800
Tamil Nadu,Vellore,Vellore APMC,Mousambi(Sweet Lime),Mousambi,Local,06-09-2026,7000,7000,7000
Tamil Nadu,Vellore,Vellore APMC,Beans,Beans (Whole),Local,06-09-2026,6600,7600,7100
Tamil Nadu,Vellore,Vellore APMC,Tapioca,Tapioca,Local,06-09-2026,3500,3500,3500
Tamil Nadu,Vellore,Vellore APMC,Tender Coconut,Tender Coconut,Local,06-09-2026,3000,3500,3250
Tamil Nadu,Vellore,Vellore APMC,Jasmine,Jasmine,Local,06-09-2026,60000,60000,60000
Tamil Nadu,Vellore,Vellore APMC,Yam(Ratalu),Yam (Ratalu),Local,06-09-2026,4000,5500,4750
Tamil Nadu,Vellore,Vellore APMC,Lemon,Lemon,Local,06-09-2026,12000,12000,12000
Tamil Nadu,Vellore,Vellore APMC,Colacasia,Colacasia,Local,06-09-2026,3500,4000,3750
Madhya Pradesh,Raisen,Obedullaganj APMC,Lak(Teora),Tiwada,Non-FAQ,06-09-2026,2900,2900,2900
Madhya Pradesh,Rajgarh,Biaora APMC,Mustard,Mustard,FAQ,06-09-2026,6960,6975,6975
Madhya Pradesh,Rajgarh,Biaora APMC,Green Gram(Moong)(Whole),Green (Whole),FAQ,06-09-2026,4280,7250,7250
Bihar,Supaul,Triveniganj APMC,Onion,1st Sort,Grade A,06-09-2026,4000,4000,4000
Tamil Nadu,Dharmapuri,Harur(Uzhavar Sandhai ),Coconut,Coconut,Local,06-09-2026,6000,7000,6500
Tamil Nadu,Dharmapuri,Harur(Uzhavar Sandhai ),Sweet Potato,Hosur Red,Local,06-09-2026,4000,5000,4500
Tamil Nadu,Dharmapuri,Harur(Uzhavar Sandhai ),Cucumbar(Kheera),Cucumbar,Local,06-09-2026,3500,4000,3750
Tamil Nadu,Dharmapuri,Harur(Uzhavar Sandhai ),Onion,Bellary,Local,06-09-2026,4000,6000,5000
Tamil Nadu,Dharmapuri,Harur(Uzhavar Sandhai ),Brinjal,Round,Local,06-09-2026,2500,3000,2750
Tamil Nadu,Dharmapuri,Harur(Uzhavar Sandhai ),Coriander(Leaves),I Sort,Local,06-09-2026,4000,5000,4500
Tamil Nadu,Dharmapuri,Harur(Uzhavar Sandhai ),Tomato,Deshi,Local,06-09-2026,2000,2500,2250
Tamil Nadu,Dharmapuri,Harur(Uzhavar Sandhai ),Cluster beans,Cluster Beans,Local,06-09-2026,3500,4000,3750
Tamil Nadu,Dharmapuri,Harur(Uzhavar Sandhai ),Bitter gourd,Bitter Gourd,Local,06-09-2026,4000,5000,4500
Tamil Nadu,Dharmapuri,Harur(Uzhavar Sandhai ),Bhindi(Ladies Finger),Bhindi,Local,06-09-2026,2000,2500,2250
Tamil Nadu,Dharmapuri,Harur(Uzhavar Sandhai ),Chow Chow,Chow Chow,Local,06-09-2026,4000,4500,4250
Tamil Nadu,Dharmapuri,Harur(Uzhavar Sandhai ),Drumstick,Drumstick,Local,06-09-2026,2500,3000,2750
Tamil Nadu,Krishnagiri,Kaveripattinam(Uzhavar Sandhai ),Carrot,Pusakesar,Local,06-09-2026,8000,8000,8000
Tamil Nadu,Krishnagiri,Kaveripattinam(Uzhavar Sandhai ),Brinjal,Round,Local,06-09-2026,4000,5000,4500
Tamil Nadu,Krishnagiri,Kaveripattinam(Uzhavar Sandhai ),Bitter gourd,Bitter Gourd,Local,06-09-2026,6000,6000,6000
Tamil Nadu,Krishnagiri,Kaveripattinam(Uzhavar Sandhai ),Bottle gourd,Bottle Gourd,Local,06-09-2026,2500,3000,2750
Tamil Nadu,Krishnagiri,Kaveripattinam(Uzhavar Sandhai ),Ashgourd,Gouard,Local,06-09-2026,2000,2000,2000
Tamil Nadu,Krishnagiri,Kaveripattinam(Uzhavar Sandhai ),Green Chilli,Green Chilly,Local,06-09-2026,5000,5000,5000
Tamil Nadu,Krishnagiri,Kaveripattinam(Uzhavar Sandhai ),Banana - Green,Banana - Green,Local,06-09-2026,2500,3000,2750
Tamil Nadu,Krishnagiri,Kaveripattinam(Uzhavar Sandhai ),Beans,Beans (Whole),Local,06-09-2026,7000,7000,7000
Tamil Nadu,Krishnagiri,Kaveripattinam(Uzhavar Sandhai ),Raddish,Raddish,Local,06-09-2026,3000,3000,3000
Tamil Nadu,Krishnagiri,Kaveripattinam(Uzhavar Sandhai ),Mango(Raw-Ripe),Mango - Raw-Ripe,Local,06-09-2026,9000,9000,9000
Tamil Nadu,Krishnagiri,Kaveripattinam(Uzhavar Sandhai ),Onion Green,Onion Green,Local,06-09-2026,8000,8000,8000
Tamil Nadu,The Nilgiris,Gudalur(Uzhavar Sandhai ),Carrot,Pusakesar,Local,06-09-2026,3500,4000,3750
Tamil Nadu,The Nilgiris,Gudalur(Uzhavar Sandhai ),Onion,Bellary,Local,06-09-2026,6000,6300,6150
Tamil Nadu,The Nilgiris,Gudalur(Uzhavar Sandhai ),Coriander(Leaves),I Sort,Local,06-09-2026,6000,7000,6500
Tamil Nadu,The Nilgiris,Gudalur(Uzhavar Sandhai ),Bottle gourd,Bottle Gourd,Local,06-09-2026,2500,3000,2750
Tamil Nadu,The Nilgiris,Gudalur(Uzhavar Sandhai ),Ashgourd,Gouard,Local,06-09-2026,1500,2000,1750
Tamil Nadu,The Nilgiris,Gudalur(Uzhavar Sandhai ),Tapioca,Tapioca,Local,06-09-2026,3000,3500,3250
Tamil Nadu,The Nilgiris,Gudalur(Uzhavar Sandhai ),Capsicum,Capsicum,Local,06-09-2026,5000,6000,5500
Tamil Nadu,The Nilgiris,Gudalur(Uzhavar Sandhai ),Elephant Yam(Suran)/Amorphophallus,Elephant Yam (Suran),Local,06-09-2026,3500,4000,3750
Tamil Nadu,The Nilgiris,Gudalur(Uzhavar Sandhai ),Mint(Pudina),Mint(Pudina),Local,06-09-2026,5000,6000,5500
Odisha,Bargarh,Attabira APMC,Bottle gourd,Bottle Gourd,Local,06-09-2026,1850,2200,2000
Himachal Pradesh,Kullu,SMY Bhuntar,Capsicum,Other,FAQ,06-09-2026,2000,3000,2500
Himachal Pradesh,Kullu,SMY Bhuntar,Brinjal,Other,FAQ,06-09-2026,1000,2000,1500
Himachal Pradesh,Kullu,SMY Bhuntar,Coriander(Leaves),Other,FAQ,06-09-2026,3000,4000,3500
Himachal Pradesh,Kullu,SMY Bhuntar,Bhindi(Ladies Finger),Other,FAQ,06-09-2026,1000,1500,1200
Uttar Pradesh,Agra,Agra APMC,Green Chilli,Other,FAQ,06-09-2026,1500,1500,1500
Punjab,Tarntaran,Patti APMC,Round gourd,Other,Local,06-09-2026,520,520,520
Punjab,Tarntaran,Patti APMC,Ginger(Green),Other,Local,06-09-2026,6500,6500,6500
Punjab,Tarntaran,Patti APMC,Tomato,Other,Local,06-09-2026,0.08,0.08,0.08
Uttarakhand,Dehradoon,Vikasnagar APMC,Bhindi(Ladies Finger),Other,Medium,06-09-2026,1000,1200,1200
Uttarakhand,Dehradoon,Rishikesh APMC,Bhindi(Ladies Finger),Other,Medium,06-09-2026,850,1200,1050
Telangana,Medchal Malkajgiri,"Kukatpally,RBZ",Bottle gourd,Bottle Gourd,Local,06-09-2026,800,800,800
Telangana,Medchal Malkajgiri,"Kukatpally,RBZ",Field Bean(Anumulu),Field Bean(Anumulu),Grade A,06-09-2026,4000,4000,4000
Uttarakhand,Udhamsinghnagar,Jaspur(UC) APMC,Bitter gourd,Bitter Gourd,FAQ,06-09-2026,1600,1600,1600
Uttarakhand,Udhamsinghnagar,Jaspur(UC) APMC,Bhindi(Ladies Finger),Bhindi,FAQ,06-09-2026,1200,1400,1300
Andhra Pradesh,Prakasam,Maddipadu APMC,Paddy(Common),B P T,FAQ,06-09-2026,2800,2800,2800
Keralam,Kozhikode(Calicut),Mukkom Market,Snakeguard,Snakeguard,FAQ,06-09-2026,4000,4500,4200
Keralam,Kozhikode(Calicut),Mukkom Market,Pumpkin,Pumpkin,FAQ,06-09-2026,1800,2000,1900
Keralam,Kozhikode(Calicut),Mukkom Market,Drumstick,Drumstick,FAQ,06-09-2026,4200,4600,4400
Keralam,Kozhikode(Calicut),Mukkom Market,Cabbage,Cabbage,FAQ,06-09-2026,2600,3000,2800
Keralam,Kozhikode(Calicut),Mukkom Market,Carrot,Carrot,FAQ,06-09-2026,8000,8400,8200
Keralam,Kozhikode(Calicut),Mukkom Market,Banana - Green,Banana - Green,FAQ,06-09-2026,5800,6200,6000
Telangana,Hyderabad,RYTHU BAZAR FALAKNUMA,Ridgeguard(Tori),Ridgeguard(Tori),Grade A,06-09-2026,3500,3500,3500
Telangana,Hyderabad,RYTHU BAZAR FALAKNUMA,Cabbage,Cabbage,Grade A,06-09-2026,1400,1400,1400
Telangana,Hyderabad,RYTHU BAZAR FALAKNUMA,Colacasia,Colacasia,Grade A,06-09-2026,2800,2800,2800
Punjab,Gurdaspur,Quadian APMC,Bhindi(Ladies Finger),Other,Grade A,06-09-2026,3800,4000,3900
Punjab,Gurdaspur,Quadian APMC,Potato,Other,Grade A,06-09-2026,400,600,500
Keralam,Kollam,Anchal Market,Beetroot,Beetroot,Local,06-09-2026,3800,3800,3800
Keralam,Kollam,Anchal Market,Bhindi(Ladies Finger),Bhindi,Local,06-09-2026,5300,5300,5300
Keralam,Kollam,Anchal Market,Bottle gourd,Bottle Gourd,Local,06-09-2026,2700,2700,2700
Keralam,Kollam,Anchal Market,Capsicum,Capsicum,Local,06-09-2026,5700,5700,5700
Keralam,Kollam,Anchal Market,Lemon,Lemon,Local,06-09-2026,6300,6300,6300
Keralam,Kollam,Anchal Market,Onion,Small,Local,06-09-2026,4800,4800,4800
Rajasthan,Hanumangarh,Rawatsar APMC,Onion,1st Sort,FAQ,06-09-2026,1800,2500,2400
Punjab,Sangrur,Ahmedgarh APMC,Cauliflower,Other,Medium,06-09-2026,3200,3500,3500
Punjab,Sangrur,Ahmedgarh APMC,Green Chilli,Green Chilly,Local,06-09-2026,3000,3200,3200
Keralam,Kottayam,Ettumanoor Market,Cabbage,Cabbage,FAQ,06-09-2026,3000,3600,3400
Keralam,Kottayam,Ettumanoor Market,Bhindi(Ladies Finger),Bhindi,FAQ,06-09-2026,4000,4400,4200
Keralam,Kottayam,Ettumanoor Market,Carrot,Carrot,FAQ,06-09-2026,7000,7400,7200
Punjab,Tarntaran,Harike APMC,Ridgeguard(Tori),Ridgeguard(Tori),FAQ,06-09-2026,1100,1200,1150
Karnataka,Vijayanagara,Hospet APMC,Onion,Local,Local,06-09-2026,3000,4500,3800
Karnataka,Vijayanagara,Hospet APMC,Brinjal,Brinjal,Local,06-09-2026,3000,3000,3000
Karnataka,Vijayanagara,Hospet APMC,Ladies Finger,Ladies Finger,Local,06-09-2026,2600,3000,2800
Tamil Nadu,Thirupur,Tiruppur (South) (Uzhavar Sandhai ),Carrot,Pusakesar,Local,06-09-2026,4500,6000,5250
Tamil Nadu,Thirupur,Tiruppur (South) (Uzhavar Sandhai ),Snakeguard,Snakeguard,Local,06-09-2026,3500,4000,3750
Tamil Nadu,Thirupur,Tiruppur (South) (Uzhavar Sandhai ),Onion,Bellary,Local,06-09-2026,4500,5000,4750
Tamil Nadu,Thirupur,Tiruppur (South) (Uzhavar Sandhai ),Papaya,Papaya,Local,06-09-2026,2500,3000,2750
Tamil Nadu,Thirupur,Tiruppur (South) (Uzhavar Sandhai ),Bhindi(Ladies Finger),Bhindi,Local,06-09-2026,4000,5000,4500
Tamil Nadu,Thirupur,Tiruppur (South) (Uzhavar Sandhai ),Amaranthus,Amaranthus,Local,06-09-2026,2000,3000,2500
Tamil Nadu,Thirupur,Tiruppur (South) (Uzhavar Sandhai ),Beans,Beans (Whole),Local,06-09-2026,6000,7000,6500
Tamil Nadu,Thirupur,Tiruppur (South) (Uzhavar Sandhai ),Raddish,Raddish,Local,06-09-2026,1700,2000,1850
Tamil Nadu,Thirupur,Tiruppur (South) (Uzhavar Sandhai ),Green Avare(W),Other,Local,06-09-2026,5000,6000,5500
Tamil Nadu,Thirupur,Tiruppur (South) (Uzhavar Sandhai ),Onion Green,Onion Green,Local,06-09-2026,7500,9000,8250
Tamil Nadu,Erode,Perundurai(Uzhavar Sandhai ),Cabbage,Cabbage,Local,06-09-2026,2000,2400,2200
Tamil Nadu,Erode,Perundurai(Uzhavar Sandhai ),Snakeguard,Snakeguard,Local,06-09-2026,2800,3000,2900
Tamil Nadu,Erode,Perundurai(Uzhavar Sandhai ),Ashgourd,Gouard,Local,06-09-2026,2000,2400,2200
Tamil Nadu,Erode,Perundurai(Uzhavar Sandhai ),Beans,Beans (Whole),Local,06-09-2026,7800,8000,7900
Tamil Nadu,Dharmapuri,Dharmapuri(Uzhavar Sandhai ),Groundnut,Big (With Shell),Local,06-09-2026,6200,6500,6350
Tamil Nadu,Dharmapuri,Dharmapuri(Uzhavar Sandhai ),Potato,Red Nanital,Local,06-09-2026,2600,2800,2700
Tamil Nadu,Dharmapuri,Dharmapuri(Uzhavar Sandhai ),Brinjal,Round,Local,06-09-2026,1800,2000,1900
Tamil Nadu,Dharmapuri,Dharmapuri(Uzhavar Sandhai ),Coriander(Leaves),I Sort,Local,06-09-2026,4600,5000,4800
Tamil Nadu,Dharmapuri,Dharmapuri(Uzhavar Sandhai ),Tomato,Local,Local,06-09-2026,2200,2400,2300
Tamil Nadu,Dharmapuri,Dharmapuri(Uzhavar Sandhai ),Green Chilli,Green Chilly,Local,06-09-2026,2800,3000,2900
Tamil Nadu,Dharmapuri,Dharmapuri(Uzhavar Sandhai ),Beans,Beans (Whole),Local,06-09-2026,9500,10000,9750
Tamil Nadu,Dharmapuri,Dharmapuri(Uzhavar Sandhai ),Thondekai,Thondekai,Local,06-09-2026,4200,4500,4350
Tamil Nadu,Dharmapuri,Dharmapuri(Uzhavar Sandhai ),Capsicum,Capsicum,Local,06-09-2026,7500,8000,7750
Tamil Nadu,Dharmapuri,Dharmapuri(Uzhavar Sandhai ),Green Avare(W),Green Avare (W),Local,06-09-2026,3700,4000,3850
Tamil Nadu,Dharmapuri,Dharmapuri(Uzhavar Sandhai ),Knool Khol,Knool Khol,Local,06-09-2026,4200,4400,4300
Tamil Nadu,Dharmapuri,Dharmapuri(Uzhavar Sandhai ),Marigold(Calcutta),Marigold(Calcutta),Local,06-09-2026,13300,14000,13650
Tamil Nadu,Dharmapuri,Dharmapuri(Uzhavar Sandhai ),Colacasia,Colacasia,Local,06-09-2026,6200,6600,6400
Tamil Nadu,Dharmapuri,Dharmapuri(Uzhavar Sandhai ),Pear(Marasebu),Pears,Local,06-09-2026,16000,17000,16500
Tamil Nadu,Dharmapuri,Dharmapuri(Uzhavar Sandhai ),Onion Green,Onion Green,Local,06-09-2026,6200,6600,6400
Tamil Nadu,Dharmapuri,Palacode(Uzhavar Sandhai ),Cucumbar(Kheera),Cucumbar,Local,06-09-2026,3800,4000,3900
Tamil Nadu,Dharmapuri,Palacode(Uzhavar Sandhai ),Brinjal,Other,Local,06-09-2026,2500,3000,2750
Tamil Nadu,Dharmapuri,Palacode(Uzhavar Sandhai ),Bottle gourd,Bottle Gourd,Local,06-09-2026,1800,2000,1900
Tamil Nadu,Dharmapuri,Palacode(Uzhavar Sandhai ),Ashgourd,Gouard,Local,06-09-2026,1400,1600,1500
Tamil Nadu,Dharmapuri,Palacode(Uzhavar Sandhai ),Banana - Green,Banana - Green,Local,06-09-2026,2000,2500,2250
Tamil Nadu,Dharmapuri,Palacode(Uzhavar Sandhai ),Chow Chow,Chow Chow,Local,06-09-2026,4400,4600,4500
Tamil Nadu,Dharmapuri,Palacode(Uzhavar Sandhai ),Drumstick,Drumstick,Local,06-09-2026,2000,2500,2250
Tamil Nadu,Dharmapuri,Palacode(Uzhavar Sandhai ),Tamarind Fruit,Tamarind Fruit,Local,06-09-2026,11000,11500,11250
Tamil Nadu,Dharmapuri,Palacode(Uzhavar Sandhai ),Lemon,Lemon,Local,06-09-2026,21500,22000,21750
Tamil Nadu,Dharmapuri,Palacode(Uzhavar Sandhai ),Mint(Pudina),Mint(Pudina),Local,06-09-2026,5000,5500,5250
Tamil Nadu,Dharmapuri,Pennagaram(Uzhavar Sandhai ),Cluster beans,Cluster Beans,Local,06-09-2026,3700,4000,3850
Tamil Nadu,Dharmapuri,Pennagaram(Uzhavar Sandhai ),Lemon,Lemon,Local,06-09-2026,19000,20000,19500
Tamil Nadu,Dindigul,Chinnalapatti(Uzhavar Sandhai ),Snakeguard,Snakeguard,Local,06-09-2026,4000,6000,5000
Tamil Nadu,Dindigul,Chinnalapatti(Uzhavar Sandhai ),Amaranthus,Amaranthus,Local,06-09-2026,2500,3000,2750
Tamil Nadu,Dindigul,Chinnalapatti(Uzhavar Sandhai ),Green Chilli,Green Chilly,Local,06-09-2026,5000,6000,5500
Tamil Nadu,Dindigul,Chinnalapatti(Uzhavar Sandhai ),Indian Beans(Seam),Indian Beans (Seam),Local,06-09-2026,6600,7000,6800
Tamil Nadu,Dindigul,Chinnalapatti(Uzhavar Sandhai ),Onion Green,Onion Green,Local,06-09-2026,6500,7500,7000
Tamil Nadu,Dindigul,Dindigul(Uzhavar Sandhai ),Coconut,Coconut,Local,06-09-2026,6000,6500,6250
Tamil Nadu,Dindigul,Dindigul(Uzhavar Sandhai ),Banana,Besrai,Local,06-09-2026,8000,9000,8500
Tamil Nadu,Dindigul,Dindigul(Uzhavar Sandhai ),Green Peas,Green Peas,Local,06-09-2026,12000,15000,13500
Tamil Nadu,Dindigul,Dindigul(Uzhavar Sandhai ),Ashgourd,Gouard,Local,06-09-2026,2000,3000,2500
Tamil Nadu,Dindigul,Dindigul(Uzhavar Sandhai ),Bhindi(Ladies Finger),Bhindi,Local,06-09-2026,3000,4000,3500
Tamil Nadu,Dindigul,Dindigul(Uzhavar Sandhai ),Knool Khol,Knool Khol,Local,06-09-2026,4000,5000,4500
Tamil Nadu,Dindigul,Dindigul(Uzhavar Sandhai ),Guava,Guava Allahabad,Local,06-09-2026,5000,6000,5500
Tamil Nadu,Dindigul,Dindigul(Uzhavar Sandhai ),Lemon,Lemon,Local,06-09-2026,8000,10000,9000
Tamil Nadu,Dindigul,Dindigul(Uzhavar Sandhai ),Mashrooms,Mashrooms,Local,06-09-2026,20000,22500,21250
Tamil Nadu,Dindigul,Dindigul(Uzhavar Sandhai ),Onion Green,Onion Green,Local,06-09-2026,7000,7500,7250
Tamil Nadu,Dindigul,Palani(Uzhavar Sandhai ),Snakeguard,Snakeguard,Local,06-09-2026,1400,2000,1700
Tamil Nadu,Dindigul,Palani(Uzhavar Sandhai ),Potato,Other,Local,06-09-2026,3600,4000,3800
Tamil Nadu,Dindigul,Palani(Uzhavar Sandhai ),Papaya,Papaya,Local,06-09-2026,2500,3000,2750
Tamil Nadu,Dindigul,Palani(Uzhavar Sandhai ),Tomato,Deshi,Local,06-09-2026,1000,2000,1500
Tamil Nadu,Dindigul,Palani(Uzhavar Sandhai ),Bottle gourd,Bottle Gourd,Local,06-09-2026,1000,1400,1200
Tamil Nadu,Dindigul,Palani(Uzhavar Sandhai ),Green Chilli,Green Chilly,Local,06-09-2026,3000,4000,3500
Tamil Nadu,Dindigul,Palani(Uzhavar Sandhai ),Ginger(Green),Green Ginger,Local,06-09-2026,8000,15000,11500
Tamil Nadu,Dindigul,Palani(Uzhavar Sandhai ),Guava,Guava Allahabad,Local,06-09-2026,4000,5000,4500
Tamil Nadu,Dindigul,Palani(Uzhavar Sandhai ),Elephant Yam(Suran)/Amorphophallus,Elephant Yam (Suran),Local,06-09-2026,4000,5000,4500
Tamil Nadu,Erode,Periyar Nagar(Uzhavar Sandhai ),Brinjal,Other,Local,06-09-2026,2600,3000,2800
Tamil Nadu,Erode,Periyar Nagar(Uzhavar Sandhai ),Bitter gourd,Other,Local,06-09-2026,4000,4200,4100
Tamil Nadu,Erode,Periyar Nagar(Uzhavar Sandhai ),Bhindi(Ladies Finger),Bhindi,Local,06-09-2026,2200,2600,2400
Tamil Nadu,Erode,Periyar Nagar(Uzhavar Sandhai ),Banana - Green,Banana - Green,Local,06-09-2026,3000,3500,3250
Tamil Nadu,Erode,Periyar Nagar(Uzhavar Sandhai ),Green Avare(W),Other,Local,06-09-2026,5200,5600,5400
Tamil Nadu,Erode,Periyar Nagar(Uzhavar Sandhai ),Guava,Guava Allahabad,Local,06-09-2026,4500,5000,4750
Tamil Nadu,Erode,Periyar Nagar(Uzhavar Sandhai ),Elephant Yam(Suran)/Amorphophallus,Elephant Yam (Suran),Local,06-09-2026,3000,3500,3250
Tamil Nadu,Erode,Periyar Nagar(Uzhavar Sandhai ),Onion Green,Onion Green,Local,06-09-2026,6000,6800,6400
Tamil Nadu,Erode,Periyar Nagar(Uzhavar Sandhai ),Mint(Pudina),Mint(Pudina),Local,06-09-2026,3500,4000,3750
Tamil Nadu,Kallakuruchi,Sankarapuram(Uzhavar Sandhai ),Sweet Potato,Hosur Red,Local,06-09-2026,3000,3000,3000
Tamil Nadu,Kallakuruchi,Sankarapuram(Uzhavar Sandhai ),Groundnut,Big (With Shell),Local,06-09-2026,7000,7000,7000
Tamil Nadu,Kallakuruchi,Sankarapuram(Uzhavar Sandhai ),Brinjal,Round,Local,06-09-2026,5000,5000,5000
Tamil Nadu,Kallakuruchi,Sankarapuram(Uzhavar Sandhai ),Chikoos(Sapota),Sapota,Local,06-09-2026,5000,5000,5000
Tamil Nadu,Kallakuruchi,Sankarapuram(Uzhavar Sandhai ),Bottle gourd,Bottle Gourd,Local,06-09-2026,1500,1500,1500
Tamil Nadu,Kallakuruchi,Sankarapuram(Uzhavar Sandhai ),Amaranthus,Amaranthus,Local,06-09-2026,4000,4000,4000
Tamil Nadu,Kallakuruchi,Sankarapuram(Uzhavar Sandhai ),Banana - Green,Banana - Green,Local,06-09-2026,3000,3000,3000
Tamil Nadu,Kallakuruchi,Sankarapuram(Uzhavar Sandhai ),Beans,Beans (Whole),Local,06-09-2026,12000,12000,12000
Tamil Nadu,Kallakuruchi,Sankarapuram(Uzhavar Sandhai ),Elephant Yam(Suran)/Amorphophallus,Elephant Yam (Suran),Local,06-09-2026,3000,3000,3000
Tamil Nadu,Kallakuruchi,Sankarapuram(Uzhavar Sandhai ),Yam(Ratalu),Yam (Ratalu),Local,06-09-2026,3000,3000,3000
Tamil Nadu,Kallakuruchi,Sankarapuram(Uzhavar Sandhai ),Custard Apple(Sharifa),Custard Apple(Sharifa),Local,06-09-2026,5000,5000,5000
Tamil Nadu,Kancheepuram,Kancheepuram(Uzhavar Sandhai ),Snakeguard,Snakeguard,Local,06-09-2026,3000,3500,3250
Tamil Nadu,Kancheepuram,Kancheepuram(Uzhavar Sandhai ),Ashgourd,Gouard,Local,06-09-2026,2200,3000,2600
Tamil Nadu,Kancheepuram,Kancheepuram(Uzhavar Sandhai ),Coconut,Coconut,Local,06-09-2026,5500,6500,6000
Tamil Nadu,Kancheepuram,Kundrathur(Uzhavar Sandhai ),Cabbage,Cabbage,Local,06-09-2026,3000,3000,3000
Tamil Nadu,Kancheepuram,Kundrathur(Uzhavar Sandhai ),Bottle gourd,Bottle Gourd,Local,06-09-2026,3000,3000,3000
Tamil Nadu,Kancheepuram,Kundrathur(Uzhavar Sandhai ),Ashgourd,Gouard,Local,06-09-2026,2000,2000,2000
Tamil Nadu,Kancheepuram,Kundrathur(Uzhavar Sandhai ),Pumpkin,Pumpkin,Local,06-09-2026,2000,2000,2000
Tamil Nadu,Kancheepuram,Kundrathur(Uzhavar Sandhai ),Coconut,Coconut,Local,06-09-2026,5000,6000,5500
Tamil Nadu,Kancheepuram,Kundrathur(Uzhavar Sandhai ),Pomegranate,Pomogranate,Local,06-09-2026,15000,15000,15000
Tamil Nadu,Kancheepuram,Kundrathur(Uzhavar Sandhai ),Yam(Ratalu),Yam (Ratalu),Local,06-09-2026,4000,4000,4000
Tamil Nadu,Kancheepuram,Padappai(Uzhavar Sandhai ),Cauliflower,Ranchi,Local,06-09-2026,3000,3500,3250
Tamil Nadu,Kancheepuram,Padappai(Uzhavar Sandhai ),Water Melon,Water Melon,Local,06-09-2026,1500,2000,1750
Tamil Nadu,Kancheepuram,Padappai(Uzhavar Sandhai ),Tomato,Local,Local,06-09-2026,2200,3000,2600
Tamil Nadu,Kancheepuram,Padappai(Uzhavar Sandhai ),Ashgourd,Gouard,Local,06-09-2026,2200,3000,2600
Tamil Nadu,Kancheepuram,Padappai(Uzhavar Sandhai ),Ginger(Green),Green Ginger,Local,06-09-2026,10000,15000,12500
Tamil Nadu,Kancheepuram,Padappai(Uzhavar Sandhai ),Thondekai,Thondekai,Local,06-09-2026,3000,4000,3500
Tamil Nadu,Kancheepuram,Padappai(Uzhavar Sandhai ),Green Avare(W),Other,Local,06-09-2026,5000,6000,5500
Tamil Nadu,Kancheepuram,Padappai(Uzhavar Sandhai ),Amla(Nelli Kai),Amla,Local,06-09-2026,8000,10000,9000
Tamil Nadu,Kancheepuram,Sunguvarchatram(Uzhavar Sandhai ),Carrot,Pusakesar,Local,06-09-2026,5500,5500,5500
Tamil Nadu,Kancheepuram,Sunguvarchatram(Uzhavar Sandhai ),Beetroot,Beetroot,Local,06-09-2026,4000,4000,4000
Tamil Nadu,Kancheepuram,Sunguvarchatram(Uzhavar Sandhai ),Cauliflower,Ranchi,Local,06-09-2026,3500,3500,3500
Tamil Nadu,Kancheepuram,Sunguvarchatram(Uzhavar Sandhai ),Bottle gourd,Bottle Gourd,Local,06-09-2026,3000,3000,3000
Tamil Nadu,Kancheepuram,Sunguvarchatram(Uzhavar Sandhai ),Amaranthus,Amaranthus,Local,06-09-2026,3000,3000,3000
Tamil Nadu,Kancheepuram,Sunguvarchatram(Uzhavar Sandhai ),Raddish,Raddish,Local,06-09-2026,3000,3000,3000
Tamil Nadu,Kancheepuram,Sunguvarchatram(Uzhavar Sandhai ),Capsicum,Capsicum,Local,06-09-2026,5000,5000,5000
Tamil Nadu,Kancheepuram,Sunguvarchatram(Uzhavar Sandhai ),Green Avare(W),Green Avare (W),Local,06-09-2026,5000,5000,5000
Tamil Nadu,Kancheepuram,Sunguvarchatram(Uzhavar Sandhai ),Onion Green,Onion Green,Local,06-09-2026,5000,6000,5500
Tamil Nadu,Krishnagiri,Avallapalli(Uzhavar Sandhai ),Ridgeguard(Tori),Ridgeguard(Tori),Local,06-09-2026,2500,3000,2750
Tamil Nadu,Krishnagiri,Avallapalli(Uzhavar Sandhai ),Green Peas,Green Peas,Local,06-09-2026,11000,12000,11500
Tamil Nadu,Krishnagiri,Avallapalli(Uzhavar Sandhai ),Ashgourd,Gouard,Local,06-09-2026,1500,2000,1750
Tamil Nadu,Krishnagiri,Avallapalli(Uzhavar Sandhai ),Cowpea(Veg),Cowpea (Veg),Local,06-09-2026,5500,6000,5750
Tamil Nadu,Krishnagiri,Avallapalli(Uzhavar Sandhai ),Banana - Green,Banana - Green,Local,06-09-2026,3500,4000,3750
Tamil Nadu,Krishnagiri,Avallapalli(Uzhavar Sandhai ),Green Avare(W),Green Avare (W),Local,06-09-2026,5000,5500,5250
Tamil Nadu,Krishnagiri,Avallapalli(Uzhavar Sandhai ),Tamarind Fruit,Tamarind Fruit,Local,06-09-2026,9000,10000,9500
Tamil Nadu,Dharmapuri,Karimangalam(Uzhavar Sandhai),Coconut,Coconut,Local,06-09-2026,6500,7000,6750
Tamil Nadu,Dharmapuri,Karimangalam(Uzhavar Sandhai),Carrot,Pusakesar,Local,06-09-2026,6000,6500,6250
Tamil Nadu,Dharmapuri,Karimangalam(Uzhavar Sandhai),Beetroot,Beetroot,Local,06-09-2026,5000,5500,5250
Tamil Nadu,Dharmapuri,Karimangalam(Uzhavar Sandhai),Bhindi(Ladies Finger),Bhindi,Local,06-09-2026,1800,2000,1900
Tamil Nadu,Dharmapuri,Karimangalam(Uzhavar Sandhai),Green Chilli,Green Chilly,Local,06-09-2026,3800,4000,3900
Tamil Nadu,Dharmapuri,Karimangalam(Uzhavar Sandhai),Beans,Beans (Whole),Local,06-09-2026,9000,10000,9500
Tamil Nadu,Dharmapuri,Karimangalam(Uzhavar Sandhai),Knool Khol,Knool Khol,Local,06-09-2026,4000,4400,4200
Tamil Nadu,Krishnagiri,Denkanikottai(Uzhavar Sandhai ),Coconut,Coconut,Local,06-09-2026,5000,5500,5250
Tamil Nadu,Krishnagiri,Denkanikottai(Uzhavar Sandhai ),Sweet Potato,Hosur Red,Local,06-09-2026,4000,4500,4250
Tamil Nadu,Krishnagiri,Denkanikottai(Uzhavar Sandhai ),Beetroot,Beetroot,Local,06-09-2026,2500,3000,2750
Tamil Nadu,Krishnagiri,Denkanikottai(Uzhavar Sandhai ),Onion,Bellary,Local,06-09-2026,5000,6000,5500
Tamil Nadu,Krishnagiri,Denkanikottai(Uzhavar Sandhai ),Tomato,Deshi,Local,06-09-2026,2000,2500,2250
Tamil Nadu,Krishnagiri,Denkanikottai(Uzhavar Sandhai ),Cowpea(Veg),Cowpea (Veg),Local,06-09-2026,5500,6000,5750
Tamil Nadu,Krishnagiri,Denkanikottai(Uzhavar Sandhai ),Beans,Beans (Whole),Local,06-09-2026,6000,7000,6500
Tamil Nadu,Krishnagiri,Denkanikottai(Uzhavar Sandhai ),Thondekai,Thondekai,Local,06-09-2026,2000,2500,2250
Tamil Nadu,Krishnagiri,Denkanikottai(Uzhavar Sandhai ),Capsicum,Capsicum,Local,06-09-2026,3000,3500,3250
Tamil Nadu,Krishnagiri,Denkanikottai(Uzhavar Sandhai ),Lemon,Lemon,Local,06-09-2026,16000,18000,17000
Tamil Nadu,Krishnagiri,Denkanikottai(Uzhavar Sandhai ),Mint(Pudina),Mint(Pudina),Local,06-09-2026,3000,3500,3250
Tamil Nadu,Krishnagiri,Hosur(Uzhavar Sandhai ),Sweet Potato,Hosur Red,Local,06-09-2026,3500,4000,3750
Tamil Nadu,Krishnagiri,Hosur(Uzhavar Sandhai ),Snakeguard,Snakeguard,Local,06-09-2026,2500,3000,2750
Tamil Nadu,Krishnagiri,Hosur(Uzhavar Sandhai ),Cauliflower,Ranchi,Local,06-09-2026,3000,3500,3250
Tamil Nadu,Krishnagiri,Hosur(Uzhavar Sandhai ),Cluster beans,Cluster Beans,Local,06-09-2026,3500,4000,3750
Tamil Nadu,Krishnagiri,Hosur(Uzhavar Sandhai ),Bottle gourd,Bottle Gourd,Local,06-09-2026,1500,2000,1750
Tamil Nadu,Krishnagiri,Hosur(Uzhavar Sandhai ),Cowpea(Veg),Cowpea (Veg),Local,06-09-2026,5500,6000,5750
Tamil Nadu,Krishnagiri,Hosur(Uzhavar Sandhai ),Banana - Green,Banana - Green,Local,06-09-2026,4500,5000,4750
Tamil Nadu,Krishnagiri,Hosur(Uzhavar Sandhai ),Karbuja(Musk Melon),Karbhuja,Local,06-09-2026,4500,5000,4750
Tamil Nadu,Krishnagiri,Hosur(Uzhavar Sandhai ),Tamarind Fruit,Tamarind Fruit,Local,06-09-2026,12000,15000,13500
Tamil Nadu,Krishnagiri,Hosur(Uzhavar Sandhai ),Elephant Yam(Suran)/Amorphophallus,Elephant Yam (Suran),Local,06-09-2026,3500,4000,3750
Tamil Nadu,Krishnagiri,Hosur(Uzhavar Sandhai ),Lemon,Lemon,Local,06-09-2026,12000,15000,13500
Tamil Nadu,Madurai,Anaiyur(Uzhavar Sandhai ),Coconut,Coconut,Local,06-09-2026,6800,7000,6900
Tamil Nadu,Madurai,Anaiyur(Uzhavar Sandhai ),Cucumbar(Kheera),Cucumbar,Local,06-09-2026,4000,5000,4500
Tamil Nadu,Madurai,Anaiyur(Uzhavar Sandhai ),Mango,Safeda,Local,06-09-2026,7000,8000,7500
Tamil Nadu,Madurai,Anaiyur(Uzhavar Sandhai ),Grapes,Annabesahai,Local,06-09-2026,11000,12000,11500
Tamil Nadu,Madurai,Anaiyur(Uzhavar Sandhai ),Potato,Red Nanital,Local,06-09-2026,3000,5500,4250
Tamil Nadu,Madurai,Anaiyur(Uzhavar Sandhai ),Brinjal,Round,Local,06-09-2026,4200,5000,4600
Tamil Nadu,Madurai,Anaiyur(Uzhavar Sandhai ),Coriander(Leaves),I Sort,Local,06-09-2026,4000,5000,4500
Tamil Nadu,Madurai,Anaiyur(Uzhavar Sandhai ),Water Melon,Water Melon,Local,06-09-2026,2000,2500,2250
Tamil Nadu,Madurai,Anaiyur(Uzhavar Sandhai ),Bitter gourd,Bitter Gourd,Local,06-09-2026,5000,6500,5750
Tamil Nadu,Madurai,Anaiyur(Uzhavar Sandhai ),Bottle gourd,Bottle Gourd,Local,06-09-2026,2000,3000,2500
Tamil Nadu,Madurai,Anaiyur(Uzhavar Sandhai ),Raddish,Raddish,Local,06-09-2026,2400,2800,2600
Tamil Nadu,Madurai,Anaiyur(Uzhavar Sandhai ),Green Avare(W),Green Avare (W),Local,06-09-2026,6000,9000,7500
Tamil Nadu,Madurai,Anaiyur(Uzhavar Sandhai ),Chow Chow,Chow Chow,Local,06-09-2026,2800,3200,3000
Tamil Nadu,Madurai,Anaiyur(Uzhavar Sandhai ),Mango(Raw-Ripe),Mango - Raw-Ripe,Local,06-09-2026,9000,10000,9500
Tamil Nadu,Madurai,Anaiyur(Uzhavar Sandhai ),Colacasia,Colacasia,Local,06-09-2026,5000,6000,5500
Tamil Nadu,Madurai,Usilampatti(Uzhavar Sandhai ),Coconut,Coconut,Local,06-09-2026,6800,7000,6900
Tamil Nadu,Madurai,Usilampatti(Uzhavar Sandhai ),Onion,Bellary,Local,06-09-2026,6000,6500,6250
Tamil Nadu,Madurai,Usilampatti(Uzhavar Sandhai ),Bitter gourd,Other,Local,06-09-2026,4500,5000,4750
Tamil Nadu,Madurai,Usilampatti(Uzhavar Sandhai ),Amaranthus,Amaranthus,Local,06-09-2026,3000,3600,3300
Tamil Nadu,Madurai,Usilampatti(Uzhavar Sandhai ),Drumstick,Drumstick,Local,06-09-2026,4000,5000,4500
Tamil Nadu,Madurai,Usilampatti(Uzhavar Sandhai ),Indian Beans(Seam),Indian Beans (Seam),Local,06-09-2026,5500,6000,5750
Tamil Nadu,Nagapattinam,Sirkali(Uzhavar Sandhai ),Cauliflower,Ranchi,Local,06-09-2026,5000,5000,5000
Tamil Nadu,Nagapattinam,Sirkali(Uzhavar Sandhai ),Tomato,Deshi,Local,06-09-2026,2500,3000,2750
Tamil Nadu,Nagapattinam,Sirkali(Uzhavar Sandhai ),Cluster beans,Cluster Beans,Local,06-09-2026,4500,5000,4750
Tamil Nadu,Nagapattinam,Sirkali(Uzhavar Sandhai ),Bitter gourd,Bitter Gourd,Local,06-09-2026,5500,6000,5750
Tamil Nadu,Nagapattinam,Sirkali(Uzhavar Sandhai ),Green Chilli,Green Chilly,Local,06-09-2026,5500,6000,5750
Tamil Nadu,Nagapattinam,Sirkali(Uzhavar Sandhai ),Raddish,Raddish,Local,06-09-2026,3600,4000,3800
Tamil Nadu,Nagapattinam,Sirkali(Uzhavar Sandhai ),Mango(Raw-Ripe),Mango - Raw-Ripe,Local,06-09-2026,6500,7000,6750
Tamil Nadu,Nagapattinam,Sirkali(Uzhavar Sandhai ),Tender Coconut,Tender Coconut,Local,06-09-2026,2000,2500,2250
Tamil Nadu,Nagapattinam,Sirkali(Uzhavar Sandhai ),Tamarind Fruit,Tamarind Fruit,Local,06-09-2026,15000,15000,15000
Tamil Nadu,Namakkal,Kumarapalayam(Uzhavar Sandhai ),Cabbage,Cabbage,Local,06-09-2026,3600,4000,3800
Tamil Nadu,Namakkal,Kumarapalayam(Uzhavar Sandhai ),Beetroot,Beetroot,Local,06-09-2026,6000,7000,6500
Tamil Nadu,Namakkal,Kumarapalayam(Uzhavar Sandhai ),Potato,Other,Local,06-09-2026,2800,3000,2900
Tamil Nadu,Namakkal,Kumarapalayam(Uzhavar Sandhai ),Papaya,Papaya,Local,06-09-2026,2500,3000,2750
Tamil Nadu,Namakkal,Kumarapalayam(Uzhavar Sandhai ),Mousambi(Sweet Lime),Mousambi,Local,06-09-2026,3000,3500,3250
Tamil Nadu,Namakkal,Kumarapalayam(Uzhavar Sandhai ),Cluster beans,Cluster Beans,Local,06-09-2026,2600,3000,2800
Tamil Nadu,Namakkal,Kumarapalayam(Uzhavar Sandhai ),Bottle gourd,Bottle Gourd,Local,06-09-2026,1800,2000,1900
Tamil Nadu,Namakkal,Kumarapalayam(Uzhavar Sandhai ),Ginger(Green),Green Ginger,Local,06-09-2026,17000,18000,17500
Tamil Nadu,Namakkal,Kumarapalayam(Uzhavar Sandhai ),Coconut,Coconut,Local,06-09-2026,5600,6000,5800
Tamil Nadu,Namakkal,Kumarapalayam(Uzhavar Sandhai ),Drumstick,Drumstick,Local,06-09-2026,2500,3000,2750
Tamil Nadu,Namakkal,Kumarapalayam(Uzhavar Sandhai ),Onion Green,Onion Green,Local,06-09-2026,5000,7000,6000
Tamil Nadu,Namakkal,Mohanur(Uzhavar Sandhai ),Snakeguard,Snakeguard,Local,06-09-2026,5000,5500,5250
Tamil Nadu,Namakkal,Mohanur(Uzhavar Sandhai ),Bottle gourd,Bottle Gourd,Local,06-09-2026,1500,2000,1750
Tamil Nadu,Namakkal,Mohanur(Uzhavar Sandhai ),Amaranthus,Amaranthus,Local,06-09-2026,4500,5000,4750
Tamil Nadu,Namakkal,Mohanur(Uzhavar Sandhai ),Ginger(Green),Green Ginger,Local,06-09-2026,18000,20000,19000
Tamil Nadu,Namakkal,Mohanur(Uzhavar Sandhai ),Green Avare(W),Other,Local,06-09-2026,7000,8000,7500
Tamil Nadu,Namakkal,Mohanur(Uzhavar Sandhai ),Tender Coconut,Tender Coconut,Local,06-09-2026,3000,3500,3250
Tamil Nadu,Namakkal,Mohanur(Uzhavar Sandhai ),Mint(Pudina),Mint(Pudina),Local,06-09-2026,5000,6000,5500
Tamil Nadu,Namakkal,Namakkal(Uzhavar Sandhai ),Snakeguard,Snakeguard,Local,06-09-2026,4500,5000,4750
Tamil Nadu,Namakkal,Namakkal(Uzhavar Sandhai ),Chow Chow,Chow Chow,Local,06-09-2026,3000,3400,3200
Tamil Nadu,Namakkal,Namakkal(Uzhavar Sandhai ),Jasmine,Jasmine,Local,06-09-2026,35000,40000,37500
Tamil Nadu,Namakkal,Namakkal(Uzhavar Sandhai ),Lemon,Lemon,Local,06-09-2026,10000,12000,11000
Tamil Nadu,Namakkal,Namakkal(Uzhavar Sandhai ),Amla(Nelli Kai),Amla,Local,06-09-2026,7000,8000,7500
Tamil Nadu,Namakkal,Namakkal(Uzhavar Sandhai ),Onion Green,Onion Green,Local,06-09-2026,3500,7500,5500
Tamil Nadu,Namakkal,Paramathivelur(Uzhavar Sandhai ),Coconut,Coconut,Local,06-09-2026,5000,6000,5500
Tamil Nadu,Namakkal,Paramathivelur(Uzhavar Sandhai ),Coriander(Leaves),I Sort,Local,06-09-2026,6000,7000,6500
Tamil Nadu,Namakkal,Paramathivelur(Uzhavar Sandhai ),Tomato,Local,Local,06-09-2026,2500,3000,2750
Tamil Nadu,Namakkal,Paramathivelur(Uzhavar Sandhai ),Bottle gourd,Bottle Gourd,Local,06-09-2026,1500,2000,1750
Tamil Nadu,Namakkal,Paramathivelur(Uzhavar Sandhai ),Banana - Green,Banana - Green,Local,06-09-2026,3000,4000,3500
Tamil Nadu,Namakkal,Paramathivelur(Uzhavar Sandhai ),Beans,Beans (Whole),Local,06-09-2026,7000,8000,7500
Tamil Nadu,Namakkal,Paramathivelur(Uzhavar Sandhai ),Ginger(Green),Green Ginger,Local,06-09-2026,20000,21000,20500
Tamil Nadu,Namakkal,Paramathivelur(Uzhavar Sandhai ),Drumstick,Drumstick,Local,06-09-2026,2000,2500,2250
Tamil Nadu,Namakkal,Paramathivelur(Uzhavar Sandhai ),Tender Coconut,Tender Coconut,Local,06-09-2026,3000,3500,3250
Tamil Nadu,Namakkal,Paramathivelur(Uzhavar Sandhai ),Lemon,Lemon,Local,06-09-2026,10800,12000,11400
Tamil Nadu,Namakkal,Paramathivelur(Uzhavar Sandhai ),Amla(Nelli Kai),Amla,Local,06-09-2026,7200,8000,7600
Tamil Nadu,Namakkal,Rasipuram(Uzhavar Sandhai ),Carrot,Pusakesar,Local,06-09-2026,6500,7500,7000
Tamil Nadu,Namakkal,Rasipuram(Uzhavar Sandhai ),Beetroot,Beetroot,Local,06-09-2026,6500,7500,7000
Tamil Nadu,Namakkal,Rasipuram(Uzhavar Sandhai ),Banana,Red Banana,Local,06-09-2026,7000,7500,7250
Tamil Nadu,Namakkal,Rasipuram(Uzhavar Sandhai ),Papaya,Papaya,Local,06-09-2026,3000,3500,3250
Tamil Nadu,Namakkal,Rasipuram(Uzhavar Sandhai ),Pumpkin,Pumpkin,Local,06-09-2026,2200,2600,2400
Tamil Nadu,Namakkal,Rasipuram(Uzhavar Sandhai ),Bhindi(Ladies Finger),Bhindi,Local,06-09-2026,3400,4000,3700
Tamil Nadu,Namakkal,Rasipuram(Uzhavar Sandhai ),Amaranthus,Amaranthus,Local,06-09-2026,3500,4000,3750
Tamil Nadu,Namakkal,Rasipuram(Uzhavar Sandhai ),Raddish,Raddish,Local,06-09-2026,2600,3200,2900
Tamil Nadu,Namakkal,Rasipuram(Uzhavar Sandhai ),Tapioca,Tapioca,Local,06-09-2026,3800,4000,3900
Tamil Nadu,Namakkal,Rasipuram(Uzhavar Sandhai ),Coconut,Coconut,Local,06-09-2026,6000,6200,6100
Tamil Nadu,Namakkal,Rasipuram(Uzhavar Sandhai ),Drumstick,Drumstick,Local,06-09-2026,2100,2600,2350
Tamil Nadu,Namakkal,Rasipuram(Uzhavar Sandhai ),Mango(Raw-Ripe),Mango - Raw-Ripe,Local,06-09-2026,4500,5500,5000
Tamil Nadu,Namakkal,Rasipuram(Uzhavar Sandhai ),Elephant Yam(Suran)/Amorphophallus,Elephant Yam (Suran),Local,06-09-2026,3500,4000,3750
Tamil Nadu,Namakkal,Rasipuram(Uzhavar Sandhai ),Onion Green,Onion Green,Local,06-09-2026,5400,8000,6700
Tamil Nadu,Namakkal,Rasipuram(Uzhavar Sandhai ),Mint(Pudina),Mint(Pudina),Local,06-09-2026,5500,6000,5750
Tamil Nadu,Thanjavur,Tirukattupalli(Uzhavar Sandhai ),Banana,Besrai,Local,06-09-2026,6500,6500,6500
Tamil Nadu,Thanjavur,Tirukattupalli(Uzhavar Sandhai ),Potato,Red Nanital,Local,06-09-2026,3000,3400,3200
Tamil Nadu,Thanjavur,Tirukattupalli(Uzhavar Sandhai ),Raddish,Raddish,Local,06-09-2026,2600,2600,2600
Tamil Nadu,Thanjavur,Tirukattupalli(Uzhavar Sandhai ),Onion Green,Onion Green,Local,06-09-2026,8000,8000,8000
Tamil Nadu,Madurai,Palanganatham(Uzhavar Sandhai ),Orange,Darjeeling,Local,06-09-2026,12000,16000,14000
Tamil Nadu,Madurai,Palanganatham(Uzhavar Sandhai ),Banana,Besrai,Local,06-09-2026,3600,4000,3800
Tamil Nadu,Madurai,Palanganatham(Uzhavar Sandhai ),Green Peas,Green Peas,Local,06-09-2026,14000,16000,15000
Tamil Nadu,Madurai,Palanganatham(Uzhavar Sandhai ),Ashgourd,Gouard,Local,06-09-2026,1600,2000,1800
Tamil Nadu,Madurai,Palanganatham(Uzhavar Sandhai ),Pumpkin,Pumpkin,Local,06-09-2026,1600,2000,1800
Tamil Nadu,Madurai,Palanganatham(Uzhavar Sandhai ),Bhindi(Ladies Finger),Bhindi,Local,06-09-2026,3000,3200,3100
Tamil Nadu,Madurai,Palanganatham(Uzhavar Sandhai ),Banana - Green,Banana - Green,Local,06-09-2026,1500,2000,1750
Tamil Nadu,Madurai,Palanganatham(Uzhavar Sandhai ),Indian Beans(Seam),Indian Beans (Seam),Local,06-09-2026,5000,6000,5500
Tamil Nadu,Madurai,Palanganatham(Uzhavar Sandhai ),Amla(Nelli Kai),Amla,Local,06-09-2026,7000,8000,7500
Tamil Nadu,Madurai,Anna nagar(Uzhavar Sandhai ),Carrot,Pusakesar,Local,06-09-2026,6800,7000,6900
Tamil Nadu,Madurai,Anna nagar(Uzhavar Sandhai ),Bitter gourd,Bitter Gourd,Local,06-09-2026,5500,6500,6000
Tamil Nadu,Madurai,Anna nagar(Uzhavar Sandhai ),Green Avare(W),Green Avare (W),Local,06-09-2026,8000,9000,8500
Tamil Nadu,Madurai,Anna nagar(Uzhavar Sandhai ),Snakeguard,Snakeguard,Local,06-09-2026,3600,4600,4100
Tamil Nadu,Madurai,Anna nagar(Uzhavar Sandhai ),Grapes,Annabesahai,Local,06-09-2026,10000,10000,10000
Tamil Nadu,Madurai,Anna nagar(Uzhavar Sandhai ),Ridgeguard(Tori),Ridgeguard(Tori),Local,06-09-2026,4600,5000,4800
Tamil Nadu,Madurai,Anna nagar(Uzhavar Sandhai ),Papaya,Papaya,Local,06-09-2026,4500,4600,4550
Tamil Nadu,Madurai,Anna nagar(Uzhavar Sandhai ),Mousambi(Sweet Lime),Mousambi,Local,06-09-2026,6500,6500,6500
Tamil Nadu,Madurai,Anna nagar(Uzhavar Sandhai ),Bottle gourd,Bottle Gourd,Local,06-09-2026,2000,2600,2300
Tamil Nadu,Madurai,Anna nagar(Uzhavar Sandhai ),Beans,Beans (Whole),Local,06-09-2026,8800,9000,8900
Tamil Nadu,Madurai,Anna nagar(Uzhavar Sandhai ),Lime,Lime,Local,06-09-2026,4600,4600,4600
Tamil Nadu,Madurai,Anna nagar(Uzhavar Sandhai ),Karbuja(Musk Melon),Karbhuja,Local,06-09-2026,6000,6000,6000
Tamil Nadu,Madurai,Anna nagar(Uzhavar Sandhai ),Onion Green,Onion Green,Local,06-09-2026,7000,7800,7400
Tamil Nadu,Madurai,Anna nagar(Uzhavar Sandhai ),Mint(Pudina),Mint(Pudina),Local,06-09-2026,5600,5600,5600
Tamil Nadu,Perambalur,Perambalur(Uzhavar Sandhai ),Cabbage,Cabbage,Local,06-09-2026,3200,3200,3200
Tamil Nadu,Perambalur,Perambalur(Uzhavar Sandhai ),Cucumbar(Kheera),Cucumbar,Local,06-09-2026,4500,5200,4850
Tamil Nadu,Perambalur,Perambalur(Uzhavar Sandhai ),Ridgeguard(Tori),Ridgeguard(Tori),Local,06-09-2026,5000,6000,5500
Tamil Nadu,Perambalur,Perambalur(Uzhavar Sandhai ),Banana,Red Banana,Local,06-09-2026,7000,8000,7500
Tamil Nadu,Perambalur,Perambalur(Uzhavar Sandhai ),Coriander(Leaves),I Sort,Local,06-09-2026,2500,3000,2750
Tamil Nadu,Perambalur,Perambalur(Uzhavar Sandhai ),Bitter gourd,Other,Local,06-09-2026,5200,6000,5600
Tamil Nadu,Perambalur,Perambalur(Uzhavar Sandhai ),Drumstick,Drumstick,Local,06-09-2026,2000,2000,2000
Tamil Nadu,Perambalur,Perambalur(Uzhavar Sandhai ),Colacasia,Colacasia,Local,06-09-2026,5000,6000,5500
Tamil Nadu,Salem,Mecheri(Uzhavar Sandhai),Snakeguard,Snakeguard,Local,06-09-2026,3500,3800,3650
Tamil Nadu,Salem,Mecheri(Uzhavar Sandhai),Brinjal,Other,Local,06-09-2026,3000,3500,3250
Tamil Nadu,Salem,Mecheri(Uzhavar Sandhai),Tomato,Deshi,Local,06-09-2026,2000,2500,2250
Tamil Nadu,Salem,Mecheri(Uzhavar Sandhai),Bitter gourd,Bitter Gourd,Local,06-09-2026,4500,5000,4750
Tamil Nadu,Salem,Mecheri(Uzhavar Sandhai),Pumpkin,Pumpkin,Local,06-09-2026,1500,2000,1750
Tamil Nadu,Salem,Mecheri(Uzhavar Sandhai),Green Chilli,Green Chilly,Local,06-09-2026,4000,4500,4250
Tamil Nadu,Ranipet,Arcot(Uzhavar Sandhai ),Cabbage,Cabbage,Local,06-09-2026,3000,3000,3000
Tamil Nadu,Ranipet,Arcot(Uzhavar Sandhai ),Potato,Red Nanital,Local,06-09-2026,3000,3000,3000
Tamil Nadu,Ranipet,Arcot(Uzhavar Sandhai ),Ashgourd,Gouard,Local,06-09-2026,3000,3000,3000
Tamil Nadu,Ranipet,Arcot(Uzhavar Sandhai ),Pumpkin,Pumpkin,Local,06-09-2026,3000,3000,3000
Tamil Nadu,Ranipet,Arcot(Uzhavar Sandhai ),Green Chilli,Green Chilly,Local,06-09-2026,6000,6000,6000
Tamil Nadu,Ranipet,Arcot(Uzhavar Sandhai ),Beans,Beans (Whole),Local,06-09-2026,8000,8000,8000
Tamil Nadu,Ranipet,Arcot(Uzhavar Sandhai ),Tapioca,Tapioca,Local,06-09-2026,3000,3000,3000
Tamil Nadu,Ranipet,Arcot(Uzhavar Sandhai ),Chow Chow,Chow Chow,Local,06-09-2026,4000,4000,4000
Tamil Nadu,Ranipet,Ranipettai(Uzhavar Sandhai ),Cucumbar(Kheera),Cucumbar,Local,06-09-2026,4000,4000,4000
Tamil Nadu,Ranipet,Ranipettai(Uzhavar Sandhai ),Coriander(Leaves),I Sort,Local,06-09-2026,3000,3000,3000
Tamil Nadu,Ranipet,Ranipettai(Uzhavar Sandhai ),Cowpea(Veg),Cowpea (Veg),Local,06-09-2026,4000,5000,4500
Tamil Nadu,Ranipet,Ranipettai(Uzhavar Sandhai ),Beans,Beans (Whole),Local,06-09-2026,7000,8000,7500
Tamil Nadu,Ranipet,Ranipettai(Uzhavar Sandhai ),Capsicum,Capsicum,Local,06-09-2026,4800,4800,4800
Tamil Nadu,Ranipet,Ranipettai(Uzhavar Sandhai ),Chow Chow,Chow Chow,Local,06-09-2026,3500,3500,3500
Tamil Nadu,Ranipet,Ranipettai(Uzhavar Sandhai ),Tender Coconut,Tender Coconut,Local,06-09-2026,3000,4000,3500
Tamil Nadu,Ranipet,Ranipettai(Uzhavar Sandhai ),Lemon,Lemon,Local,06-09-2026,20000,20000,20000
Tamil Nadu,Ranipet,Ranipettai(Uzhavar Sandhai ),Custard Apple(Sharifa),Custard Apple(Sharifa),Local,06-09-2026,8000,8000,8000
Tamil Nadu,Ranipet,Ranipettai(Uzhavar Sandhai ),Onion Green,Onion Green,Local,06-09-2026,8800,8800,8800
Tamil Nadu,Ranipet,Ranipettai(Uzhavar Sandhai ),Rose(Local),Rose (Local),Local,06-09-2026,18000,24000,21000
Tamil Nadu,Salem,Ammapet(Uzhavar Sandhai ),Beetroot,Beetroot,Local,06-09-2026,5000,6500,5750
Tamil Nadu,Salem,Ammapet(Uzhavar Sandhai ),Cucumbar(Kheera),Cucumbar,Local,06-09-2026,4000,5000,4500
Tamil Nadu,Salem,Ammapet(Uzhavar Sandhai ),Ridgeguard(Tori),Ridgeguard(Tori),Local,06-09-2026,3800,4000,3900
Tamil Nadu,Salem,Ammapet(Uzhavar Sandhai ),Banana,Red Banana,Local,06-09-2026,7600,8000,7800
Tamil Nadu,Salem,Ammapet(Uzhavar Sandhai ),Tomato,Local,Local,06-09-2026,2000,2400,2200
Tamil Nadu,Salem,Ammapet(Uzhavar Sandhai ),Cluster beans,Cluster Beans,Local,06-09-2026,3000,3500,3250
Tamil Nadu,Salem,Ammapet(Uzhavar Sandhai ),Bottle gourd,Bottle Gourd,Local,06-09-2026,2500,2800,2650
Tamil Nadu,Salem,Ammapet(Uzhavar Sandhai ),Green Chilli,Green Chilly,Local,06-09-2026,3800,4000,3900
Tamil Nadu,Salem,Ammapet(Uzhavar Sandhai ),Coconut,Coconut,Local,06-09-2026,6000,6500,6250
Tamil Nadu,Salem,Ammapet(Uzhavar Sandhai ),Chow Chow,Chow Chow,Local,06-09-2026,3600,4000,3800
Tamil Nadu,Salem,Ammapet(Uzhavar Sandhai ),Knool Khol,Knool Khol,Local,06-09-2026,3800,4000,3900
Tamil Nadu,Salem,Ammapet(Uzhavar Sandhai ),Indian Beans(Seam),Indian Beans (Seam),Local,06-09-2026,5600,6000,5800
Tamil Nadu,Salem,Mettur(Uzhavar Sandhai ),Garlic,Garlic,Local,06-09-2026,23000,25000,24000
Tamil Nadu,Salem,Mettur(Uzhavar Sandhai ),Coriander(Leaves),I Sort,Local,06-09-2026,3500,4000,3750
Tamil Nadu,Salem,Mettur(Uzhavar Sandhai ),Tomato,Local,Local,06-09-2026,2000,2800,2400
Tamil Nadu,Salem,Mettur(Uzhavar Sandhai ),Ashgourd,Gouard,Local,06-09-2026,1500,2000,1750
Tamil Nadu,Salem,Mettur(Uzhavar Sandhai ),Raddish,Raddish,Local,06-09-2026,1500,2000,1750
Tamil Nadu,Salem,Mettur(Uzhavar Sandhai ),Tapioca,Tapioca,Local,06-09-2026,3000,3500,3250
Tamil Nadu,Salem,Mettur(Uzhavar Sandhai ),Ginger(Green),Green Ginger,Local,06-09-2026,15000,16000,15500
Tamil Nadu,Salem,Mettur(Uzhavar Sandhai ),Tender Coconut,Tender Coconut,Local,06-09-2026,3500,4000,3750
Tamil Nadu,Salem,Mettur(Uzhavar Sandhai ),Indian Beans(Seam),Indian Beans (Seam),Local,06-09-2026,5500,6000,5750
Tamil Nadu,Salem,Sooramangalam(Uzhavar Sandhai ),Beetroot,Beetroot,Local,06-09-2026,6000,6500,6250
Tamil Nadu,Salem,Sooramangalam(Uzhavar Sandhai ),Tomato,Local,Local,06-09-2026,2200,2500,2350
Tamil Nadu,Salem,Sooramangalam(Uzhavar Sandhai ),Ashgourd,Gouard,Local,06-09-2026,1500,1800,1650
Tamil Nadu,Salem,Sooramangalam(Uzhavar Sandhai ),Amaranthus,Amaranthus,Local,06-09-2026,1800,2000,1900
Tamil Nadu,Salem,Sooramangalam(Uzhavar Sandhai ),Cowpea(Veg),Cowpea (Veg),Local,06-09-2026,4000,4500,4250
Tamil Nadu,Salem,Sooramangalam(Uzhavar Sandhai ),Tapioca,Tapioca,Local,06-09-2026,3500,4000,3750
Tamil Nadu,Salem,Sooramangalam(Uzhavar Sandhai ),Ginger(Green),Green Ginger,Local,06-09-2026,16000,16500,16250
Tamil Nadu,Salem,Sooramangalam(Uzhavar Sandhai ),Knool Khol,Knool Khol,Local,06-09-2026,3800,4000,3900
Tamil Nadu,Salem,Sooramangalam(Uzhavar Sandhai ),Lime,Lime,Local,06-09-2026,3500,4000,3750
Tamil Nadu,Salem,Sooramangalam(Uzhavar Sandhai ),Indian Beans(Seam),Indian Beans (Seam),Local,06-09-2026,5500,6000,5750
Tamil Nadu,Salem,Sooramangalam(Uzhavar Sandhai ),Rose(Local),Rose (Local),Local,06-09-2026,7000,8000,7500
Tamil Nadu,Thiruchirappalli,Thuraiyur APMC,Cluster beans,Cluster Beans,Local,06-09-2026,3000,3500,3250
Tamil Nadu,Thiruchirappalli,Thuraiyur APMC,Bhindi(Ladies Finger),Bhindi,Local,06-09-2026,3000,3500,3250
Tamil Nadu,Thiruchirappalli,Thuraiyur APMC,Amaranthus,Amaranthus,Local,06-09-2026,1500,2000,1750
Tamil Nadu,Thiruchirappalli,Thuraiyur APMC,Beans,Beans (Whole),Local,06-09-2026,7500,8600,8050
Tamil Nadu,Thiruchirappalli,Thuraiyur APMC,Raddish,Raddish,Local,06-09-2026,3000,3500,3250
Tamil Nadu,Thiruchirappalli,Thuraiyur APMC,Capsicum,Capsicum,Local,06-09-2026,4500,5000,4750
Tamil Nadu,Thiruchirappalli,Thuraiyur APMC,Chow Chow,Chow Chow,Local,06-09-2026,3200,3800,3500
Tamil Nadu,Thiruchirappalli,Thuraiyur APMC,Elephant Yam(Suran)/Amorphophallus,Elephant Yam (Suran),Local,06-09-2026,4000,4500,4250
Tamil Nadu,Thiruchirappalli,Thuraiyur APMC,Lemon,Lemon,Local,06-09-2026,16000,18000,17000
Tamil Nadu,Salem,Thammampatti (Uzhavar Sandhai ),Snakeguard,Snakeguard,Local,06-09-2026,3000,3500,3250
Tamil Nadu,Salem,Thammampatti (Uzhavar Sandhai ),Bhindi(Ladies Finger),Bhindi,Local,06-09-2026,2000,2600,2300
Tamil Nadu,Salem,Thammampatti (Uzhavar Sandhai ),Banana - Green,Banana - Green,Local,06-09-2026,2000,2500,2250
Tamil Nadu,Salem,Thammampatti (Uzhavar Sandhai ),Beans,Beans (Whole),Local,06-09-2026,7500,8000,7750
Tamil Nadu,Salem,Thammampatti (Uzhavar Sandhai ),Knool Khol,Knool Khol,Local,06-09-2026,4000,4000,4000
Tamil Nadu,Salem,Thammampatti (Uzhavar Sandhai ),Lime,Lime,Local,06-09-2026,4000,4000,4000
Tamil Nadu,Salem,Thathakapatti(Uzhavar Sandhai ),Cucumbar(Kheera),Cucumbar,Local,06-09-2026,4000,5000,4500
Tamil Nadu,Salem,Thathakapatti(Uzhavar Sandhai ),Banana,Besrai,Local,06-09-2026,4000,8000,6000
Tamil Nadu,Salem,Thathakapatti(Uzhavar Sandhai ),Coriander(Leaves),I Sort,Local,06-09-2026,3500,4000,3750
Tamil Nadu,Salem,Thathakapatti(Uzhavar Sandhai ),Papaya,Papaya,Local,06-09-2026,3500,4000,3750
Tamil Nadu,Salem,Thathakapatti(Uzhavar Sandhai ),Tomato,Deshi,Local,06-09-2026,2000,2600,2300
Tamil Nadu,Salem,Thathakapatti(Uzhavar Sandhai ),Bottle gourd,Bottle Gourd,Local,06-09-2026,2500,3000,2750
Tamil Nadu,Salem,Thathakapatti(Uzhavar Sandhai ),Ashgourd,Gouard,Local,06-09-2026,1800,2000,1900
Tamil Nadu,Salem,Thathakapatti(Uzhavar Sandhai ),Pumpkin,Pumpkin,Local,06-09-2026,1800,2000,1900
Tamil Nadu,Salem,Thathakapatti(Uzhavar Sandhai ),Ginger(Green),Green Ginger,Local,06-09-2026,15000,16000,15500
Tamil Nadu,Salem,Thathakapatti(Uzhavar Sandhai ),Thondekai,Thondekai,Local,06-09-2026,3000,4000,3500
Tamil Nadu,Salem,Thathakapatti(Uzhavar Sandhai ),Chow Chow,Chow Chow,Local,06-09-2026,3400,3600,3500
Tamil Nadu,Salem,Thathakapatti(Uzhavar Sandhai ),Knool Khol,Knool Khol,Local,06-09-2026,3000,4000,3500
Tamil Nadu,Salem,Thathakapatti(Uzhavar Sandhai ),Guava,Guava Allahabad,Local,06-09-2026,5000,6000,5500
Tamil Nadu,Salem,Thathakapatti(Uzhavar Sandhai ),Pomegranate,Pomogranate,Local,06-09-2026,12000,16000,14000
Tamil Nadu,Salem,Thathakapatti(Uzhavar Sandhai ),Kakada,Kakada,Local,06-09-2026,25000,30000,27500
Tamil Nadu,Salem,Thathakapatti(Uzhavar Sandhai ),Marigold(Calcutta),Marigold(Calcutta),Local,06-09-2026,12000,14000,13000
Tamil Nadu,Salem,Thathakapatti(Uzhavar Sandhai ),Elephant Yam(Suran)/Amorphophallus,Elephant Yam (Suran),Local,06-09-2026,5000,5500,5250
Tamil Nadu,Salem,Thathakapatti(Uzhavar Sandhai ),Onion Green,Onion Green,Local,06-09-2026,6000,6800,6400
Tamil Nadu,Theni,Chinnamanur(Uzhavar Sandhai ),Snakeguard,Snakeguard,Local,06-09-2026,3000,3000,3000
Tamil Nadu,Theni,Chinnamanur(Uzhavar Sandhai ),Cucumbar(Kheera),Cucumbar,Local,06-09-2026,4000,4000,4000
Tamil Nadu,Theni,Chinnamanur(Uzhavar Sandhai ),Onion,Bellary,Local,06-09-2026,6200,6400,6300
Tamil Nadu,Theni,Chinnamanur(Uzhavar Sandhai ),Pumpkin,Pumpkin,Local,06-09-2026,1500,1500,1500
Tamil Nadu,Theni,Chinnamanur(Uzhavar Sandhai ),Bhindi(Ladies Finger),Bhindi,Local,06-09-2026,2600,2600,2600
Tamil Nadu,Theni,Chinnamanur(Uzhavar Sandhai ),Green Chilli,Green Chilly,Local,06-09-2026,4000,4400,4200
Tamil Nadu,Theni,Chinnamanur(Uzhavar Sandhai ),Banana - Green,Banana - Green,Local,06-09-2026,3000,3600,3300
Tamil Nadu,Theni,Chinnamanur(Uzhavar Sandhai ),Chow Chow,Chow Chow,Local,06-09-2026,2600,2600,2600
Tamil Nadu,Theni,Chinnamanur(Uzhavar Sandhai ),Drumstick,Drumstick,Local,06-09-2026,3000,3000,3000
Tamil Nadu,Theni,Chinnamanur(Uzhavar Sandhai ),Knool Khol,Knool Khol,Local,06-09-2026,3000,3000,3000
Tamil Nadu,Theni,Chinnamanur(Uzhavar Sandhai ),Indian Beans(Seam),Indian Beans (Seam),Local,06-09-2026,4800,4800,4800
Tamil Nadu,Theni,Chinnamanur(Uzhavar Sandhai ),Lemon,Lemon,Local,06-09-2026,20000,20000,20000
Tamil Nadu,Theni,Chinnamanur(Uzhavar Sandhai ),Turnip,Turnip,Local,06-09-2026,4800,4800,4800
Tamil Nadu,Theni,Chinnamanur(Uzhavar Sandhai ),Mint(Pudina),Mint(Pudina),Local,06-09-2026,5000,5000,5000
Tamil Nadu,Theni,Kambam(Uzhavar Sandhai ),Betal Leaves,Mysore,Local,06-09-2026,24000,24000,24000
Tamil Nadu,Theni,Kambam(Uzhavar Sandhai ),Cluster beans,Cluster Beans,Local,06-09-2026,2500,2600,2550
Tamil Nadu,Theni,Kambam(Uzhavar Sandhai ),Pumpkin,Pumpkin,Local,06-09-2026,1800,1800,1800
Tamil Nadu,Theni,Kambam(Uzhavar Sandhai ),Amaranthus,Amaranthus,Local,06-09-2026,3000,3000,3000
Tamil Nadu,Theni,Kambam(Uzhavar Sandhai ),Beans,Beans (Whole),Local,06-09-2026,8000,8500,8250
Tamil Nadu,Theni,Kambam(Uzhavar Sandhai ),Elephant Yam(Suran)/Amorphophallus,Elephant Yam (Suran),Local,06-09-2026,4000,4000,4000
Tamil Nadu,Theni,Kambam(Uzhavar Sandhai ),Lemon,Lemon,Local,06-09-2026,22000,22000,22000
Tamil Nadu,Theni,Kambam(Uzhavar Sandhai ),Mashrooms,Mashrooms,Local,06-09-2026,25000,25000,25000
Tamil Nadu,Theni,Kambam(Uzhavar Sandhai ),Onion Green,Onion Green,Local,06-09-2026,7000,7200,7100
Tamil Nadu,Theni,Theni(Uzhavar Sandhai ),Snakeguard,Snakeguard,Local,06-09-2026,2000,2000,2000
Tamil Nadu,Theni,Theni(Uzhavar Sandhai ),Beetroot,Beetroot,Local,06-09-2026,3000,3000,3000
Tamil Nadu,Theni,Theni(Uzhavar Sandhai ),Ridgeguard(Tori),Ridgeguard(Tori),Local,06-09-2026,3000,3800,3400
Tamil Nadu,Theni,Theni(Uzhavar Sandhai ),Soyabean,Local,Local,06-09-2026,9500,10000,9750
Tamil Nadu,Theni,Theni(Uzhavar Sandhai ),Orange,Darjeeling,Local,06-09-2026,16000,16000,16000
Tamil Nadu,Theni,Theni(Uzhavar Sandhai ),Onion,Bellary,Local,06-09-2026,5500,6000,5750
Tamil Nadu,Theni,Theni(Uzhavar Sandhai ),Water Melon,Water Melon,Local,06-09-2026,2500,2500,2500
Tamil Nadu,Theni,Theni(Uzhavar Sandhai ),Elephant Yam(Suran)/Amorphophallus,Elephant Yam (Suran),Local,06-09-2026,4000,4000,4000
Tamil Nadu,Theni,Theni(Uzhavar Sandhai ),Yam(Ratalu),Yam (Ratalu),Local,06-09-2026,6000,6000,6000
Tamil Nadu,Theni,Theni(Uzhavar Sandhai ),Mashrooms,Mashrooms,Local,06-09-2026,25000,25000,25000
Tamil Nadu,Theni,Theni(Uzhavar Sandhai ),Onion Green,Onion Green,Local,06-09-2026,7500,8000,7750
Tamil Nadu,Thirunelveli,Kandiyaperi(Uzhavar Sandhai ),Tomato,Other,Local,06-09-2026,2400,2600,2500
Tamil Nadu,Thirunelveli,Kandiyaperi(Uzhavar Sandhai ),Ashgourd,Gouard,Local,06-09-2026,1000,1200,1100
Tamil Nadu,Thirunelveli,Kandiyaperi(Uzhavar Sandhai ),Pumpkin,Pumpkin,Local,06-09-2026,800,1000,900
Tamil Nadu,Thirunelveli,NGO Colony(Uzhavar Sandhai ),Snakeguard,Snakeguard,Local,06-09-2026,1500,2000,1750
Tamil Nadu,Thirunelveli,NGO Colony(Uzhavar Sandhai ),Banana,Besrai,Local,06-09-2026,5000,6000,5500
Tamil Nadu,Thirunelveli,NGO Colony(Uzhavar Sandhai ),Coriander(Leaves),I Sort,Local,06-09-2026,3500,4000,3750
Tamil Nadu,Thirunelveli,NGO Colony(Uzhavar Sandhai ),Bottle gourd,Bottle Gourd,Local,06-09-2026,2500,3000,2750
Tamil Nadu,Thirunelveli,NGO Colony(Uzhavar Sandhai ),Banana - Green,Banana - Green,Local,06-09-2026,2200,3000,2600
Tamil Nadu,Thirunelveli,NGO Colony(Uzhavar Sandhai ),Beans,Beans (Whole),Local,06-09-2026,9000,10600,9800
Tamil Nadu,Thirunelveli,NGO Colony(Uzhavar Sandhai ),Green Avare(W),Green Avare (W),Local,06-09-2026,5500,6000,5750
Tamil Nadu,Thirunelveli,Palayamkottai(Uzhavar Sandhai ),Carrot,Pusakesar,Local,06-09-2026,3200,5600,4400
Tamil Nadu,Thirunelveli,Palayamkottai(Uzhavar Sandhai ),Beetroot,Beetroot,Local,06-09-2026,3200,5000,4100
Tamil Nadu,Thirunelveli,Palayamkottai(Uzhavar Sandhai ),Onion,Bellary,Local,06-09-2026,5600,6200,5900
Tamil Nadu,Thirunelveli,Palayamkottai(Uzhavar Sandhai ),Potato,Red Nanital,Local,06-09-2026,2600,2800,2700
Tamil Nadu,Thirunelveli,Palayamkottai(Uzhavar Sandhai ),Mousambi(Sweet Lime),Mousambi,Local,06-09-2026,6000,7000,6500
Tamil Nadu,Thirunelveli,Palayamkottai(Uzhavar Sandhai ),Cluster beans,Cluster Beans,Local,06-09-2026,1800,2000,1900
Tamil Nadu,Thirunelveli,Palayamkottai(Uzhavar Sandhai ),Bhindi(Ladies Finger),Bhindi,Local,06-09-2026,2800,3200,3000
Tamil Nadu,Thirunelveli,Palayamkottai(Uzhavar Sandhai ),Green Chilli,Green Chilly,Local,06-09-2026,3000,3600,3300
Tamil Nadu,Thirunelveli,Palayamkottai(Uzhavar Sandhai ),Thondekai,Thondekai,Local,06-09-2026,4000,4500,4250
Tamil Nadu,Thirunelveli,Palayamkottai(Uzhavar Sandhai ),Green Avare(W),Other,Local,06-09-2026,6500,7000,6750
Tamil Nadu,Thirunelveli,Palayamkottai(Uzhavar Sandhai ),Guava,Guava Allahabad,Local,06-09-2026,6000,8000,7000
Tamil Nadu,Thirupur,Kangayam(Uzhavar Sandhai ),Ridgeguard(Tori),Ridgeguard(Tori),Local,06-09-2026,5000,5500,5250
Tamil Nadu,Thirupur,Kangayam(Uzhavar Sandhai ),Banana,Besrai,Local,06-09-2026,3500,4000,3750
Tamil Nadu,Thirupur,Kangayam(Uzhavar Sandhai ),Onion,Bellary,Local,06-09-2026,4500,5000,4750
Tamil Nadu,Thirupur,Kangayam(Uzhavar Sandhai ),Cauliflower,Ranchi,Local,06-09-2026,2500,3000,2750
Tamil Nadu,Thirupur,Kangayam(Uzhavar Sandhai ),Brinjal,Round,Local,06-09-2026,5500,6500,6000
Tamil Nadu,Thirupur,Kangayam(Uzhavar Sandhai ),Tomato,Local,Local,06-09-2026,1000,1500,1250
Tamil Nadu,Thirupur,Kangayam(Uzhavar Sandhai ),Cluster beans,Cluster Beans,Local,06-09-2026,4500,5000,4750
Tamil Nadu,Thirupur,Kangayam(Uzhavar Sandhai ),Pumpkin,Pumpkin,Local,06-09-2026,2000,2200,2100
Tamil Nadu,Thirupur,Kangayam(Uzhavar Sandhai ),Bhindi(Ladies Finger),Bhindi,Local,06-09-2026,5500,6000,5750
Tamil Nadu,Thirupur,Tiruppur (North) (Uzhavar Sandhai ),Snakeguard,Snakeguard,Local,06-09-2026,3500,4000,3750
Tamil Nadu,Thirupur,Tiruppur (North) (Uzhavar Sandhai ),Groundnut,Big (With Shell),Local,06-09-2026,5000,6000,5500
Tamil Nadu,Thirupur,Tiruppur (North) (Uzhavar Sandhai ),Potato,Other,Local,06-09-2026,5000,6000,5500
Tamil Nadu,Thirupur,Tiruppur (North) (Uzhavar Sandhai ),Water Melon,Water Melon,Local,06-09-2026,1500,2000,1750
Tamil Nadu,Thirupur,Tiruppur (North) (Uzhavar Sandhai ),Tomato,Local,Local,06-09-2026,2000,2200,2100
Tamil Nadu,Thirupur,Tiruppur (North) (Uzhavar Sandhai ),Bhindi(Ladies Finger),Bhindi,Local,06-09-2026,3500,4000,3750
Tamil Nadu,Thirupur,Tiruppur (North) (Uzhavar Sandhai ),Amaranthus,Amaranthus,Local,06-09-2026,2000,2500,2250
Tamil Nadu,Thirupur,Tiruppur (North) (Uzhavar Sandhai ),Green Chilli,Green Chilly,Local,06-09-2026,4000,4500,4250
Tamil Nadu,Thirupur,Tiruppur (North) (Uzhavar Sandhai ),Raddish,Raddish,Local,06-09-2026,3000,3600,3300
Tamil Nadu,Thirupur,Tiruppur (North) (Uzhavar Sandhai ),Green Avare(W),Other,Local,06-09-2026,6000,6600,6300
Tamil Nadu,Thirupur,Tiruppur (North) (Uzhavar Sandhai ),Tender Coconut,Tender Coconut,Local,06-09-2026,3500,4000,3750
Tamil Nadu,Thiruvannamalai,Chengam(Uzhavar Sandhai ),Cucumbar(Kheera),Cucumbar,Local,06-09-2026,5000,6000,5500
Tamil Nadu,Thiruvannamalai,Chengam(Uzhavar Sandhai ),Cauliflower,Ranchi,Local,06-09-2026,3300,4000,3650
Tamil Nadu,Thiruvannamalai,Chengam(Uzhavar Sandhai ),Water Melon,Water Melon,Local,06-09-2026,1200,1500,1350
Tamil Nadu,Thiruvannamalai,Chengam(Uzhavar Sandhai ),Tomato,Local,Local,06-09-2026,2500,3000,2750
Tamil Nadu,Thiruvannamalai,Chengam(Uzhavar Sandhai ),Drumstick,Drumstick,Local,06-09-2026,3300,4000,3650
Tamil Nadu,Thiruvannamalai,Chengam(Uzhavar Sandhai ),Amla(Nelli Kai),Amla,Local,06-09-2026,8000,10000,9000
Tamil Nadu,Thiruvannamalai,Tamarainagar(Uzhavar Sandhai ),Cucumbar(Kheera),Cucumbar,Local,06-09-2026,3500,4000,3750
Tamil Nadu,Thiruvannamalai,Tamarainagar(Uzhavar Sandhai ),Tomato,Deshi,Local,06-09-2026,1600,2000,1800
Tamil Nadu,Thiruvannamalai,Tamarainagar(Uzhavar Sandhai ),Bottle gourd,Bottle Gourd,Local,06-09-2026,2500,3000,2750
Tamil Nadu,Thiruvannamalai,Tamarainagar(Uzhavar Sandhai ),Green Chilli,Green Chilly,Local,06-09-2026,4000,5000,4500
Tamil Nadu,Thiruvannamalai,Tamarainagar(Uzhavar Sandhai ),Tapioca,Tapioca,Local,06-09-2026,2500,3000,2750
Tamil Nadu,Thiruvannamalai,Tamarainagar(Uzhavar Sandhai ),Drumstick,Drumstick,Local,06-09-2026,3500,4000,3750
Tamil Nadu,Thiruvannamalai,Tamarainagar(Uzhavar Sandhai ),Amla(Nelli Kai),Amla,Local,06-09-2026,12000,14000,13000
Tamil Nadu,Thiruvannamalai,Vandavasi(Uzhavar Sandhai ),Potato,Other,Local,06-09-2026,3500,4200,3850
Tamil Nadu,Thiruvannamalai,Vandavasi(Uzhavar Sandhai ),Bottle gourd,Bottle Gourd,Local,06-09-2026,1600,2000,1800
Tamil Nadu,Thiruvannamalai,Vandavasi(Uzhavar Sandhai ),Beans,Beans (Whole),Local,06-09-2026,8400,9600,9000
Tamil Nadu,Thiruvannamalai,Vandavasi(Uzhavar Sandhai ),Thondekai,Thondekai,Local,06-09-2026,3500,4000,3750
Tamil Nadu,Thiruvarur,Muthupettai(Uzhavar Sandhai ),Potato,Red Nanital,Local,06-09-2026,3000,3000,3000
Tamil Nadu,Thiruvarur,Muthupettai(Uzhavar Sandhai ),Brinjal,Round,Local,06-09-2026,4000,4000,4000
Tamil Nadu,Thiruvarur,Muthupettai(Uzhavar Sandhai ),Coriander(Leaves),I Sort,Local,06-09-2026,4000,4000,4000
Tamil Nadu,Thiruvarur,Muthupettai(Uzhavar Sandhai ),Tomato,Deshi,Local,06-09-2026,2400,2400,2400
Tamil Nadu,Thiruvarur,Muthupettai(Uzhavar Sandhai ),Cluster beans,Cluster Beans,Local,06-09-2026,3400,3400,3400
Tamil Nadu,Thiruvarur,Muthupettai(Uzhavar Sandhai ),Bottle gourd,Bottle Gourd,Local,06-09-2026,2800,2800,2800
Tamil Nadu,Thiruvarur,Muthupettai(Uzhavar Sandhai ),Pumpkin,Pumpkin,Local,06-09-2026,2600,2600,2600
Tamil Nadu,Thiruvarur,Muthupettai(Uzhavar Sandhai ),Onion Green,Onion Green,Local,06-09-2026,8000,8000,8000
Tamil Nadu,Coimbatore,Sulur(Uzhavar Sandhai ),Garlic,Garlic,Local,06-09-2026,23000,24000,23500
Tamil Nadu,Coimbatore,Sulur(Uzhavar Sandhai ),Papaya,Papaya,Local,06-09-2026,4400,4800,4600
Tamil Nadu,Coimbatore,Sulur(Uzhavar Sandhai ),Banana - Green,Banana - Green,Local,06-09-2026,4000,4500,4250
Tamil Nadu,Coimbatore,Sulur(Uzhavar Sandhai ),Ginger(Green),Green Ginger,Local,06-09-2026,15000,16000,15500
Tamil Nadu,Pudukkottai,Gandarvakottai(Uzhavar Sandhai ),Brinjal,Round,Local,06-09-2026,5000,5500,5250
Tamil Nadu,Pudukkottai,Gandarvakottai(Uzhavar Sandhai ),Onion Green,Onion Green,Local,06-09-2026,8000,8500,8250
Tamil Nadu,Cuddalore,Panruti(Uzhavar Sandhai ),Ridgeguard(Tori),Ridgeguard(Tori),Local,06-09-2026,6000,6000,6000
Tamil Nadu,Cuddalore,Panruti(Uzhavar Sandhai ),Coriander(Leaves),I Sort,Local,06-09-2026,5000,5000,5000
Tamil Nadu,Cuddalore,Panruti(Uzhavar Sandhai ),Raddish,Raddish,Local,06-09-2026,2500,2500,2500
Tamil Nadu,Cuddalore,Panruti(Uzhavar Sandhai ),Lemon,Lemon,Local,06-09-2026,12000,12000,12000
Tamil Nadu,Cuddalore,Vadalur(Uzhavar Sandhai ),Coconut,Coconut,Local,06-09-2026,5000,6000,5500
Tamil Nadu,Cuddalore,Vadalur(Uzhavar Sandhai ),Snakeguard,Snakeguard,Local,06-09-2026,2500,2500,2500
Tamil Nadu,Cuddalore,Vadalur(Uzhavar Sandhai ),Banana,Red Banana,Local,06-09-2026,8000,8000,8000
Tamil Nadu,Cuddalore,Vadalur(Uzhavar Sandhai ),Potato,Other,Local,06-09-2026,3500,4000,3750
Tamil Nadu,Cuddalore,Vadalur(Uzhavar Sandhai ),Garlic,Garlic,Local,06-09-2026,16000,20000,18000
Tamil Nadu,Cuddalore,Vadalur(Uzhavar Sandhai ),Ashgourd,Gouard,Local,06-09-2026,2000,2000,2000
Tamil Nadu,Cuddalore,Vadalur(Uzhavar Sandhai ),Pumpkin,Pumpkin,Local,06-09-2026,2500,2500,2500
Tamil Nadu,Cuddalore,Vadalur(Uzhavar Sandhai ),Amaranthus,Amaranthus,Local,06-09-2026,3000,3500,3250
Tamil Nadu,Cuddalore,Vadalur(Uzhavar Sandhai ),Chow Chow,Chow Chow,Local,06-09-2026,3000,3000,3000
Tamil Nadu,Cuddalore,Vadalur(Uzhavar Sandhai ),Knool Khol,Knool Khol,Local,06-09-2026,3000,3000,3000
Tamil Nadu,Dharmapuri,AJattihalli(Uzhavar Sandhai ),Garlic,Garlic,Local,06-09-2026,20000,24000,22000
Tamil Nadu,Dharmapuri,AJattihalli(Uzhavar Sandhai ),Tomato,Deshi,Local,06-09-2026,1600,2000,1800
Tamil Nadu,Dharmapuri,AJattihalli(Uzhavar Sandhai ),Cluster beans,Cluster Beans,Local,06-09-2026,2000,2400,2200
Tamil Nadu,Dharmapuri,AJattihalli(Uzhavar Sandhai ),Ridgeguard(Tori),Ridgeguard(Tori),Local,06-09-2026,2500,2500,2500
Tamil Nadu,Dharmapuri,AJattihalli(Uzhavar Sandhai ),Pumpkin,Pumpkin,Local,06-09-2026,1600,1600,1600
Tamil Nadu,Dharmapuri,AJattihalli(Uzhavar Sandhai ),Ginger(Green),Green Ginger,Local,06-09-2026,20000,23500,21750
Tamil Nadu,Dharmapuri,AJattihalli(Uzhavar Sandhai ),Green Avare(W),Green Avare (W),Local,06-09-2026,4000,4000,4000
Tamil Nadu,Dharmapuri,AJattihalli(Uzhavar Sandhai ),Drumstick,Drumstick,Local,06-09-2026,2500,2500,2500
Tamil Nadu,Thanjavur,Peravurani(Uzhavar Sandhai),Bottle gourd,Bottle Gourd,Local,06-09-2026,2500,2500,2500
Tamil Nadu,Thanjavur,Peravurani(Uzhavar Sandhai),Ashgourd,Gouard,Local,06-09-2026,3000,3000,3000
Tamil Nadu,Thanjavur,Peravurani(Uzhavar Sandhai),Pumpkin,Pumpkin,Local,06-09-2026,2500,2500,2500
Tamil Nadu,Thanjavur,Peravurani(Uzhavar Sandhai),Bhindi(Ladies Finger),Bhindi,Local,06-09-2026,4000,4000,4000
Tamil Nadu,Karur,Pallapatti (Uzhavar Sandhai ),Brinjal,Other,Local,06-09-2026,5000,6000,5500
Tamil Nadu,Karur,Pallapatti (Uzhavar Sandhai ),Cluster beans,Cluster Beans,Local,06-09-2026,3500,4000,3750
Tamil Nadu,Karur,Pallapatti (Uzhavar Sandhai ),Mango(Raw-Ripe),Mango - Raw-Ripe,Local,06-09-2026,8000,10000,9000
Tamil Nadu,Karur,Velayuthampalayam(Uzhavar Sandhai ),Coconut,Coconut,Local,06-09-2026,5000,6000,5500
Tamil Nadu,Karur,Velayuthampalayam(Uzhavar Sandhai ),Banana,Other,Local,06-09-2026,5200,6000,5600
Tamil Nadu,Karur,Velayuthampalayam(Uzhavar Sandhai ),Brinjal,Other,Local,06-09-2026,3200,4000,3600
Tamil Nadu,Karur,Velayuthampalayam(Uzhavar Sandhai ),Bitter gourd,Bitter Gourd,Local,06-09-2026,5000,6000,5500
Tamil Nadu,Karur,Velayuthampalayam(Uzhavar Sandhai ),Ashgourd,Gouard,Local,06-09-2026,2000,2500,2250
Tamil Nadu,Karur,Velayuthampalayam(Uzhavar Sandhai ),Drumstick,Drumstick,Local,06-09-2026,2400,3000,2700
Tamil Nadu,Karur,Velayuthampalayam(Uzhavar Sandhai ),Onion Green,Onion Green,Local,06-09-2026,7000,8000,7500
Tamil Nadu,Karur,Vengamedu(Uzhavar Sandhai ),Bhindi(Ladies Finger),Bhindi,Local,06-09-2026,4000,4500,4250
Tamil Nadu,Salem,Attayampatti(Uzhavar Sandhai ),Chikoos(Sapota),Sapota,Local,06-09-2026,4000,4000,4000
Tamil Nadu,Salem,Attayampatti(Uzhavar Sandhai ),Papaya,Papaya,Local,06-09-2026,3000,3500,3250
Tamil Nadu,Salem,Attayampatti(Uzhavar Sandhai ),Bitter gourd,Bitter Gourd,Local,06-09-2026,5000,5000,5000
Tamil Nadu,Salem,Attayampatti(Uzhavar Sandhai ),Ridgeguard(Tori),Ridgeguard(Tori),Local,06-09-2026,4000,4000,4000
Tamil Nadu,Salem,Attayampatti(Uzhavar Sandhai ),Bhindi(Ladies Finger),Bhindi,Local,06-09-2026,3000,3000,3000
Tamil Nadu,Salem,Attayampatti(Uzhavar Sandhai ),Amaranthus,Amaranthus,Local,06-09-2026,2400,2800,2600
Tamil Nadu,Salem,Attayampatti(Uzhavar Sandhai ),Raddish,Raddish,Local,06-09-2026,2600,2600,2600
Tamil Nadu,Salem,Attayampatti(Uzhavar Sandhai ),Tapioca,Tapioca,Local,06-09-2026,3000,3000,3000
Tamil Nadu,Salem,Attayampatti(Uzhavar Sandhai ),Indian Beans(Seam),Indian Beans (Seam),Local,06-09-2026,6000,7000,6500
Tamil Nadu,Sivaganga,Sivagangai (Uzhavar Sandhai ),Coconut,Coconut,Local,06-09-2026,7000,7200,7100
Tamil Nadu,Sivaganga,Sivagangai (Uzhavar Sandhai ),Snakeguard,Snakeguard,Local,06-09-2026,3800,4200,4000
Tamil Nadu,Sivaganga,Sivagangai (Uzhavar Sandhai ),Banana,Poovan,Local,06-09-2026,4000,4000,4000
Tamil Nadu,Sivaganga,Sivagangai (Uzhavar Sandhai ),Onion,Bellary,Local,06-09-2026,6200,6600,6400
Tamil Nadu,Sivaganga,Sivagangai (Uzhavar Sandhai ),Potato,Red Nanital,Local,06-09-2026,5200,5600,5400
Tamil Nadu,Sivaganga,Sivagangai (Uzhavar Sandhai ),Coriander(Leaves),I Sort,Local,06-09-2026,4200,5200,4700
Tamil Nadu,Sivaganga,Sivagangai (Uzhavar Sandhai ),Bottle gourd,Bottle Gourd,Local,06-09-2026,2200,3200,2700
Tamil Nadu,Sivaganga,Sivagangai (Uzhavar Sandhai ),Ashgourd,Gouard,Local,06-09-2026,1800,2200,2000
Tamil Nadu,Sivaganga,Sivagangai (Uzhavar Sandhai ),Yam(Ratalu),Yam (Ratalu),Local,06-09-2026,6600,7200,6900
Tamil Nadu,Sivaganga,Sivagangai (Uzhavar Sandhai ),Colacasia,Colacasia,Local,06-09-2026,5200,6200,5700
Tamil Nadu,Sivaganga,Sivagangai (Uzhavar Sandhai ),Mint(Pudina),Mint(Pudina),Local,06-09-2026,4600,5200,4900
Tamil Nadu,Sivaganga,Devakottai (Uzhavar Sandhai ),Snakeguard,Snakeguard,Local,06-09-2026,3200,3800,3500
Tamil Nadu,Sivaganga,Devakottai (Uzhavar Sandhai ),Banana,Poovan,Local,06-09-2026,3500,4000,3750
Tamil Nadu,Sivaganga,Devakottai (Uzhavar Sandhai ),Onion,Bellary,Local,06-09-2026,6200,6800,6500
Tamil Nadu,Sivaganga,Devakottai (Uzhavar Sandhai ),Coriander(Leaves),I Sort,Local,06-09-2026,4400,5000,4700
Tamil Nadu,Sivaganga,Devakottai (Uzhavar Sandhai ),Tomato,Deshi,Local,06-09-2026,3000,3500,3250
Tamil Nadu,Sivaganga,Devakottai (Uzhavar Sandhai ),Bitter gourd,Other,Local,06-09-2026,5000,5200,5100
Tamil Nadu,Sivaganga,Devakottai (Uzhavar Sandhai ),Pumpkin,Pumpkin,Local,06-09-2026,2200,2500,2350
Tamil Nadu,Sivaganga,Devakottai (Uzhavar Sandhai ),Ridgeguard(Tori),Ridgeguard(Tori),Local,06-09-2026,4400,5200,4800
Tamil Nadu,Sivaganga,Devakottai (Uzhavar Sandhai ),Banana - Green,Banana - Green,Local,06-09-2026,2500,3000,2750
Tamil Nadu,Sivaganga,Devakottai (Uzhavar Sandhai ),Beans,Beans (Whole),Local,06-09-2026,8200,9400,8800
Tamil Nadu,Sivaganga,Devakottai (Uzhavar Sandhai ),Raddish,Raddish,Local,06-09-2026,2500,3000,2750
Tamil Nadu,Sivaganga,Devakottai (Uzhavar Sandhai ),Green Avare(W),Other,Local,06-09-2026,6000,7400,6700
Tamil Nadu,Sivaganga,Devakottai (Uzhavar Sandhai ),Mango(Raw-Ripe),Mango - Raw-Ripe,Local,06-09-2026,9200,10200,9700
Tamil Nadu,Sivaganga,Devakottai (Uzhavar Sandhai ),Guava,Guava Allahabad,Local,06-09-2026,6200,7200,6700
Tamil Nadu,Sivaganga,Devakottai (Uzhavar Sandhai ),Yam(Ratalu),Yam (Ratalu),Local,06-09-2026,7000,7200,7100
Tamil Nadu,Salem,Edapadi (Uzhavar Sandhai ),Coconut,Coconut,Local,06-09-2026,5500,6000,5750
Tamil Nadu,Salem,Edapadi (Uzhavar Sandhai ),Onion,Bellary,Local,06-09-2026,6000,6500,6250
Tamil Nadu,Salem,Edapadi (Uzhavar Sandhai ),Pumpkin,Pumpkin,Local,06-09-2026,2200,2400,2300
Tamil Nadu,Salem,Edapadi (Uzhavar Sandhai ),Bhindi(Ladies Finger),Bhindi,Local,06-09-2026,2200,2500,2350
Tamil Nadu,Salem,Edapadi (Uzhavar Sandhai ),Tapioca,Tapioca,Local,06-09-2026,2800,3000,2900
Tamil Nadu,Salem,Edapadi (Uzhavar Sandhai ),Raddish,Raddish,Local,06-09-2026,2200,2500,2350
Tamil Nadu,Salem,Edapadi (Uzhavar Sandhai ),Chow Chow,Chow Chow,Local,06-09-2026,3800,4000,3900
Tamil Nadu,Salem,Edapadi (Uzhavar Sandhai ),Drumstick,Drumstick,Local,06-09-2026,2600,3000,2800
Tamil Nadu,Salem,Elampillai(Uzhavar Sandhai ),Carrot,Pusakesar,Local,06-09-2026,6000,7000,6500
Tamil Nadu,Salem,Elampillai(Uzhavar Sandhai ),Garlic,Garlic,Local,06-09-2026,23000,24000,23500
Tamil Nadu,Salem,Elampillai(Uzhavar Sandhai ),Cluster beans,Cluster Beans,Local,06-09-2026,3000,3500,3250
Tamil Nadu,Salem,Elampillai(Uzhavar Sandhai ),Banana - Green,Banana - Green,Local,06-09-2026,2500,3000,2750
Tamil Nadu,Salem,Elampillai(Uzhavar Sandhai ),Raddish,Raddish,Local,06-09-2026,2500,2800,2650
Tamil Nadu,Salem,Hasthampatti(Uzhavar Sandhai ),Groundnut,Big (With Shell),Local,06-09-2026,7000,7500,7250
Tamil Nadu,Salem,Hasthampatti(Uzhavar Sandhai ),Apple,American,Local,06-09-2026,20000,22000,21000
Tamil Nadu,Salem,Hasthampatti(Uzhavar Sandhai ),Mousambi(Sweet Lime),Mousambi,Local,06-09-2026,3000,3500,3250
Tamil Nadu,Salem,Hasthampatti(Uzhavar Sandhai ),Amaranthus,Amaranthus,Local,06-09-2026,2000,2400,2200
Tamil Nadu,Salem,Hasthampatti(Uzhavar Sandhai ),Cowpea(Veg),Cowpea (Veg),Local,06-09-2026,4500,5000,4750
Tamil Nadu,Salem,Hasthampatti(Uzhavar Sandhai ),Guava,Guava Allahabad,Local,06-09-2026,4000,5000,4500
Tamil Nadu,Salem,Hasthampatti(Uzhavar Sandhai ),Tamarind Fruit,Tamarind Fruit,Local,06-09-2026,14000,15000,14500
Tamil Nadu,Salem,Hasthampatti(Uzhavar Sandhai ),Elephant Yam(Suran)/Amorphophallus,Elephant Yam (Suran),Local,06-09-2026,3500,4000,3750
Tamil Nadu,Salem,Hasthampatti(Uzhavar Sandhai ),Mint(Pudina),Mint(Pudina),Local,06-09-2026,2500,3000,2750
Tamil Nadu,Salem,Jalagandapuram(Uzhavar Sandhai ),Carrot,Pusakesar,Local,06-09-2026,6400,7000,6700
Tamil Nadu,Salem,Jalagandapuram(Uzhavar Sandhai ),Cabbage,Cabbage,Local,06-09-2026,3000,3500,3250
Tamil Nadu,Salem,Jalagandapuram(Uzhavar Sandhai ),Onion,Bellary,Local,06-09-2026,6000,6500,6250
Tamil Nadu,Salem,Jalagandapuram(Uzhavar Sandhai ),Brinjal,Round,Local,06-09-2026,3600,4000,3800
Tamil Nadu,Salem,Jalagandapuram(Uzhavar Sandhai ),Coriander(Leaves),I Sort,Local,06-09-2026,1600,1800,1700
Tamil Nadu,Salem,Jalagandapuram(Uzhavar Sandhai ),Bitter gourd,Other,Local,06-09-2026,4500,5000,4750
Tamil Nadu,Salem,Jalagandapuram(Uzhavar Sandhai ),Bottle gourd,Bottle Gourd,Local,06-09-2026,1500,2000,1750
Tamil Nadu,Salem,Jalagandapuram(Uzhavar Sandhai ),Amaranthus,Amaranthus,Local,06-09-2026,2000,2400,2200
Tamil Nadu,Salem,Jalagandapuram(Uzhavar Sandhai ),Banana - Green,Banana - Green,Local,06-09-2026,2500,2800,2650
Tamil Nadu,Salem,Jalagandapuram(Uzhavar Sandhai ),Green Avare(W),Other,Local,06-09-2026,6000,6500,6250
Tamil Nadu,Salem,Jalagandapuram(Uzhavar Sandhai ),Guava,Guava Allahabad,Local,06-09-2026,5500,6000,5750
Tamil Nadu,Salem,Jalagandapuram(Uzhavar Sandhai ),Mint(Pudina),Mint(Pudina),Local,06-09-2026,3000,3500,3250
Tamil Nadu,Sivaganga,Singampunari(Uzhavar Sandhai ),Coconut,Coconut,Local,06-09-2026,6200,6800,6500
Tamil Nadu,Sivaganga,Singampunari(Uzhavar Sandhai ),Carrot,Pusakesar,Local,06-09-2026,3400,5600,4500
Tamil Nadu,Sivaganga,Singampunari(Uzhavar Sandhai ),Onion,Bellary,Local,06-09-2026,4200,6000,5100
Tamil Nadu,Sivaganga,Singampunari(Uzhavar Sandhai ),Cauliflower,Ranchi,Local,06-09-2026,3200,3600,3400
Tamil Nadu,Sivaganga,Singampunari(Uzhavar Sandhai ),Brinjal,Other,Local,06-09-2026,3800,4200,4000
Tamil Nadu,Sivaganga,Singampunari(Uzhavar Sandhai ),Cluster beans,Cluster Beans,Local,06-09-2026,3200,3400,3300
Tamil Nadu,Sivaganga,Singampunari(Uzhavar Sandhai ),Bitter gourd,Other,Local,06-09-2026,4600,5200,4900
Tamil Nadu,Sivaganga,Singampunari(Uzhavar Sandhai ),Amaranthus,Amaranthus,Local,06-09-2026,3000,4000,3500
Tamil Nadu,Sivaganga,Singampunari(Uzhavar Sandhai ),Chow Chow,Chow Chow,Local,06-09-2026,3000,3400,3200
Tamil Nadu,Sivaganga,Singampunari(Uzhavar Sandhai ),Guava,Guava Allahabad,Local,06-09-2026,6000,7000,6500
Tamil Nadu,Sivaganga,Karaikudi(Uzhavar Sandhai ),Snakeguard,Snakeguard,Local,06-09-2026,3600,4400,4000
Tamil Nadu,Sivaganga,Karaikudi(Uzhavar Sandhai ),Papaya,Papaya,Local,06-09-2026,4500,5500,5000
Tamil Nadu,Sivaganga,Karaikudi(Uzhavar Sandhai ),Amaranthus,Amaranthus,Local,06-09-2026,3600,4000,3800
Tamil Nadu,Sivaganga,Karaikudi(Uzhavar Sandhai ),Raddish,Raddish,Local,06-09-2026,2800,3200,3000
Tamil Nadu,Sivaganga,Karaikudi(Uzhavar Sandhai ),Elephant Yam(Suran)/Amorphophallus,Elephant Yam (Suran),Local,06-09-2026,4500,5500,5000
Tamil Nadu,Sivaganga,Tirupatthur(Uzhavar Sandhai ),Bottle gourd,Bottle Gourd,Local,06-09-2026,3000,3500,3250
Tamil Nadu,Sivaganga,Tirupatthur(Uzhavar Sandhai ),Mango(Raw-Ripe),Mango - Raw-Ripe,Local,06-09-2026,9500,10500,10000
Tamil Nadu,Sivaganga,Tirupatthur(Uzhavar Sandhai ),Guava,Guava Allahabad,Local,06-09-2026,6400,7500,6950
Tamil Nadu,Sivaganga,Tirupatthur(Uzhavar Sandhai ),Lemon,Lemon,Local,06-09-2026,22400,24500,23450
Tamil Nadu,Thanjavur,Pattukottai(Uzhavar Sandhai ),Ridgeguard(Tori),Ridgeguard(Tori),Local,06-09-2026,5600,5600,5600
Tamil Nadu,Thanjavur,Pattukottai(Uzhavar Sandhai ),Garlic,Garlic,Local,06-09-2026,16000,16000,16000
Tamil Nadu,Thanjavur,Pattukottai(Uzhavar Sandhai ),Brinjal,Round,Local,06-09-2026,3500,4600,4050
Tamil Nadu,Thanjavur,Pattukottai(Uzhavar Sandhai ),Bitter gourd,Bitter Gourd,Local,06-09-2026,6000,6000,6000
Tamil Nadu,Thanjavur,Pattukottai(Uzhavar Sandhai ),Ashgourd,Gouard,Local,06-09-2026,3000,3000,3000
Tamil Nadu,Thanjavur,Pattukottai(Uzhavar Sandhai ),Amaranthus,Amaranthus,Local,06-09-2026,2000,2000,2000
Tamil Nadu,Thanjavur,Pattukottai(Uzhavar Sandhai ),Banana - Green,Banana - Green,Local,06-09-2026,3000,3000,3000
Tamil Nadu,Thanjavur,Pattukottai(Uzhavar Sandhai ),Raddish,Raddish,Local,06-09-2026,4400,4400,4400
Tamil Nadu,Thanjavur,Pattukottai(Uzhavar Sandhai ),Green Avare(W),Green Avare (W),Local,06-09-2026,7800,7800,7800
Tamil Nadu,Thanjavur,Pattukottai(Uzhavar Sandhai ),Chow Chow,Chow Chow,Local,06-09-2026,4000,4000,4000
Tamil Nadu,Thanjavur,Pattukottai(Uzhavar Sandhai ),Lemon,Lemon,Local,06-09-2026,14600,14600,14600
Tamil Nadu,Thanjavur,Pattukottai(Uzhavar Sandhai ),Onion Green,Onion Green,Local,06-09-2026,7800,7800,7800
Tamil Nadu,Thanjavur,Pattukottai(Uzhavar Sandhai ),Mint(Pudina),Mint(Pudina),Local,06-09-2026,5800,5800,5800
Tamil Nadu,Thanjavur,Thanjavur(Uzhavar Sandhai ),Betal Leaves,Mysore,Local,06-09-2026,18000,18000,18000
Tamil Nadu,Thanjavur,Thanjavur(Uzhavar Sandhai ),Carrot,Pusakesar,Local,06-09-2026,6000,6000,6000
Tamil Nadu,Thanjavur,Thanjavur(Uzhavar Sandhai ),Cabbage,Cabbage,Local,06-09-2026,3400,3400,3400
Tamil Nadu,Thanjavur,Thanjavur(Uzhavar Sandhai ),Snakeguard,Snakeguard,Local,06-09-2026,4000,5000,4500
Tamil Nadu,Thanjavur,Thanjavur(Uzhavar Sandhai ),Beetroot,Beetroot,Local,06-09-2026,5000,5600,5300
Tamil Nadu,Thanjavur,Thanjavur(Uzhavar Sandhai ),Grapes,Annabesahai,Local,06-09-2026,12000,12000,12000
Tamil Nadu,Thanjavur,Thanjavur(Uzhavar Sandhai ),Bitter gourd,Bitter Gourd,Local,06-09-2026,5600,6000,5800
Tamil Nadu,Thanjavur,Thanjavur(Uzhavar Sandhai ),Raddish,Raddish,Local,06-09-2026,2600,2600,2600
Tamil Nadu,Thanjavur,Thanjavur(Uzhavar Sandhai ),Coconut,Coconut,Local,06-09-2026,6000,6800,6400
Tamil Nadu,Thanjavur,Thanjavur(Uzhavar Sandhai ),Chow Chow,Chow Chow,Local,06-09-2026,4000,4000,4000
Tamil Nadu,Thanjavur,Thanjavur(Uzhavar Sandhai ),Mashrooms,Mashrooms,Local,06-09-2026,25000,25000,25000
Tamil Nadu,Thanjavur,Thanjavur(Uzhavar Sandhai ),Onion Green,Onion Green,Local,06-09-2026,8000,8000,8000
Tamil Nadu,Thiruchirappalli,KKNagar(Uzhavar Sandhai ),Sweet Potato,Hosur Red,Local,06-09-2026,6600,6600,6600
Tamil Nadu,Thiruchirappalli,KKNagar(Uzhavar Sandhai ),Carrot,Pusakesar,Local,06-09-2026,6600,6600,6600
Tamil Nadu,Thiruchirappalli,KKNagar(Uzhavar Sandhai ),Beetroot,Beetroot,Local,06-09-2026,4400,4400,4400
Tamil Nadu,Thiruchirappalli,KKNagar(Uzhavar Sandhai ),Cluster beans,Cluster Beans,Local,06-09-2026,3600,3600,3600
Tamil Nadu,Thiruchirappalli,KKNagar(Uzhavar Sandhai ),Bitter gourd,Other,Local,06-09-2026,4600,5000,4800
Tamil Nadu,Thiruchirappalli,KKNagar(Uzhavar Sandhai ),Bottle gourd,Bottle Gourd,Local,06-09-2026,3000,3000,3000
Tamil Nadu,Thiruchirappalli,KKNagar(Uzhavar Sandhai ),Ashgourd,Gouard,Local,06-09-2026,2000,2000,2000
Tamil Nadu,Thiruchirappalli,KKNagar(Uzhavar Sandhai ),Banana - Green,Banana - Green,Local,06-09-2026,3000,3000,3000
Tamil Nadu,Thiruchirappalli,KKNagar(Uzhavar Sandhai ),Drumstick,Drumstick,Local,06-09-2026,4000,4000,4000
Tamil Nadu,Thiruchirappalli,KKNagar(Uzhavar Sandhai ),Guava,Guava Allahabad,Local,06-09-2026,10000,10000,10000
Tamil Nadu,Thiruchirappalli,KKNagar(Uzhavar Sandhai ),Tender Coconut,Tender Coconut,Local,06-09-2026,4000,4500,4250
Tamil Nadu,Thiruchirappalli,KKNagar(Uzhavar Sandhai ),Sweet Corn ,Sweet Corn ,Local,06-09-2026,3000,3000,3000
Tamil Nadu,Thiruchirappalli,Lalgudi(Uzhavar Sandhai ),Pumpkin,Pumpkin,Local,06-09-2026,2000,2000,2000
Tamil Nadu,Thiruchirappalli,Lalgudi(Uzhavar Sandhai ),Ginger(Green),Green Ginger,Local,06-09-2026,16000,16000,16000
Tamil Nadu,Thiruchirappalli,Lalgudi(Uzhavar Sandhai ),Mango(Raw-Ripe),Mango - Raw-Ripe,Local,06-09-2026,10000,10000,10000
Tamil Nadu,Thiruchirappalli,Lalgudi(Uzhavar Sandhai ),Elephant Yam(Suran)/Amorphophallus,Elephant Yam (Suran),Local,06-09-2026,4600,4600,4600
Tamil Nadu,Thiruchirappalli,Manachanallur(Uzhavar Sandhai ),Coconut,Coconut,Local,06-09-2026,6000,6500,6250
Tamil Nadu,Thiruchirappalli,Manachanallur(Uzhavar Sandhai ),Cabbage,Cabbage,Local,06-09-2026,2500,3000,2750
Tamil Nadu,Thiruchirappalli,Manachanallur(Uzhavar Sandhai ),Cauliflower,Ranchi,Local,06-09-2026,4500,4500,4500
Tamil Nadu,Thiruchirappalli,Manachanallur(Uzhavar Sandhai ),Brinjal,Other,Local,06-09-2026,2500,3000,2750
Tamil Nadu,Thiruchirappalli,Manachanallur(Uzhavar Sandhai ),Cluster beans,Cluster Beans,Local,06-09-2026,3000,3500,3250
Tamil Nadu,Thiruchirappalli,Manachanallur(Uzhavar Sandhai ),Bhindi(Ladies Finger),Bhindi,Local,06-09-2026,3000,3500,3250
Tamil Nadu,Thiruchirappalli,Manachanallur(Uzhavar Sandhai ),Green Chilli,Green Chilly,Local,06-09-2026,4200,4600,4400
Tamil Nadu,Thiruchirappalli,Manachanallur(Uzhavar Sandhai ),Cowpea(Veg),Cowpea (Veg),Local,06-09-2026,3500,4000,3750
Tamil Nadu,Thiruchirappalli,Manachanallur(Uzhavar Sandhai ),Thondekai,Thondekai,Local,06-09-2026,3500,4000,3750
Tamil Nadu,Thiruchirappalli,Manachanallur(Uzhavar Sandhai ),Mango(Raw-Ripe),Mango - Raw-Ripe,Local,06-09-2026,8000,10000,9000
Tamil Nadu,Thiruchirappalli,Manapparai(Uzhavar Sandhai ),Cauliflower,Ranchi,Local,06-09-2026,5000,5000,5000
Tamil Nadu,Thiruchirappalli,Manapparai(Uzhavar Sandhai ),Brinjal,Other,Local,06-09-2026,3000,3000,3000
Tamil Nadu,Thiruchirappalli,Manapparai(Uzhavar Sandhai ),Coriander(Leaves),I Sort,Local,06-09-2026,2800,2800,2800
Tamil Nadu,Thiruchirappalli,Manapparai(Uzhavar Sandhai ),Ashgourd,Gouard,Local,06-09-2026,2000,2000,2000
Tamil Nadu,Thiruchirappalli,Manapparai(Uzhavar Sandhai ),Ginger(Green),Green Ginger,Local,06-09-2026,22000,22000,22000
Tamil Nadu,Thiruchirappalli,Manapparai(Uzhavar Sandhai ),Guava,Guava Allahabad,Local,06-09-2026,8000,8000,8000
Tamil Nadu,Thiruchirappalli,Manapparai(Uzhavar Sandhai ),Lemon,Lemon,Local,06-09-2026,18000,18000,18000
Tamil Nadu,Thiruchirappalli,Musiri(Uzhavar Sandhai ),Snakeguard,Snakeguard,Local,06-09-2026,3500,4000,3750
Tamil Nadu,Thiruchirappalli,Musiri(Uzhavar Sandhai ),Ridgeguard(Tori),Ridgeguard(Tori),Local,06-09-2026,4000,5000,4500
Tamil Nadu,Thiruchirappalli,Musiri(Uzhavar Sandhai ),Banana,Other,Local,06-09-2026,4000,5000,4500
Tamil Nadu,Thiruchirappalli,Musiri(Uzhavar Sandhai ),Cauliflower,Ranchi,Local,06-09-2026,3000,3500,3250
Tamil Nadu,Thiruchirappalli,Musiri(Uzhavar Sandhai ),Brinjal,Other,Local,06-09-2026,2600,3000,2800
Tamil Nadu,Thiruchirappalli,Musiri(Uzhavar Sandhai ),Ashgourd,Gouard,Local,06-09-2026,1500,2000,1750
Tamil Nadu,Thiruchirappalli,Musiri(Uzhavar Sandhai ),Tapioca,Tapioca,Local,06-09-2026,3000,3600,3300
Tamil Nadu,Thiruchirappalli,Musiri(Uzhavar Sandhai ),Thondekai,Thondekai,Local,06-09-2026,3600,4000,3800
Tamil Nadu,Thiruchirappalli,Musiri(Uzhavar Sandhai ),Capsicum,Capsicum,Local,06-09-2026,5000,5500,5250
Tamil Nadu,Thiruchirappalli,Musiri(Uzhavar Sandhai ),Guava,Guava Allahabad,Local,06-09-2026,4000,5000,4500
Tamil Nadu,Thiruchirappalli,Musiri(Uzhavar Sandhai ),Lemon,Lemon,Local,06-09-2026,12000,14000,13000
Tamil Nadu,Thiruchirappalli,Musiri(Uzhavar Sandhai ),Colacasia,Colacasia,Local,06-09-2026,4500,5000,4750
Tamil Nadu,Thiruchirappalli,Thiruverumbur(Uzhavar Sandhai ),Garlic,Garlic,Local,06-09-2026,16000,16000,16000
Tamil Nadu,Thiruchirappalli,Thiruverumbur(Uzhavar Sandhai ),Bitter gourd,Other,Local,06-09-2026,5000,6000,5500
Tamil Nadu,Thiruchirappalli,Thiruverumbur(Uzhavar Sandhai ),Pumpkin,Pumpkin,Local,06-09-2026,2000,2000,2000
Tamil Nadu,Thiruchirappalli,Thiruverumbur(Uzhavar Sandhai ),Banana - Green,Banana - Green,Local,06-09-2026,2500,2500,2500
Tamil Nadu,Thiruchirappalli,Thiruverumbur(Uzhavar Sandhai ),Beans,Beans (Whole),Local,06-09-2026,9000,9000,9000
Tamil Nadu,Thiruchirappalli,Thiruverumbur(Uzhavar Sandhai ),Ginger(Green),Green Ginger,Local,06-09-2026,17000,17000,17000
Tamil Nadu,Virudhunagar,Rajapalayam(Uzhavar Sandhai ),Bitter gourd,Bitter Gourd,Local,06-09-2026,8000,9000,8500
Tamil Nadu,Virudhunagar,Rajapalayam(Uzhavar Sandhai ),Bottle gourd,Bottle Gourd,Local,06-09-2026,1500,2000,1750
Tamil Nadu,Virudhunagar,Rajapalayam(Uzhavar Sandhai ),Ashgourd,Gouard,Local,06-09-2026,2500,3000,2750
Tamil Nadu,Virudhunagar,Rajapalayam(Uzhavar Sandhai ),Green Avare(W),Green Avare (W),Local,06-09-2026,6000,7000,6500
Tamil Nadu,Virudhunagar,Rajapalayam(Uzhavar Sandhai ),Lime,Lime,Local,06-09-2026,10000,12000,11000
Tamil Nadu,Virudhunagar,Rajapalayam(Uzhavar Sandhai ),Lemon,Lemon,Local,06-09-2026,20000,22000,21000
Tamil Nadu,Virudhunagar,Sathur(Uzhavar Sandhai ),Cabbage,Cabbage,Local,06-09-2026,3500,4000,3750
Tamil Nadu,Virudhunagar,Sathur(Uzhavar Sandhai ),Chikoos(Sapota),Sapota,Local,06-09-2026,2500,3000,2750
Tamil Nadu,Virudhunagar,Sathur(Uzhavar Sandhai ),Bitter gourd,Bitter Gourd,Local,06-09-2026,5500,6000,5750
Tamil Nadu,Virudhunagar,Sathur(Uzhavar Sandhai ),Lemon,Lemon,Local,06-09-2026,13000,14000,13500
Tamil Nadu,Virudhunagar,Sathur(Uzhavar Sandhai ),Onion Green,Onion Green,Local,06-09-2026,6500,7000,6750
Tamil Nadu,Virudhunagar,Sivakasi(Uzhavar Sandhai ),Carrot,Pusakesar,Local,06-09-2026,3500,4000,3750
Tamil Nadu,Virudhunagar,Sivakasi(Uzhavar Sandhai ),Bitter gourd,Bitter Gourd,Local,06-09-2026,4500,5000,4750
Tamil Nadu,Virudhunagar,Sivakasi(Uzhavar Sandhai ),Ashgourd,Gouard,Local,06-09-2026,2000,2500,2250
Tamil Nadu,Virudhunagar,Sivakasi(Uzhavar Sandhai ),Bhindi(Ladies Finger),Bhindi,Local,06-09-2026,4500,5000,4750
Tamil Nadu,Virudhunagar,Sivakasi(Uzhavar Sandhai ),Green Chilli,Green Chilly,Local,06-09-2026,4500,5000,4750
Tamil Nadu,Virudhunagar,Sivakasi(Uzhavar Sandhai ),Guava,Guava Allahabad,Local,06-09-2026,5000,6000,5500
Tamil Nadu,Virudhunagar,Thalavaipuram(Uzhavar Sandhai ),Potato,Red Nanital,Local,06-09-2026,2500,3000,2750
Tamil Nadu,Virudhunagar,Thalavaipuram(Uzhavar Sandhai ),Bitter gourd,Other,Local,06-09-2026,7500,9000,8250
Tamil Nadu,Virudhunagar,Thalavaipuram(Uzhavar Sandhai ),Bottle gourd,Bottle Gourd,Local,06-09-2026,1600,2000,1800
Tamil Nadu,Virudhunagar,Thalavaipuram(Uzhavar Sandhai ),Colacasia,Colacasia,Local,06-09-2026,5500,7000,6250
Tamil Nadu,Virudhunagar,Virudhunagar(Uzhavar Sandhai ),Cabbage,Cabbage,Local,06-09-2026,3500,3600,3550
Tamil Nadu,Virudhunagar,Virudhunagar(Uzhavar Sandhai ),Onion,Bellary,Local,06-09-2026,5400,5500,5450
Tamil Nadu,Virudhunagar,Virudhunagar(Uzhavar Sandhai ),Green Avare(W),Green Avare (W),Local,06-09-2026,6400,6500,6450
Tamil Nadu,Chengalpattu,Madhuranthagam(Uzhavar Sandhai ),Banana,Poovan,Local,06-09-2026,3000,4000,3500
Tamil Nadu,Chengalpattu,Madhuranthagam(Uzhavar Sandhai ),Brinjal,Round,Local,06-09-2026,5000,5000,5000
Tamil Nadu,Chengalpattu,Madhuranthagam(Uzhavar Sandhai ),Bitter gourd,Bitter Gourd,Local,06-09-2026,4000,4000,4000
Tamil Nadu,Chengalpattu,Madhuranthagam(Uzhavar Sandhai ),Pumpkin,Pumpkin,Local,06-09-2026,2000,2000,2000
Tamil Nadu,Chengalpattu,Madhuranthagam(Uzhavar Sandhai ),Bhindi(Ladies Finger),Bhindi,Local,06-09-2026,4000,4000,4000
Tamil Nadu,Chengalpattu,Madhuranthagam(Uzhavar Sandhai ),Amaranthus,Amaranthus,Local,06-09-2026,4000,4000,4000
Tamil Nadu,Chengalpattu,Madhuranthagam(Uzhavar Sandhai ),Green Chilli,Green Chilly,Local,06-09-2026,5000,5000,5000
Tamil Nadu,Chengalpattu,Madhuranthagam(Uzhavar Sandhai ),Ginger(Green),Green Ginger,Local,06-09-2026,12000,12000,12000
Tamil Nadu,Chengalpattu,Madhuranthagam(Uzhavar Sandhai ),Onion Green,Onion Green,Local,06-09-2026,6000,6000,6000
Tamil Nadu,Chengalpattu,Medavakkam(Uzhavar Sandhai ),Coconut,Coconut,Local,06-09-2026,5000,5000,5000
Tamil Nadu,Chengalpattu,Medavakkam(Uzhavar Sandhai ),Onion,Bellary,Local,06-09-2026,6000,6000,6000
Tamil Nadu,Chengalpattu,Medavakkam(Uzhavar Sandhai ),Papaya,Papaya,Local,06-09-2026,4000,5000,4500
Tamil Nadu,Chengalpattu,Medavakkam(Uzhavar Sandhai ),Green Avare(W),Other,Local,06-09-2026,6000,6000,6000
Tamil Nadu,Chengalpattu,Medavakkam(Uzhavar Sandhai ),Lemon,Lemon,Local,06-09-2026,10000,15000,12500
Tamil Nadu,Chengalpattu,Pallavaram(Uzhavar Sandhai ),Cucumbar(Kheera),Cucumbar,Local,06-09-2026,4000,5000,4500
Tamil Nadu,Chengalpattu,Pallavaram(Uzhavar Sandhai ),Potato,Red Nanital,Local,06-09-2026,2500,3000,2750
Tamil Nadu,Chengalpattu,Pallavaram(Uzhavar Sandhai ),Cluster beans,Cluster Beans,Local,06-09-2026,5000,6000,5500
Tamil Nadu,Chengalpattu,Pallavaram(Uzhavar Sandhai ),Banana - Green,Banana - Green,Local,06-09-2026,3500,4000,3750
Tamil Nadu,Chengalpattu,Pallavaram(Uzhavar Sandhai ),Beans,Beans (Whole),Local,06-09-2026,9000,10000,9500
Tamil Nadu,Chengalpattu,Pallavaram(Uzhavar Sandhai ),Thondekai,Thondekai,Local,06-09-2026,4000,5000,4500
Tamil Nadu,Chengalpattu,Pallavaram(Uzhavar Sandhai ),Drumstick,Drumstick,Local,06-09-2026,4000,5000,4500
Tamil Nadu,Chengalpattu,Pallavaram(Uzhavar Sandhai ),Tender Coconut,Tender Coconut,Local,06-09-2026,2500,3000,2750
Tamil Nadu,Chengalpattu,Pallavaram(Uzhavar Sandhai ),Onion Green,Onion Green,Local,06-09-2026,9000,10000,9500
Tamil Nadu,Nagercoil (Kannyiakumari),Myladi(Uzhavar Sandhai ),Banana,Besrai,Local,06-09-2026,5500,6000,5750
Tamil Nadu,Nagercoil (Kannyiakumari),Myladi(Uzhavar Sandhai ),Garlic,Garlic,Local,06-09-2026,14000,15000,14500
Tamil Nadu,Nagercoil (Kannyiakumari),Myladi(Uzhavar Sandhai ),Banana - Green,Banana - Green,Local,06-09-2026,6500,7000,6750
Tamil Nadu,Nagercoil (Kannyiakumari),Myladi(Uzhavar Sandhai ),Ginger(Green),Green Ginger,Local,06-09-2026,18000,19000,18500
Tamil Nadu,Nagercoil (Kannyiakumari),Myladi(Uzhavar Sandhai ),Drumstick,Drumstick,Local,06-09-2026,4500,5000,4750
Tamil Nadu,Nagercoil (Kannyiakumari),Myladi(Uzhavar Sandhai ),Tamarind Fruit,Tamarind Fruit,Local,06-09-2026,14000,15000,14500
Tamil Nadu,Nagercoil (Kannyiakumari),Myladi(Uzhavar Sandhai ),Elephant Yam(Suran)/Amorphophallus,Elephant Yam (Suran),Local,06-09-2026,4500,5000,4750
Tamil Nadu,Chengalpattu,Jameenrayapettai(Uzhavar Sandhai ),Carrot,Pusakesar,Local,06-09-2026,6000,7000,6500
Tamil Nadu,Chengalpattu,Jameenrayapettai(Uzhavar Sandhai ),Beetroot,Beetroot,Local,06-09-2026,3500,4000,3750
Tamil Nadu,Chengalpattu,Jameenrayapettai(Uzhavar Sandhai ),Cucumbar(Kheera),Cucumbar,Local,06-09-2026,4000,5000,4500
Tamil Nadu,Chengalpattu,Jameenrayapettai(Uzhavar Sandhai ),Potato,Other,Local,06-09-2026,2500,3000,2750
Tamil Nadu,Chengalpattu,Jameenrayapettai(Uzhavar Sandhai ),Mousambi(Sweet Lime),Mousambi,Local,06-09-2026,6000,7000,6500
Tamil Nadu,Chengalpattu,Jameenrayapettai(Uzhavar Sandhai ),Bottle gourd,Bottle Gourd,Local,06-09-2026,3500,4000,3750
Tamil Nadu,Chengalpattu,Jameenrayapettai(Uzhavar Sandhai ),Ashgourd,Gouard,Local,06-09-2026,2000,2500,2250
Tamil Nadu,Chengalpattu,Jameenrayapettai(Uzhavar Sandhai ),Ginger(Green),Green Ginger,Local,06-09-2026,15000,17000,16000
Tamil Nadu,Chengalpattu,Jameenrayapettai(Uzhavar Sandhai ),Green Avare(W),Other,Local,06-09-2026,6000,7000,6500
Tamil Nadu,Chengalpattu,Jameenrayapettai(Uzhavar Sandhai ),Knool Khol,Knool Khol,Local,06-09-2026,4000,5000,4500
Karnataka,Koppal,Kustagi APMC,Sunflower/Sunflower Seed,Hybrid,FAQ,06-09-2026,7500,8100,7851
Maharashtra,Chattrapati Sambhajinagar,APMC Chattrapati Sambhajinagar ,Pomegranate,Other,Local,06-09-2026,500,14000,7250
Maharashtra,Chattrapati Sambhajinagar,APMC Chattrapati Sambhajinagar ,Apple,Other,Local,06-09-2026,10000,15000,12500
Maharashtra,Chattrapati Sambhajinagar,APMC Chattrapati Sambhajinagar ,Guar,Other,Local,06-09-2026,2200,3500,2850
Maharashtra,Chattrapati Sambhajinagar,APMC Chattrapati Sambhajinagar ,Cucumbar(Kheera),Other,Local,06-09-2026,1200,2000,1600
Maharashtra,Chattrapati Sambhajinagar,APMC Chattrapati Sambhajinagar ,Garlic,Other,Local,06-09-2026,12000,27000,19500
Maharashtra,Chattrapati Sambhajinagar,APMC Chattrapati Sambhajinagar ,Chilly Capsicum,Other,Local,06-09-2026,1500,2000,1750
Maharashtra,Chattrapati Sambhajinagar,APMC Chattrapati Sambhajinagar ,Spinach,Other,Local,06-09-2026,500,600,550
Maharashtra,Jalgaon,APMC Bhusaval ,Raddish,Other,Local,06-09-2026,500,1000,800
Maharashtra,Jalgaon,APMC Bhusaval ,Beetroot,Other,Local,06-09-2026,1000,1500,1500
Maharashtra,Jalgaon,APMC Bhusaval ,Cucumbar(Kheera),Other,Local,06-09-2026,1000,1500,1200
Maharashtra,Jalgaon,APMC Bhusaval ,Onion,Unhali,Local,06-09-2026,4000,4000,4000
Maharashtra,Jalgaon,APMC Bhusaval ,Methi(Leaves),Other,Local,06-09-2026,800,1200,1000
Maharashtra,Jalgaon,APMC Bhusaval ,Drumstick,Other,Local,06-09-2026,4500,4500,4500
Maharashtra,Jalgaon,APMC Bhusaval ,Tomato,Other,Local,06-09-2026,1200,2000,1500
Maharashtra,Jalgaon,APMC Parola ,Bajra(Pearl Millet/Cumbu),Other,Non-FAQ,06-09-2026,2350,2400,2350
Maharashtra,Jalgaon,APMC Parola ,Wheat,Kalyan,Non-FAQ,06-09-2026,2500,2580,2500
Maharashtra,Jalgaon,APMC Parola ,Maize,Yellow,Non-FAQ,06-09-2026,2370,2390,2370
Tamil Nadu,Villupuram,Tindivanam APMC,Bitter gourd,Bitter Gourd,Local,06-09-2026,5000,6000,5500
Tamil Nadu,Villupuram,Tindivanam APMC,Green Chilli,Green Chilly,Local,06-09-2026,5500,5500,5500
Tamil Nadu,Villupuram,Tindivanam APMC,Beans,Beans (Whole),Local,06-09-2026,9000,9000,9000
Tamil Nadu,Villupuram,Tindivanam APMC,Green Avare(W),Other,Local,06-09-2026,7000,7000,7000
Tamil Nadu,Villupuram,Tindivanam APMC,Sweet Corn ,Sweet Corn ,Local,06-09-2026,4000,4000,4000
Tamil Nadu,Villupuram,Ulundurpettai APMC,Banana,Besrai,Local,06-09-2026,3000,4000,3500
Tamil Nadu,Villupuram,Ulundurpettai APMC,Coriander(Leaves),I Sort,Local,06-09-2026,6000,6000,6000
Tamil Nadu,Villupuram,Ulundurpettai APMC,Papaya,Papaya,Local,06-09-2026,3000,3000,3000
Tamil Nadu,Villupuram,Ulundurpettai APMC,Ashgourd,Gouard,Local,06-09-2026,2000,2000,2000
Tamil Nadu,Villupuram,Ulundurpettai APMC,Bhindi(Ladies Finger),Bhindi,Local,06-09-2026,3000,3000,3000
Keralam,Kollam,Chengamanad  VFPCK Market,Banana,Banana - Ripe,Grade A,06-09-2026,7000,7000,7000
Uttar Pradesh,Agra,Achnera APMC,Cotton,Other,FAQ,06-09-2026,6500,6500,6500
Uttar Pradesh,Jalaun (Orai),Orai APMC,Wheat,Other,FAQ,06-09-2026,2650,2650,2650
Tripura,North Tripura,Panisagar APMC,Cucumbar(Kheera),Cucumbar,Medium,06-09-2026,2900,3000,2950
Tripura,North Tripura,Panisagar APMC,Potato,Jalander,Medium,06-09-2026,1200,1300,1250
Tripura,North Tripura,Panisagar APMC,Onion,Nasik,Medium,06-09-2026,3400,3500,3450
Maharashtra,Nagpur,APMC Katol ,Wheat,Other,FAQ,06-09-2026,2621,2640,2635
Maharashtra,Nagpur,APMC Katol ,Bengal Gram(Gram)(Whole),Other,FAQ,06-09-2026,5880,6350,6200
Maharashtra,Nagpur,APMC Katol ,Red gram/Arhar/Tur(whole),Other,FAQ,06-09-2026,8080,8100,8100
Maharashtra,Nagpur,APMC Katol ,Soyabean,Yellow,Non-FAQ,06-09-2026,3500,5300,5250
Uttar Pradesh,Badaun,Babrala APMC,Maize,Local,Local,06-09-2026,2030,2050,2040
Uttar Pradesh,Badaun,Babrala APMC,Potato,Potato,Medium,06-09-2026,580,600,590
Maharashtra,Kolhapur,APMC Kolhapur ,Cauliflower,Other,Local,06-09-2026,750,1250,1000
Madhya Pradesh,Sagar,Sagar APMC,Red gram/Arhar/Tur(whole),Arhar Dal(Tur),FAQ,06-09-2026,8580,8580,8580
Madhya Pradesh,Balaghat,Varaseoni APMC,Paddy(Common),Paddy,Non-FAQ,06-09-2026,1975,3215,3215
Madhya Pradesh,Shehdol,Shahdol APMC,Wheat,Wheat,Non-FAQ,06-09-2026,2500,2500,2500
Madhya Pradesh,Shehdol,Budhar APMC,Wheat,Mill Quality,Non-FAQ,06-09-2026,2630,2660,2660
Madhya Pradesh,Rewa,Chaakghat APMC,Lak(Teora),Tiwada,FAQ,06-09-2026,3000,3000,3000
Uttar Pradesh,Jhansi,Mauranipur APMC,Gram Raw(Chholia),Other,FAQ,06-09-2026,6100,6100,6100
Gujarat,Amreli,Damnagar APMC,Bhindi(Ladies Finger),Bhindi,Local,06-09-2026,2500,2500,2500
Gujarat,Amreli,Damnagar APMC,Brinjal,Other,Local,06-09-2026,3000,3000,3000
Tamil Nadu,Madurai,Chokkikulam(Uzhavar Sandhai ),Snakeguard,Snakeguard,Local,06-09-2026,3600,4000,3800
Tamil Nadu,Madurai,Chokkikulam(Uzhavar Sandhai ),Pineapple,Pine Apple,Local,06-09-2026,6000,7000,6500
Tamil Nadu,Madurai,Chokkikulam(Uzhavar Sandhai ),Cauliflower,Ranchi,Local,06-09-2026,3000,3500,3250
Tamil Nadu,Madurai,Chokkikulam(Uzhavar Sandhai ),Capsicum,Capsicum,Local,06-09-2026,7000,8000,7500
Tamil Nadu,Madurai,Chokkikulam(Uzhavar Sandhai ),Lime,Lime,Local,06-09-2026,3600,4000,3800
Tamil Nadu,Madurai,Chokkikulam(Uzhavar Sandhai ),Pomegranate,Pomogranate,Local,06-09-2026,18000,22000,20000
Tamil Nadu,Madurai,Chokkikulam(Uzhavar Sandhai ),Elephant Yam(Suran)/Amorphophallus,Elephant Yam (Suran),Local,06-09-2026,4500,5000,4750
Tamil Nadu,Madurai,Chokkikulam(Uzhavar Sandhai ),Colacasia,Colacasia,Local,06-09-2026,5000,6000,5500
Tamil Nadu,Madurai,Chokkikulam(Uzhavar Sandhai ),Mint(Pudina),Mint(Pudina),Local,06-09-2026,4500,5000,4750
Uttar Pradesh,Saharanpur,Saharanpur APMC,Garlic,Other,FAQ,06-09-2026,6000,6000,6000
Uttar Pradesh,Ambedkarnagar,Akbarpur APMC,Wheat,Medium Fine,FAQ,06-09-2026,2450,2450,2450
Andhra Pradesh,Palnadu,Krosuru APMC,Cotton,Bramha,FAQ,06-09-2026,7000,8000,7500
Telangana,Warangal,Warangal APMC,Cluster beans,Cluster Beans,FAQ,06-09-2026,2000,2500,2250
Telangana,Warangal,Warangal APMC,Green Chilli,Green Chilly,FAQ,06-09-2026,2000,2500,2250
Andhra Pradesh,Prakasam,Kondapi APMC,Bengal Gram(Gram)(Whole),Average (Whole),Local,06-09-2026,5300,5700,5500
Andhra Pradesh,Prakasam,Ongole APMC,Paddy(Common),B P T,Local,06-09-2026,2500,2500,2500
Keralam,Palakad,vadakarapathy Market,Banana - Green,Banana - Green,FAQ,06-09-2026,3000,4500,4000
Keralam,Palakad,vadakarapathy Market,Brinjal,Brinjal,FAQ,06-09-2026,3000,3500,3200
Keralam,Palakad,vadakarapathy Market,Pumpkin,Pumpkin,FAQ,06-09-2026,600,800,700
Keralam,Palakad,vadakarapathy Market,Snakeguard,Snakeguard,FAQ,06-09-2026,1500,2000,1700
Maharashtra,Pune,APMC Pune ,Tomato,Local,Local,06-09-2026,600,2000,1300
Maharashtra,Pune,APMC Pune ,Pineapple,Other,Local,06-09-2026,2000,4000,3000
Maharashtra,Pune,APMC Pune ,Water Melon,Other,Local,06-09-2026,1000,1500,1200
Maharashtra,Pune,APMC Pune ,Lime,Other,Local,06-09-2026,500,3000,1700
Maharashtra,Pune,APMC Pune ,Mousambi(Sweet Lime),Other,Local,06-09-2026,4000,7000,5500
Maharashtra,Pune,APMC Pune ,Pear(Marasebu),Other,Local,06-09-2026,7000,8000,7500
Maharashtra,Pune,APMC Pune ,Apple,Other,Local,06-09-2026,4000,14000,9000
Maharashtra,Pune,APMC Pune ,Tender Coconut,Other,Local,06-09-2026,1300,1600,1400
Maharashtra,Pune,APMC Pune ,Cauliflower,Other,Local,06-09-2026,1200,2200,1700
Maharashtra,Pune,APMC Pune ,Cabbage,Other,Local,06-09-2026,800,1400,1100
Maharashtra,Pune,APMC Pune ,Spinach,Other,Local,06-09-2026,6,10,8
Maharashtra,Pune,APMC Pune ,Sweet Potato,Other,Local,06-09-2026,3000,5000,4000
Maharashtra,Pune,APMC Pune ,Little gourd(Kundru),Other,Local,06-09-2026,2000,4000,3000
Andhra Pradesh,Ananthapuramu,Urvakonda APMC,Bengal Gram(Gram)(Whole),Other,Local,06-09-2026,6300,6500,6400
Maharashtra,Pune,Pune(Khadiki) ,Guar,Other,Local,06-09-2026,2500,2500,2500
Maharashtra,Pune,Pune(Khadiki) ,Onion,Local,Local,06-09-2026,1000,1700,1350
Uttar Pradesh,Sambhal,Muradabad APMC,Wheat,Other,FAQ,06-09-2026,2500,2500,2500
Uttar Pradesh,Sitapur,Sitapur APMC,Wheat,Other,FAQ,06-09-2026,2450,2450,2450
Uttar Pradesh,Sitapur,Sitapur APMC,Potato,Other,FAQ,06-09-2026,500,500,500
Keralam,Thiruvananthapuram,Parassala Market,Brinjal,Round,Local,06-09-2026,4800,5200,5000
Keralam,Thiruvananthapuram,Parassala Market,Banana,Nendra Bale,Local,06-09-2026,6800,7200,7000
Keralam,Thiruvananthapuram,Parassala Market,Cucumbar(Kheera),Cucumbar,Local,06-09-2026,2000,2400,2200
Keralam,Thiruvananthapuram,Parassala Market,Snakeguard,Snakeguard,Local,06-09-2026,2800,3200,3000
Uttarakhand,Haridwar,Roorkee APMC,Tomato,Other,Medium,06-09-2026,1200,2200,1600
Uttarakhand,Haridwar,Roorkee APMC,Bottle gourd,Other,Local,06-09-2026,650,850,750
Uttarakhand,Haridwar,Roorkee APMC,Onion,Other,Medium,06-09-2026,2500,4500,3500
Maharashtra,Pune,Pune(Moshi) ,Coriander(Leaves),Other,Local,06-09-2026,8,10,9
Maharashtra,Pune,Pune(Moshi) ,Mint(Pudina),Other,Local,06-09-2026,5,5,5
Maharashtra,Pune,Pune(Moshi) ,Ridgeguard(Tori),Other,Local,06-09-2026,4000,5000,4500
Maharashtra,Pune,Pune(Moshi) ,Little gourd(Kundru),Other,Local,06-09-2026,5000,5000,5000
Maharashtra,Pune,Pune(Moshi) ,Bottle gourd,Other,Local,06-09-2026,2000,2500,2250
Maharashtra,Pune,Pune(Moshi) ,Beetroot,Other,Local,06-09-2026,2000,3000,2500
Tamil Nadu,Erode,Thalavadi(Uzhavar Sandhai ),Cabbage,Cabbage,Local,06-09-2026,1400,1800,1600
Tamil Nadu,Erode,Thalavadi(Uzhavar Sandhai ),Bottle gourd,Bottle Gourd,Local,06-09-2026,1600,2000,1800
Tamil Nadu,Erode,Thalavadi(Uzhavar Sandhai ),Tapioca,Tapioca,Local,06-09-2026,2500,3000,2750
Tamil Nadu,Cuddalore,Viruthachalam(Uzhavar Sandhai ),Snakeguard,Snakeguard,Local,06-09-2026,3000,3000,3000
Tamil Nadu,Cuddalore,Viruthachalam(Uzhavar Sandhai ),Banana,Besrai,Local,06-09-2026,4000,7000,5500
Tamil Nadu,Cuddalore,Viruthachalam(Uzhavar Sandhai ),Tomato,Deshi,Local,06-09-2026,2500,2500,2500
Tamil Nadu,Cuddalore,Viruthachalam(Uzhavar Sandhai ),Ridgeguard(Tori),Ridgeguard(Tori),Local,06-09-2026,5000,5000,5000
Tamil Nadu,Cuddalore,Viruthachalam(Uzhavar Sandhai ),Ashgourd,Gouard,Local,06-09-2026,2000,2000,2000
Tamil Nadu,Cuddalore,Viruthachalam(Uzhavar Sandhai ),Green Chilli,Green Chilly,Local,06-09-2026,5000,5000,5000
Tamil Nadu,Cuddalore,Viruthachalam(Uzhavar Sandhai ),Banana - Green,Banana - Green,Local,06-09-2026,2500,3000,2750
Tamil Nadu,Cuddalore,Viruthachalam(Uzhavar Sandhai ),Beans,Beans (Whole),Local,06-09-2026,7000,7000,7000
Tamil Nadu,Cuddalore,Viruthachalam(Uzhavar Sandhai ),Ginger(Green),Green Ginger,Local,06-09-2026,7000,15000,11000
Tamil Nadu,Cuddalore,Viruthachalam(Uzhavar Sandhai ),Raddish,Raddish,Local,06-09-2026,3000,3000,3000
Tamil Nadu,Cuddalore,Viruthachalam(Uzhavar Sandhai ),Mango(Raw-Ripe),Mango - Raw-Ripe,Local,06-09-2026,10000,10000,10000
Tamil Nadu,Cuddalore,Viruthachalam(Uzhavar Sandhai ),Lemon,Lemon,Local,06-09-2026,10000,10000,10000
Maharashtra,Satara,APMC Satara ,Onion,Other,Local,06-09-2026,2000,4500,3250
Tamil Nadu,Krishnagiri,Krishnagiri(Uzhavar Sandhai ),Beetroot,Beetroot,Local,06-09-2026,4000,4500,4250
Tamil Nadu,Krishnagiri,Krishnagiri(Uzhavar Sandhai ),Cucumbar(Kheera),Cucumbar,Local,06-09-2026,2000,2400,2200
Tamil Nadu,Krishnagiri,Krishnagiri(Uzhavar Sandhai ),Ridgeguard(Tori),Ridgeguard(Tori),Local,06-09-2026,2000,2400,2200
Tamil Nadu,Krishnagiri,Krishnagiri(Uzhavar Sandhai ),Cluster beans,Cluster Beans,Local,06-09-2026,2000,2200,2100
Tamil Nadu,Krishnagiri,Krishnagiri(Uzhavar Sandhai ),Pumpkin,Pumpkin,Local,06-09-2026,1600,2000,1800
Tamil Nadu,Krishnagiri,Krishnagiri(Uzhavar Sandhai ),Bhindi(Ladies Finger),Bhindi,Local,06-09-2026,2000,2400,2200
Tamil Nadu,Krishnagiri,Krishnagiri(Uzhavar Sandhai ),Indian Beans(Seam),Indian Beans (Seam),Local,06-09-2026,3000,3400,3200
Tamil Nadu,Krishnagiri,Krishnagiri(Uzhavar Sandhai ),Lemon,Lemon,Local,06-09-2026,15000,18000,16500
Tamil Nadu,Krishnagiri,Krishnagiri(Uzhavar Sandhai ),Rose(Local),Rose (Local),Local,06-09-2026,10000,14000,12000
Maharashtra,Solapur,APMC Mangal Wedha ,Brinjal,Other,Local,06-09-2026,500,3800,2500
Maharashtra,Solapur,APMC Mangal Wedha ,Green Chilli,Other,Local,06-09-2026,1700,3200,2200
Tamil Nadu,Nagapattinam,Nagapattinam(Uzhavar Sandhai ),Coconut,Coconut,Local,06-09-2026,5400,5400,5400
Tamil Nadu,Nagapattinam,Nagapattinam(Uzhavar Sandhai ),Carrot,Pusakesar,Local,06-09-2026,8200,8200,8200
Tamil Nadu,Nagapattinam,Nagapattinam(Uzhavar Sandhai ),Beetroot,Beetroot,Local,06-09-2026,4000,4000,4000
Tamil Nadu,Nagapattinam,Nagapattinam(Uzhavar Sandhai ),Cucumbar(Kheera),Cucumbar,Local,06-09-2026,8000,8000,8000
Tamil Nadu,Nagapattinam,Nagapattinam(Uzhavar Sandhai ),Groundnut,Big (With Shell),Local,06-09-2026,5900,5900,5900
Tamil Nadu,Nagapattinam,Nagapattinam(Uzhavar Sandhai ),Mango,Other,Local,06-09-2026,6000,6500,6250
Tamil Nadu,Nagapattinam,Nagapattinam(Uzhavar Sandhai ),Ridgeguard(Tori),Ridgeguard(Tori),Local,06-09-2026,4500,4500,4500
Tamil Nadu,Nagapattinam,Nagapattinam(Uzhavar Sandhai ),Coriander(Leaves),I Sort,Local,06-09-2026,4200,4200,4200
Tamil Nadu,Nagapattinam,Nagapattinam(Uzhavar Sandhai ),Pumpkin,Pumpkin,Local,06-09-2026,3100,3100,3100
Tamil Nadu,Nagapattinam,Nagapattinam(Uzhavar Sandhai ),Banana - Green,Banana - Green,Local,06-09-2026,2500,3000,2750
Tamil Nadu,Nagapattinam,Nagapattinam(Uzhavar Sandhai ),Lime,Lime,Local,06-09-2026,2800,2800,2800
Tamil Nadu,Nagapattinam,Nagapattinam(Uzhavar Sandhai ),Tamarind Fruit,Tamarind Fruit,Local,06-09-2026,11100,13000,12050
Tamil Nadu,Nagapattinam,Nagapattinam(Uzhavar Sandhai ),Lemon,Lemon,Local,06-09-2026,11500,11500,11500
Uttar Pradesh,Sitapur,Sidhauli APMC,Firewood,Firewood,FAQ,06-09-2026,300,300,300
Tamil Nadu,Tenkasi,Sankarankoil(Uzhavar Sandhai ),Ridgeguard(Tori),Ridgeguard(Tori),Local,06-09-2026,5000,5000,5000
Tamil Nadu,Tenkasi,Sankarankoil(Uzhavar Sandhai ),Amaranthus,Amaranthus,Local,06-09-2026,2000,2000,2000
Tamil Nadu,Tenkasi,Sankarankoil(Uzhavar Sandhai ),Raddish,Raddish,Local,06-09-2026,4000,4000,4000
Tamil Nadu,Tenkasi,Sankarankoil(Uzhavar Sandhai ),Thondekai,Thondekai,Local,06-09-2026,6000,6000,6000
Tamil Nadu,Tenkasi,Sankarankoil(Uzhavar Sandhai ),Yam(Ratalu),Yam (Ratalu),Local,06-09-2026,7000,7000,7000
Tamil Nadu,Tenkasi,Tenkasi(Uzhavar Sandhai ),Cucumbar(Kheera),Cucumbar,Local,06-09-2026,5000,5000,5000
Tamil Nadu,Tenkasi,Tenkasi(Uzhavar Sandhai ),Garlic,Garlic,Local,06-09-2026,15000,15000,15000
Tamil Nadu,Tenkasi,Tenkasi(Uzhavar Sandhai ),Brinjal,Other,Local,06-09-2026,4000,4000,4000
Tamil Nadu,Tenkasi,Tenkasi(Uzhavar Sandhai ),Coriander(Leaves),I Sort,Local,06-09-2026,2500,2500,2500
Tamil Nadu,Tenkasi,Tenkasi(Uzhavar Sandhai ),Banana - Green,Banana - Green,Local,06-09-2026,2500,3000,2750
Tamil Nadu,Tenkasi,Tenkasi(Uzhavar Sandhai ),Tapioca,Tapioca,Local,06-09-2026,4000,4000,4000
Tamil Nadu,Tenkasi,Tenkasi(Uzhavar Sandhai ),Lime,Lime,Local,06-09-2026,4000,4000,4000
Tamil Nadu,Tenkasi,Tenkasi(Uzhavar Sandhai ),Jack Fruit(Ripe),Jack Fruit,Local,06-09-2026,3000,3000,3000
Tamil Nadu,Tenkasi,Tenkasi(Uzhavar Sandhai ),Tender Coconut,Tender Coconut,Local,06-09-2026,3500,4000,3750
Tamil Nadu,Tenkasi,Tenkasi(Uzhavar Sandhai ),Yam(Ratalu),Yam (Ratalu),Local,06-09-2026,8000,8000,8000
Tamil Nadu,Tenkasi,Tenkasi(Uzhavar Sandhai ),Mint(Pudina),Mint(Pudina),Local,06-09-2026,5000,5000,5000
Tamil Nadu,Pudukkottai,Pudukottai(Uzhavar Sandhai ),Cabbage,Cabbage,Local,06-09-2026,3000,3500,3250
Tamil Nadu,Pudukkottai,Pudukottai(Uzhavar Sandhai ),Snakeguard,Snakeguard,Local,06-09-2026,3000,3500,3250
Tamil Nadu,Pudukkottai,Pudukottai(Uzhavar Sandhai ),Cluster beans,Cluster Beans,Local,06-09-2026,2500,3000,2750
Tamil Nadu,Pudukkottai,Pudukottai(Uzhavar Sandhai ),Ashgourd,Gouard,Local,06-09-2026,1000,1500,1250
Tamil Nadu,Pudukkottai,Pudukottai(Uzhavar Sandhai ),Raddish,Raddish,Local,06-09-2026,3000,4000,3500
Tamil Nadu,Pudukkottai,Pudukottai(Uzhavar Sandhai ),Chow Chow,Chow Chow,Local,06-09-2026,4000,4500,4250
Tamil Nadu,Pudukkottai,Pudukottai(Uzhavar Sandhai ),Drumstick,Drumstick,Local,06-09-2026,4000,5000,4500
Tamil Nadu,Pudukkottai,Pudukottai(Uzhavar Sandhai ),Mango(Raw-Ripe),Mango - Raw-Ripe,Local,06-09-2026,9000,10000,9500
Tamil Nadu,Pudukkottai,Pudukottai(Uzhavar Sandhai ),Lime,Lime,Local,06-09-2026,1500,2000,1750
Tamil Nadu,Pudukkottai,Pudukottai(Uzhavar Sandhai ),Pomegranate,Pomogranate,Local,06-09-2026,22000,23000,22500
Tamil Nadu,Pudukkottai,Pudukottai(Uzhavar Sandhai ),Yam(Ratalu),Yam (Ratalu),Local,06-09-2026,7000,8000,7500
Tamil Nadu,Thanjavur,Kumbakonam (Uzhavar Sandhai ),Cabbage,Cabbage,Local,06-09-2026,2400,3600,3000
Tamil Nadu,Thanjavur,Kumbakonam (Uzhavar Sandhai ),Brinjal,Round,Local,06-09-2026,4800,7200,6000
Tamil Nadu,Thanjavur,Kumbakonam (Uzhavar Sandhai ),Bitter gourd,Bitter Gourd,Local,06-09-2026,3600,7200,5400
Tamil Nadu,Thanjavur,Kumbakonam (Uzhavar Sandhai ),Ginger(Green),Green Ginger,Local,06-09-2026,10800,22000,16400
Tamil Nadu,Thanjavur,Kumbakonam (Uzhavar Sandhai ),Raddish,Raddish,Local,06-09-2026,3600,3600,3600
Tamil Nadu,Thanjavur,Kumbakonam (Uzhavar Sandhai ),Drumstick,Drumstick,Local,06-09-2026,4800,4800,4800
Tamil Nadu,Thanjavur,Kumbakonam (Uzhavar Sandhai ),Amla(Nelli Kai),Amla,Local,06-09-2026,8000,8000,8000
Tamil Nadu,The Nilgiris,Udhagamandalam(Uzhavar Sandhai ),Coconut,Coconut,Local,06-09-2026,6000,6500,6250
Tamil Nadu,The Nilgiris,Udhagamandalam(Uzhavar Sandhai ),Carrot,Pusakesar,Local,06-09-2026,3000,3500,3250
Tamil Nadu,The Nilgiris,Udhagamandalam(Uzhavar Sandhai ),Cabbage,Cabbage,Local,06-09-2026,2000,2500,2250
Tamil Nadu,The Nilgiris,Udhagamandalam(Uzhavar Sandhai ),Cucumbar(Kheera),Cucumbar,Local,06-09-2026,3000,3500,3250
Tamil Nadu,The Nilgiris,Udhagamandalam(Uzhavar Sandhai ),Ridgeguard(Tori),Ridgeguard(Tori),Local,06-09-2026,4500,4800,4650
Tamil Nadu,The Nilgiris,Udhagamandalam(Uzhavar Sandhai ),Orange,Darjeeling,Local,06-09-2026,10000,11000,10500
Tamil Nadu,The Nilgiris,Udhagamandalam(Uzhavar Sandhai ),Green Peas,Green Peas,Local,06-09-2026,10000,12000,11000
Tamil Nadu,The Nilgiris,Udhagamandalam(Uzhavar Sandhai ),Ashgourd,Gouard,Local,06-09-2026,1500,2000,1750
Tamil Nadu,The Nilgiris,Udhagamandalam(Uzhavar Sandhai ),Green Chilli,Green Chilly,Local,06-09-2026,4000,4500,4250
Tamil Nadu,The Nilgiris,Udhagamandalam(Uzhavar Sandhai ),Cowpea(Veg),Cowpea (Veg),Local,06-09-2026,3500,4000,3750
Tamil Nadu,The Nilgiris,Udhagamandalam(Uzhavar Sandhai ),Beans,Beans (Whole),Local,06-09-2026,6500,7000,6750
Tamil Nadu,The Nilgiris,Udhagamandalam(Uzhavar Sandhai ),Ginger(Green),Green Ginger,Local,06-09-2026,15000,16000,15500
Tamil Nadu,The Nilgiris,Udhagamandalam(Uzhavar Sandhai ),Pomegranate,Pomogranate,Local,06-09-2026,12000,14000,13000
Tamil Nadu,Theni,Andipatti(Uzhavar Sandhai ),Carrot,Pusakesar,Local,06-09-2026,5000,5400,5200
Tamil Nadu,Theni,Andipatti(Uzhavar Sandhai ),Beetroot,Beetroot,Local,06-09-2026,2800,3000,2900
Tamil Nadu,Theni,Andipatti(Uzhavar Sandhai ),Banana,Karpura,Local,06-09-2026,5500,6000,5750
Tamil Nadu,Theni,Andipatti(Uzhavar Sandhai ),Garlic,Garlic,Local,06-09-2026,23000,24000,23500
Tamil Nadu,Theni,Andipatti(Uzhavar Sandhai ),Tomato,Other,Local,06-09-2026,2600,2800,2700
Tamil Nadu,Theni,Andipatti(Uzhavar Sandhai ),Pumpkin,Pumpkin,Local,06-09-2026,1600,1800,1700
Tamil Nadu,Theni,Andipatti(Uzhavar Sandhai ),Ridgeguard(Tori),Ridgeguard(Tori),Local,06-09-2026,3600,3800,3700
Tamil Nadu,Theni,Andipatti(Uzhavar Sandhai ),Beans,Beans (Whole),Local,06-09-2026,8000,8500,8250
Tamil Nadu,Theni,Andipatti(Uzhavar Sandhai ),Raddish,Raddish,Local,06-09-2026,1800,2000,1900
Tamil Nadu,Theni,Andipatti(Uzhavar Sandhai ),Onion Green,Onion Green,Local,06-09-2026,7500,8000,7750
Tamil Nadu,Theni,Bodinayakanur(Uzhavar Sandhai ),Beetroot,Beetroot,Local,06-09-2026,3000,3000,3000
Tamil Nadu,Theni,Bodinayakanur(Uzhavar Sandhai ),Cucumbar(Kheera),Cucumbar,Local,06-09-2026,1800,1800,1800
Tamil Nadu,Theni,Bodinayakanur(Uzhavar Sandhai ),Brinjal,Round,Local,06-09-2026,3500,3500,3500
Tamil Nadu,Theni,Bodinayakanur(Uzhavar Sandhai ),Tomato,Deshi,Local,06-09-2026,2800,2800,2800
Tamil Nadu,Theni,Bodinayakanur(Uzhavar Sandhai ),Knool Khol,Knool Khol,Local,06-09-2026,3000,3000,3000
Tamil Nadu,Theni,Bodinayakanur(Uzhavar Sandhai ),Onion Green,Onion Green,Local,06-09-2026,7500,7500,7500
West Bengal,Bankura,Bishnupur(Bankura) APMC,Brinjal,Brinjal,FAQ,06-09-2026,3000,3700,3500
West Bengal,Bankura,Bishnupur(Bankura) APMC,Potato,Jyoti,FAQ,06-09-2026,680,760,720
Tamil Nadu,Thiruvarur,Needamangalam(Uzhavar Sandhai ),Onion,Bellary,Local,06-09-2026,5400,5400,5400
Tamil Nadu,Thiruvarur,Needamangalam(Uzhavar Sandhai ),Amaranthus,Amaranthus,Local,06-09-2026,2000,2000,2000
Tamil Nadu,Thiruvarur,Needamangalam(Uzhavar Sandhai ),Green Chilli,Green Chilly,Local,06-09-2026,4800,4800,4800
Tamil Nadu,Thiruvarur,Needamangalam(Uzhavar Sandhai ),Green Avare(W),Green Avare (W),Local,06-09-2026,5800,5800,5800
Tamil Nadu,Thiruvarur,Needamangalam(Uzhavar Sandhai ),Mint(Pudina),Mint(Pudina),Local,06-09-2026,5000,5000,5000
Tamil Nadu,Thiruvarur,Tiruvarur(Uzhavar Sandhai ),Brinjal,Round,Local,06-09-2026,4000,4000,4000
Tamil Nadu,Thiruvarur,Tiruvarur(Uzhavar Sandhai ),Coriander(Leaves),I Sort,Local,06-09-2026,4000,4000,4000
Tamil Nadu,Thiruvarur,Tiruvarur(Uzhavar Sandhai ),Cluster beans,Cluster Beans,Local,06-09-2026,3800,3800,3800
Tamil Nadu,Thiruvarur,Tiruvarur(Uzhavar Sandhai ),Bottle gourd,Bottle Gourd,Local,06-09-2026,3000,3000,3000
Tamil Nadu,Thiruvarur,Tiruvarur(Uzhavar Sandhai ),Ashgourd,Gouard,Local,06-09-2026,3000,3000,3000
Tamil Nadu,Thiruvarur,Tiruvarur(Uzhavar Sandhai ),Drumstick,Drumstick,Local,06-09-2026,4600,4600,4600
Tamil Nadu,Thiruvarur,Tiruvarur(Uzhavar Sandhai ),Mango(Raw-Ripe),Mango - Raw-Ripe,Local,06-09-2026,7000,7000,7000
Keralam,Malappuram,Mankada VFPCK Market,Banana,Nendra Bale,Local,06-09-2026,5100,5300,5200
NCT of Delhi,Delhi,"Fish,Poultry & Egg Market, Gazipur APMC",Cock,Boiler/Firm(White),Local,06-09-2026,7000,11000,9000
Tamil Nadu,Virudhunagar,Aruppukottai(Uzhavar Sandhai ),Beetroot,Beetroot,Local,06-09-2026,4500,5000,4750
Tamil Nadu,Virudhunagar,Aruppukottai(Uzhavar Sandhai ),Chikoos(Sapota),Sapota,Local,06-09-2026,3500,4000,3750
Tamil Nadu,Virudhunagar,Aruppukottai(Uzhavar Sandhai ),Tomato,Deshi,Local,06-09-2026,2000,2500,2250
Tamil Nadu,Virudhunagar,Aruppukottai(Uzhavar Sandhai ),Banana - Green,Banana - Green,Local,06-09-2026,3000,3500,3250
Tamil Nadu,Virudhunagar,Aruppukottai(Uzhavar Sandhai ),Tender Coconut,Tender Coconut,Local,06-09-2026,4500,5000,4750
Tamil Nadu,Villupuram,Gingee(Uzhavar Sandhai ),Cucumbar(Kheera),Cucumbar,Local,06-09-2026,4500,4500,4500
Tamil Nadu,Villupuram,Gingee(Uzhavar Sandhai ),Banana,Karpura,Local,06-09-2026,5000,6000,5500
Tamil Nadu,Villupuram,Gingee(Uzhavar Sandhai ),Ridgeguard(Tori),Ridgeguard(Tori),Local,06-09-2026,4000,4000,4000
Tamil Nadu,Villupuram,Gingee(Uzhavar Sandhai ),Tomato,Deshi,Local,06-09-2026,2000,2500,2250
Tamil Nadu,Villupuram,Gingee(Uzhavar Sandhai ),Cluster beans,Cluster Beans,Local,06-09-2026,3500,3500,3500
Tamil Nadu,Villupuram,Gingee(Uzhavar Sandhai ),Bhindi(Ladies Finger),Bhindi,Local,06-09-2026,2500,2500,2500
Tamil Nadu,Villupuram,Gingee(Uzhavar Sandhai ),Chow Chow,Chow Chow,Local,06-09-2026,4500,4500,4500
Tamil Nadu,Villupuram,Gingee(Uzhavar Sandhai ),Mint(Pudina),Mint(Pudina),Local,06-09-2026,3000,3000,3000
Uttar Pradesh,Bareilly,Bareilly APMC,Wood,Other,FAQ,06-09-2026,1000,1000,1000
Uttar Pradesh,Barabanki,Barabanki APMC,Wheat,Dara,FAQ,06-09-2026,2450,2500,2469.82
Tamil Nadu,Thiruvarur,Valangaiman APMC,Bottle gourd,Bottle Gourd,Local,06-09-2026,3000,3000,3000
Tamil Nadu,Thiruvarur,Valangaiman APMC,Green Chilli,Green Chilly,Local,06-09-2026,6000,6000,6000
Andhra Pradesh,Srikakulam,Ichapuram APMC,Paddy(Common),Sannalu,Local,06-09-2026,2369,2369,2369
Tamil Nadu,Virudhunagar,Kariyapatti(Uzhavar Sandhai ),Carrot,Pusakesar,Local,06-09-2026,6500,7000,6750
Tamil Nadu,Virudhunagar,Kariyapatti(Uzhavar Sandhai ),Ridgeguard(Tori),Ridgeguard(Tori),Local,06-09-2026,5500,6000,5750
Tamil Nadu,Virudhunagar,Kariyapatti(Uzhavar Sandhai ),Potato,Red Nanital,Local,06-09-2026,3000,3500,3250
Tamil Nadu,Virudhunagar,Kariyapatti(Uzhavar Sandhai ),Bottle gourd,Bottle Gourd,Local,06-09-2026,1800,2000,1900
Tamil Nadu,Virudhunagar,Kariyapatti(Uzhavar Sandhai ),Ashgourd,Gouard,Local,06-09-2026,2000,2500,2250
Tamil Nadu,Virudhunagar,Kariyapatti(Uzhavar Sandhai ),Guava,Guava Allahabad,Local,06-09-2026,4500,5000,4750
Uttar Pradesh,Chandauli,Chandoli APMC,Wood,Eucalyptus,FAQ,06-09-2026,400,400,400
Madhya Pradesh,Dhar,Manawar(F&V) APMC,Cabbage,Cabbage,Grade B,06-09-2026,1200,1500,1300
Madhya Pradesh,Dhar,Manawar(F&V) APMC,Tomato,Tomato,Grade B,06-09-2026,1500,1800,1550
Madhya Pradesh,Dhar,Manawar(F&V) APMC,Bottle gourd,Bottle Gourd,Grade B,06-09-2026,650,800,657
Madhya Pradesh,Dhar,Manawar(F&V) APMC,Pumpkin,Pumpkin,Grade B,06-09-2026,700,850,757
Madhya Pradesh,Dhar,Manawar(F&V) APMC,Cucumbar(Kheera),Cucumbar,Grade B,06-09-2026,1000,1200,1100
Madhya Pradesh,Dhar,Manawar(F&V) APMC,Baby Corn,Baby Corn,Grade B,06-09-2026,600,900,700
Tamil Nadu,Vellore,Katpadi (Uzhavar Sandhai ),Potato,Red Nanital,Local,06-09-2026,2500,3800,3150
Tamil Nadu,Vellore,Katpadi (Uzhavar Sandhai ),Brinjal,Round,Local,06-09-2026,3000,4000,3500
Tamil Nadu,Vellore,Katpadi (Uzhavar Sandhai ),Bitter gourd,Bitter Gourd,Local,06-09-2026,3500,4500,4000
Tamil Nadu,Vellore,Katpadi (Uzhavar Sandhai ),Ashgourd,Gouard,Local,06-09-2026,2500,2500,2500
Tamil Nadu,Vellore,Katpadi (Uzhavar Sandhai ),Pumpkin,Pumpkin,Local,06-09-2026,2500,2500,2500
Tamil Nadu,Vellore,Katpadi (Uzhavar Sandhai ),Green Chilli,Green Chilly,Local,06-09-2026,4000,4500,4250
Tamil Nadu,Vellore,Katpadi (Uzhavar Sandhai ),Banana - Green,Banana - Green,Local,06-09-2026,3000,3000,3000
Tamil Nadu,Vellore,Katpadi (Uzhavar Sandhai ),Raddish,Raddish,Local,06-09-2026,2000,2000,2000
Tamil Nadu,Vellore,Katpadi (Uzhavar Sandhai ),Drumstick,Drumstick,Local,06-09-2026,2500,2500,2500
Tamil Nadu,Vellore,Katpadi (Uzhavar Sandhai ),Lemon,Lemon,Local,06-09-2026,12000,12000,12000
Tamil Nadu,Madurai,Thirumangalam(Uzhavar Sandhai ),Onion,Bellary,Local,06-09-2026,6000,6500,6250
Tamil Nadu,Madurai,Thirumangalam(Uzhavar Sandhai ),Chikoos(Sapota),Sapota,Local,06-09-2026,4000,6000,5000
Tamil Nadu,Madurai,Thirumangalam(Uzhavar Sandhai ),Bottle gourd,Bottle Gourd,Local,06-09-2026,1600,2000,1800
Tamil Nadu,Madurai,Thirumangalam(Uzhavar Sandhai ),Ashgourd,Gouard,Local,06-09-2026,1600,2000,1800
Tamil Nadu,Madurai,Thirumangalam(Uzhavar Sandhai ),Ridgeguard(Tori),Ridgeguard(Tori),Local,06-09-2026,5000,5500,5250
Tamil Nadu,Madurai,Thirumangalam(Uzhavar Sandhai ),Lemon,Lemon,Local,06-09-2026,22000,24000,23000
Keralam,Pathanamthitta,Chittar  VFPCK Market,Tapioca,Tapioca,Grade Range-1,06-09-2026,2800,3250,3000
Tamil Nadu,Madurai,Melur(Uzhavar Sandhai ),Coconut,Coconut,Local,06-09-2026,6800,7000,6900
Tamil Nadu,Madurai,Melur(Uzhavar Sandhai ),Ridgeguard(Tori),Ridgeguard(Tori),Local,06-09-2026,5000,5500,5250
Tamil Nadu,Madurai,Melur(Uzhavar Sandhai ),Chikoos(Sapota),Sapota,Local,06-09-2026,4000,6000,5000
Tamil Nadu,Madurai,Melur(Uzhavar Sandhai ),Papaya,Papaya,Local,06-09-2026,4500,5000,4750
Tamil Nadu,Madurai,Melur(Uzhavar Sandhai ),Cluster beans,Cluster Beans,Local,06-09-2026,3000,3200,3100
Tamil Nadu,Madurai,Melur(Uzhavar Sandhai ),Bhindi(Ladies Finger),Bhindi,Local,06-09-2026,2800,3200,3000
Tamil Nadu,Madurai,Melur(Uzhavar Sandhai ),Amaranthus,Amaranthus,Local,06-09-2026,3000,3600,3300
Tamil Nadu,Madurai,Melur(Uzhavar Sandhai ),Mango(Raw-Ripe),Mango - Raw-Ripe,Local,06-09-2026,9000,10000,9500
Tamil Nadu,Madurai,Melur(Uzhavar Sandhai ),Guava,Guava Allahabad,Local,06-09-2026,6000,7000,6500
Tamil Nadu,Madurai,Melur(Uzhavar Sandhai ),Mint(Pudina),Mint(Pudina),Local,06-09-2026,4500,5000,4750
Madhya Pradesh,Tikamgarh,Khargapur APMC,Wheat,Mill Quality,FAQ,06-09-2026,2590,2610,2610
Tamil Nadu,Salem,Vazhapadi(Uzhavar Sandhai),Carrot,Pusakesar,Local,06-09-2026,6000,6000,6000
Tamil Nadu,Salem,Vazhapadi(Uzhavar Sandhai),Papaya,Papaya,Local,06-09-2026,3500,3500,3500
Tamil Nadu,Salem,Vazhapadi(Uzhavar Sandhai),Bitter gourd,Bitter Gourd,Local,06-09-2026,5000,5500,5250
Tamil Nadu,Salem,Vazhapadi(Uzhavar Sandhai),Coconut,Coconut,Local,06-09-2026,6000,6000,6000
Tamil Nadu,Salem,Vazhapadi(Uzhavar Sandhai),Tamarind Fruit,Tamarind Fruit,Local,06-09-2026,15000,15000,15000
Tamil Nadu,Karur,Gandhigramam(Uzhavar Sandhai),Potato,Other,Local,06-09-2026,3500,6000,4750
Tamil Nadu,Karur,Gandhigramam(Uzhavar Sandhai),Tomato,Other,Local,06-09-2026,2800,3000,2900
Tamil Nadu,Karur,Gandhigramam(Uzhavar Sandhai),Green Chilli,Green Chilly,Local,06-09-2026,4500,5000,4750
Tamil Nadu,Karur,Gandhigramam(Uzhavar Sandhai),Beans,Beans (Whole),Local,06-09-2026,7000,8000,7500
Tamil Nadu,Karur,Gandhigramam(Uzhavar Sandhai),Tapioca,Tapioca,Local,06-09-2026,3000,3500,3250
Tamil Nadu,Karur,Gandhigramam(Uzhavar Sandhai),Ginger(Green),Green Ginger,Local,06-09-2026,16000,18000,17000
Tamil Nadu,Karur,Gandhigramam(Uzhavar Sandhai),Coconut,Coconut,Local,06-09-2026,5500,6000,5750
Tamil Nadu,Karur,Gandhigramam(Uzhavar Sandhai),Thondekai,Thondekai,Local,06-09-2026,4500,5000,4750
Tamil Nadu,Karur,Gandhigramam(Uzhavar Sandhai),Drumstick,Drumstick,Local,06-09-2026,2500,3000,2750
Tamil Nadu,Karur,Gandhigramam(Uzhavar Sandhai),Amla(Nelli Kai),Amla,Local,06-09-2026,8500,9500,9000
Karnataka,Bengaluru South,Ramanagara APMC,Tomato,Tomato,Local,06-09-2026,1200,2000,1500
Karnataka,Bengaluru South,Ramanagara APMC,Chilly Capsicum,Chilly Capsicum,Local,06-09-2026,4000,5500,4800
Karnataka,Bengaluru South,Ramanagara APMC,Bitter gourd,Bitter Gourd,Local,06-09-2026,3000,4000,3600
Karnataka,Bengaluru South,Ramanagara APMC,Brinjal,Round,Local,06-09-2026,1400,2400,2000
Tamil Nadu,Pudukkottai,Aranthangi(Uzhavar Sandhai ),Papaya,Papaya,Local,06-09-2026,2500,3000,2750
Tamil Nadu,Pudukkottai,Aranthangi(Uzhavar Sandhai ),Green Chilli,Green Chilly,Local,06-09-2026,4500,5000,4750
Tamil Nadu,Pudukkottai,Aranthangi(Uzhavar Sandhai ),Banana - Green,Banana - Green,Local,06-09-2026,2500,3000,2750
Tamil Nadu,Pudukkottai,Aranthangi(Uzhavar Sandhai ),Tapioca,Tapioca,Local,06-09-2026,2500,3000,2750
Tamil Nadu,Pudukkottai,Aranthangi(Uzhavar Sandhai ),Mint(Pudina),Mint(Pudina),Local,06-09-2026,4500,5000,4750
Tamil Nadu,Nagapattinam,Vedaranyam(Uzhavar Sandhai),Banana,Poovan,Local,06-09-2026,4000,4000,4000
Tamil Nadu,Nagapattinam,Vedaranyam(Uzhavar Sandhai),Cluster beans,Cluster Beans,Local,06-09-2026,4000,4500,4250
Tamil Nadu,Nagapattinam,Vedaranyam(Uzhavar Sandhai),Amaranthus,Amaranthus,Local,06-09-2026,1500,2000,1750
Tamil Nadu,Nagapattinam,Vedaranyam(Uzhavar Sandhai),Ginger(Green),Green Ginger,Local,06-09-2026,16000,19000,17500
Tamil Nadu,Nagapattinam,Vedaranyam(Uzhavar Sandhai),Raddish,Raddish,Local,06-09-2026,3000,3500,3250
Tamil Nadu,Nagapattinam,Vedaranyam(Uzhavar Sandhai),Mango(Raw-Ripe),Mango - Raw-Ripe,Local,06-09-2026,4400,5500,4950
Tamil Nadu,Nagapattinam,Vedaranyam(Uzhavar Sandhai),Yam(Ratalu),Yam (Ratalu),Local,06-09-2026,6400,6400,6400
Tamil Nadu,Vellore,Perampet(Uzhavar Sandhai),Brinjal,Other,Local,06-09-2026,3000,3600,3300
Tamil Nadu,Vellore,Perampet(Uzhavar Sandhai),Amaranthus,Amaranthus,Local,06-09-2026,4000,4000,4000
Tamil Nadu,Vellore,Perampet(Uzhavar Sandhai),Cowpea(Veg),Cowpea (Veg),Local,06-09-2026,5000,5000,5000
Tamil Nadu,Vellore,Perampet(Uzhavar Sandhai),Colacasia,Colacasia,Local,06-09-2026,5000,5600,5300
Tamil Nadu,Vellore,Perampet(Uzhavar Sandhai),Amla(Nelli Kai),Amla,Local,06-09-2026,10000,10000,10000
Tamil Nadu,Vellore,Perampet(Uzhavar Sandhai),Onion Green,Onion Green,Local,06-09-2026,8000,9000,8500
Uttar Pradesh,Ayodhya,Ayodhya APMC,Wheat,Dara Mill Quality,FAQ,06-09-2026,2500,2500,2500
Madhya Pradesh,Badwani,Sendhwa(F&V) APMC,Bottle gourd,Bottle Gourd,Medium,06-09-2026,700,1200,900
Madhya Pradesh,Badwani,Sendhwa(F&V) APMC,Cabbage,Cabbage,Medium,06-09-2026,800,1100,900
Madhya Pradesh,Badwani,Sendhwa(F&V) APMC,Cucumbar(Kheera),Cucumbar,Medium,06-09-2026,400,900,600
Maharashtra,Pune,Pune(Pimpri) ,Bitter gourd,Other,Local,06-09-2026,3000,3000,3000
Maharashtra,Pune,Pune(Pimpri) ,Cabbage,Other,Local,06-09-2026,1000,1200,1100
Maharashtra,Pune,Pune(Pimpri) ,Cucumbar(Kheera),Other,Local,06-09-2026,1400,2000,1700
Andhra Pradesh,Srikakulam,Etcherla APMC,Maize,Deshi White,Local,06-09-2026,2400,2400,2400
Andhra Pradesh,Srikakulam,Etcherla APMC,Paddy(Common),1121,FAQ,06-09-2026,2369,2369,2369
Tamil Nadu,Karur,Kulithalai(Uzhavar Sandhai ),Coconut,Coconut,Local,06-09-2026,6000,6500,6250
Tamil Nadu,Karur,Kulithalai(Uzhavar Sandhai ),Sweet Potato,Hosur Red,Local,06-09-2026,2500,3000,2750
Tamil Nadu,Karur,Kulithalai(Uzhavar Sandhai ),Cucumbar(Kheera),Cucumbar,Local,06-09-2026,6000,6500,6250
Tamil Nadu,Karur,Kulithalai(Uzhavar Sandhai ),Banana,Other,Local,06-09-2026,5500,6000,5750
Tamil Nadu,Karur,Kulithalai(Uzhavar Sandhai ),Cauliflower,Ranchi,Local,06-09-2026,3500,4000,3750
Tamil Nadu,Karur,Kulithalai(Uzhavar Sandhai ),Cowpea(Veg),Cowpea (Veg),Local,06-09-2026,2500,4000,3250
Tamil Nadu,Karur,Kulithalai(Uzhavar Sandhai ),Raddish,Raddish,Local,06-09-2026,3000,3200,3100
Tamil Nadu,Karur,Kulithalai(Uzhavar Sandhai ),Ginger(Green),Green Ginger,Local,06-09-2026,16500,17000,16750
Tamil Nadu,Karur,Kulithalai(Uzhavar Sandhai ),Green Avare(W),Other,Local,06-09-2026,5500,7000,6250
Tamil Nadu,Karur,Kulithalai(Uzhavar Sandhai ),Mango(Raw-Ripe),Mango - Raw-Ripe,Local,06-09-2026,7000,9000,8000
Tamil Nadu,Karur,Kulithalai(Uzhavar Sandhai ),Yam(Ratalu),Yam (Ratalu),Local,06-09-2026,7000,8000,7500
Tamil Nadu,Karur,Kulithalai(Uzhavar Sandhai ),Sweet Corn ,Sweet Corn ,Local,06-09-2026,4500,5000,4750
Tamil Nadu,Chengalpattu,Guduvancheri(Uzhavar Sandhai ),Cucumbar(Kheera),Cucumbar,Local,06-09-2026,4000,5000,4500
Tamil Nadu,Chengalpattu,Guduvancheri(Uzhavar Sandhai ),Brinjal,Round,Local,06-09-2026,3500,4000,3750
Tamil Nadu,Chengalpattu,Guduvancheri(Uzhavar Sandhai ),Papaya,Papaya,Local,06-09-2026,4000,5000,4500
Tamil Nadu,Chengalpattu,Guduvancheri(Uzhavar Sandhai ),Bottle gourd,Bottle Gourd,Local,06-09-2026,3500,4000,3750
Tamil Nadu,Chengalpattu,Guduvancheri(Uzhavar Sandhai ),Marigold(Calcutta),Marigold(Calcutta),Local,06-09-2026,14000,16000,15000
Tamil Nadu,Chengalpattu,Guduvancheri(Uzhavar Sandhai ),Mint(Pudina),Mint(Pudina),Local,06-09-2026,3500,4000,3750
Tamil Nadu,Thirupur,Dharapuram(Uzhavar Sandhai ),Cabbage,Cabbage,Local,06-09-2026,3000,3500,3250
Tamil Nadu,Thirupur,Dharapuram(Uzhavar Sandhai ),Onion,Bellary,Local,06-09-2026,6000,6500,6250
Tamil Nadu,Thirupur,Dharapuram(Uzhavar Sandhai ),Coriander(Leaves),I Sort,Local,06-09-2026,3500,4000,3750
Tamil Nadu,Thirupur,Dharapuram(Uzhavar Sandhai ),Papaya,Papaya,Local,06-09-2026,2500,3000,2750
Tamil Nadu,Thirupur,Dharapuram(Uzhavar Sandhai ),Pumpkin,Pumpkin,Local,06-09-2026,2000,2500,2250
Tamil Nadu,Thirupur,Dharapuram(Uzhavar Sandhai ),Amaranthus,Amaranthus,Local,06-09-2026,2500,3000,2750
Tamil Nadu,Thirupur,Dharapuram(Uzhavar Sandhai ),Banana - Green,Banana - Green,Local,06-09-2026,2500,3000,2750
Tamil Nadu,Thirupur,Dharapuram(Uzhavar Sandhai ),Raddish,Raddish,Local,06-09-2026,3000,3500,3250
Tamil Nadu,Thirupur,Dharapuram(Uzhavar Sandhai ),Drumstick,Drumstick,Local,06-09-2026,3000,3500,3250
Tamil Nadu,Thirupur,Palladam(Uzhavar Sandhai ),Ridgeguard(Tori),Ridgeguard(Tori),Local,06-09-2026,4000,5000,4500
Tamil Nadu,Thirupur,Palladam(Uzhavar Sandhai ),Bhindi(Ladies Finger),Bhindi,Local,06-09-2026,4000,5000,4500
Tamil Nadu,Thirupur,Palladam(Uzhavar Sandhai ),Raddish,Raddish,Local,06-09-2026,2500,3000,2750
Tamil Nadu,Thirupur,Palladam(Uzhavar Sandhai ),Onion Green,Onion Green,Local,06-09-2026,6000,7000,6500
Telangana,Ranga Reddy,"Saroornagar,RBZ",Potato,Other,Medium,06-09-2026,1700,1700,1700
Telangana,Ranga Reddy,"Saroornagar,RBZ",Beetroot,Beetroot,Medium,06-09-2026,2600,2600,2600
Telangana,Ranga Reddy,"Saroornagar,RBZ",Bhindi(Ladies Finger),Other,Medium,06-09-2026,3500,3500,3500
Telangana,Ranga Reddy,"Saroornagar,RBZ",Drumstick,Drumstick,Medium,06-09-2026,4000,4000,4000
Telangana,Ranga Reddy,"Saroornagar,RBZ",Leafy Vegetable,Leafy Vegetables,Medium,06-09-2026,2000,2000,2000
Telangana,Ranga Reddy,"Saroornagar,RBZ",Yam(Ratalu),Yam (Ratalu),Medium,06-09-2026,3500,3500,3500
Uttar Pradesh,Ghaziabad,Hapur APMC,Rice,Common,FAQ,06-09-2026,4000,4000,4000
Uttar Pradesh,Hathras,Haathras APMC,Bajra(Pearl Millet/Cumbu),Other,FAQ,06-09-2026,2020,2020,2020
Uttar Pradesh,Raebarelli,Jayas APMC,Wheat,Dara,FAQ,06-09-2026,2400,2500,2463.99
Uttar Pradesh,Ghazipur,Jangipura APMC,Green Chilli,Other,FAQ,06-09-2026,1500,1500,1500
Tamil Nadu,Kallakuruchi,Kallakurichi(Uzhavar Sandhai ),Ridgeguard(Tori),Ridgeguard(Tori),Local,06-09-2026,4000,4000,4000
Tamil Nadu,Kallakuruchi,Kallakurichi(Uzhavar Sandhai ),Groundnut,Big (With Shell),Local,06-09-2026,7000,7000,7000
Tamil Nadu,Kallakuruchi,Kallakurichi(Uzhavar Sandhai ),Cauliflower,Ranchi,Local,06-09-2026,3000,3000,3000
Tamil Nadu,Kallakuruchi,Kallakurichi(Uzhavar Sandhai ),Banana - Green,Banana - Green,Local,06-09-2026,3000,3000,3000
Tamil Nadu,Kallakuruchi,Kallakurichi(Uzhavar Sandhai ),Thondekai,Thondekai,Local,06-09-2026,5000,5000,5000
Tamil Nadu,Kallakuruchi,Kallakurichi(Uzhavar Sandhai ),Green Avare(W),Green Avare (W),Local,06-09-2026,7000,7000,7000
Tamil Nadu,Kallakuruchi,Kallakurichi(Uzhavar Sandhai ),Chow Chow,Chow Chow,Local,06-09-2026,5000,5000,5000
Tamil Nadu,Kallakuruchi,Kallakurichi(Uzhavar Sandhai ),Marigold(Calcutta),Marigold(Calcutta),Local,06-09-2026,35000,35000,35000
Tamil Nadu,Kallakuruchi,Kallakurichi(Uzhavar Sandhai ),Mint(Pudina),Mint(Pudina),Local,06-09-2026,3000,3000,3000
Uttar Pradesh,Farukhabad,Mohamadabad APMC,Potato,Other,FAQ,06-09-2026,550,550,550
Andhra Pradesh,Dr.B.R.A.Konaseema,Razole APMC,Coconut,Medium,FAQ,06-09-2026,18500,21000,18500
Tamil Nadu,Salem,Athur(Uzhavar Sandhai ),Snakeguard,Snakeguard,Local,06-09-2026,2500,2800,2650
Tamil Nadu,Salem,Athur(Uzhavar Sandhai ),Ridgeguard(Tori),Ridgeguard(Tori),Local,06-09-2026,3500,4000,3750
Tamil Nadu,Salem,Athur(Uzhavar Sandhai ),Coriander(Leaves),I Sort,Local,06-09-2026,2500,3000,2750
Tamil Nadu,Salem,Athur(Uzhavar Sandhai ),Tomato,Local,Local,06-09-2026,2000,2400,2200
Tamil Nadu,Salem,Athur(Uzhavar Sandhai ),Pumpkin,Pumpkin,Local,06-09-2026,2200,2500,2350
Tamil Nadu,Salem,Athur(Uzhavar Sandhai ),Drumstick,Drumstick,Local,06-09-2026,2500,3000,2750
Tamil Nadu,Salem,Athur(Uzhavar Sandhai ),Jasmine,Jasmine,Local,06-09-2026,55000,60000,57500
Tamil Nadu,Salem,Athur(Uzhavar Sandhai ),Kakada,Kakada,Local,06-09-2026,28000,30000,29000
Tamil Nadu,Salem,Athur(Uzhavar Sandhai ),Onion Green,Onion Green,Local,06-09-2026,5500,7000,6250
Tamil Nadu,Theni,Periyakulam(Uzhavar Sandhai ),Beetroot,Beetroot,Local,06-09-2026,2800,3000,2900
Tamil Nadu,Theni,Periyakulam(Uzhavar Sandhai ),Brinjal,Other,Local,06-09-2026,3300,3500,3400
Tamil Nadu,Theni,Periyakulam(Uzhavar Sandhai ),Tomato,Other,Local,06-09-2026,2600,2800,2700
Tamil Nadu,Theni,Periyakulam(Uzhavar Sandhai ),Yam(Ratalu),Yam (Ratalu),Local,06-09-2026,5800,6000,5900
Tamil Nadu,Virudhunagar,Srivilliputhur(Uzhavar Sandhai ),Potato,Red Nanital,Local,06-09-2026,2500,3000,2750
Tamil Nadu,Virudhunagar,Srivilliputhur(Uzhavar Sandhai ),Tomato,Deshi,Local,06-09-2026,2000,2500,2250
Tamil Nadu,Virudhunagar,Srivilliputhur(Uzhavar Sandhai ),Cluster beans,Cluster Beans,Local,06-09-2026,3500,4000,3750
Tamil Nadu,Virudhunagar,Srivilliputhur(Uzhavar Sandhai ),Bitter gourd,Bitter Gourd,Local,06-09-2026,7000,8000,7500
Tamil Nadu,Virudhunagar,Srivilliputhur(Uzhavar Sandhai ),Mint(Pudina),Mint(Pudina),Local,06-09-2026,4500,5000,4750
Uttar Pradesh,Prayagraj,Prayagraj APMC,Wood,Eucalyptus,FAQ,06-09-2026,450,450,450
Uttar Pradesh,Raebarelli,Raibareilly APMC,Paddy(Common),Common,FAQ,06-09-2026,2700,2700,2700
Uttar Pradesh,Barabanki,Safdarganj APMC,Firewood,Firewood,FAQ,06-09-2026,350,350,350
Uttar Pradesh,Raebarelli,Salon APMC,Wood,Other,FAQ,06-09-2026,450,450,450
Uttar Pradesh,Firozabad,Sirsaganj APMC,Potato,Other,FAQ,06-09-2026,500,500,500
Odisha,Keonjhar,Anandapur APMC,Pumpkin,Pumpkin,Local,06-09-2026,1000,1500,1300
Uttar Pradesh,Badaun,Bisoli APMC,Potato,Other,FAQ,06-09-2026,600,600,600
Uttar Pradesh,Amethi,Sultanpur APMC,Wood,Other,FAQ,06-09-2026,530,530,530
Uttar Pradesh,Amethi,Sultanpur APMC,Firewood,Firewood,FAQ,06-09-2026,500,500,500
Punjab,Sangrur,Bhawanigarh APMC,Carrot,Other,Local,06-09-2026,2800,3000,2900
Punjab,Sangrur,Bhawanigarh APMC,Cauliflower,Other,Local,06-09-2026,3000,3500,3250
Punjab,Sangrur,Bhawanigarh APMC,Green Chilli,Green Chilly,Local,06-09-2026,2500,2700,2600
Punjab,Sangrur,Bhawanigarh APMC,Lemon,Other,Local,06-09-2026,11000,11000,11000
Punjab,Sangrur,Bhawanigarh APMC,Cowpea(Veg),Other,Local,06-09-2026,4000,4500,4250
Punjab,Sangrur,Bhawanigarh APMC,Potato,Other,Medium,06-09-2026,500,600,550
Punjab,Sangrur,Bhawanigarh APMC,Spinach,Other,Local,06-09-2026,1500,2000,1750
Odisha,Kalahandi,Mukhiguda APMC,Brinjal,Brinjal,Grade B,06-09-2026,2500,3500,3000
West Bengal,North 24 Parganas,Habra APMC,Papaya(Raw),Other,FAQ,06-09-2026,700,800,700
West Bengal,North 24 Parganas,Habra APMC,Green Chilli,Green Chilly,FAQ,06-09-2026,5000,5000,5000
West Bengal,North 24 Parganas,Habra APMC,Onion,Medium,FAQ,06-09-2026,4200,4200,4200
West Bengal,North 24 Parganas,Habra APMC,Tomato,Other,FAQ,06-09-2026,3200,3200,3200
West Bengal,North 24 Parganas,Habra APMC,Masur Dal,Masur Dal,FAQ,06-09-2026,10500,10600,10600
West Bengal,Bankura,Khatra APMC,Tomato,Tomato,FAQ,06-09-2026,2800,3400,3000
West Bengal,Paschim Bardhaman,Durgapur APMC,Brinjal,Other,FAQ,06-09-2026,3600,3750,3700
West Bengal,Paschim Bardhaman,Durgapur APMC,Onion,Nasik,FAQ,06-09-2026,4250,4400,4300
West Bengal,Paschim Bardhaman,Durgapur APMC,Tomato,Hybrid,FAQ,06-09-2026,2650,2750,2700
West Bengal,Paschim Bardhaman,Durgapur APMC,Masur Dal,Masur Dal,FAQ,06-09-2026,9650,9850,9765
Tripura,North Tripura,Dasda APMC,Onion,Onion,FAQ,06-09-2026,4800,4900,4850
Tamil Nadu,Coimbatore,Vadavalli(Uzhavar Sandhai ),Carrot,Pusakesar,Local,06-09-2026,4600,5400,5000
Tamil Nadu,Coimbatore,Vadavalli(Uzhavar Sandhai ),Snakeguard,Snakeguard,Local,06-09-2026,2200,2800,2500
Tamil Nadu,Coimbatore,Vadavalli(Uzhavar Sandhai ),Groundnut,Big (With Shell),Local,06-09-2026,6500,7000,6750
Tamil Nadu,Coimbatore,Vadavalli(Uzhavar Sandhai ),Apple,American,Local,06-09-2026,20000,28000,24000
Tamil Nadu,Coimbatore,Vadavalli(Uzhavar Sandhai ),Onion,Bellary,Local,06-09-2026,5200,5500,5350
Tamil Nadu,Coimbatore,Vadavalli(Uzhavar Sandhai ),Papaya,Papaya,Local,06-09-2026,4500,5000,4750
Tamil Nadu,Coimbatore,Vadavalli(Uzhavar Sandhai ),Baby Corn,Baby Corn,Grade A,06-09-2026,2200,2600,2400
Tamil Nadu,Coimbatore,Vadavalli(Uzhavar Sandhai ),Sweet Corn ,Sweet Corn ,Local,06-09-2026,3500,4000,3750
West Bengal,Alipurduar,Falakata APMC,Brinjal,Other,FAQ,06-09-2026,3000,3800,3500
West Bengal,Alipurduar,Falakata APMC,Onion,Other,FAQ,06-09-2026,3000,3800,3500
West Bengal,Alipurduar,Falakata APMC,Green Chilli,Other,FAQ,06-09-2026,5000,6000,5500
West Bengal,Darjeeling,Darjeeling APMC,Ginger(Green),Other,FAQ,06-09-2026,8800,9200,9000
West Bengal,Darjeeling,Darjeeling APMC,Potato,Red,FAQ,06-09-2026,1400,1600,1500
West Bengal,Darjeeling,Darjeeling APMC,Raddish,Raddish,FAQ,06-09-2026,3200,3400,3300
Tamil Nadu,Dindigul,Vedasanthur(Uzhavar Sandhai ),Bhindi(Ladies Finger),Bhindi,Local,06-09-2026,2500,3000,2750
Tamil Nadu,Dindigul,Vedasanthur(Uzhavar Sandhai ),Onion Green,Onion Green,Local,06-09-2026,6500,7200,6850
West Bengal,Murshidabad,Kandi APMC,Wheat,Sonalika,FAQ,06-09-2026,2700,2800,2750
Himachal Pradesh,Solan,SMY Parwanoo,Apple,Other,Local,06-09-2026,3000,15000,12000
Tamil Nadu,Coimbatore,Udumalpet APMC,Cabbage,Cabbage,Local,06-09-2026,3000,3500,3250
Tamil Nadu,Coimbatore,Udumalpet APMC,Banana,Red Banana,Local,06-09-2026,7000,8000,7500
Tamil Nadu,Coimbatore,Udumalpet APMC,Potato,Red Nanital,Local,06-09-2026,7000,7500,7250
Tamil Nadu,Coimbatore,Udumalpet APMC,Cauliflower,Ranchi,Local,06-09-2026,2500,3000,2750
Tamil Nadu,Coimbatore,Udumalpet APMC,Papaya,Papaya,Local,06-09-2026,3000,3500,3250
Tamil Nadu,Coimbatore,Udumalpet APMC,Tomato,Deshi,Local,06-09-2026,2000,2800,2400
Tamil Nadu,Coimbatore,Udumalpet APMC,Cluster beans,Cluster Beans,Local,06-09-2026,3500,4000,3750
Tamil Nadu,Coimbatore,Udumalpet APMC,Amaranthus,Amaranthus,Local,06-09-2026,2500,3000,2750
Tamil Nadu,Coimbatore,Udumalpet APMC,Banana - Green,Banana - Green,Local,06-09-2026,2500,3000,2750
Tamil Nadu,Coimbatore,Udumalpet APMC,Indian Beans(Seam),Indian Beans (Seam),Local,06-09-2026,7000,7500,7250
Tamil Nadu,Coimbatore,Udumalpet APMC,Lemon,Lemon,Local,06-09-2026,18000,19000,18500
Tamil Nadu,Coimbatore,Udumalpet APMC,Amla(Nelli Kai),Amla,Local,06-09-2026,7000,8000,7500
Himachal Pradesh,Kullu,SMY Chauri Bihal,Cucumbar(Kheera),Other,Grade Range-1,06-09-2026,500,2000,1500
Madhya Pradesh,Khargone,Bhikangaon APMC,Wheat,Other,FAQ,06-09-2026,2734,2734,2734
Tamil Nadu,Erode,Gobichettipalayam(Uzhavar Sandhai ),Coriander(Leaves),I Sort,Local,06-09-2026,4000,4500,4250
Tamil Nadu,Erode,Gobichettipalayam(Uzhavar Sandhai ),Green Chilli,Green Chilly,Local,06-09-2026,4500,5000,4750
Tamil Nadu,Erode,Gobichettipalayam(Uzhavar Sandhai ),Guava,Guava Allahabad,Local,06-09-2026,5500,6000,5750
Tamil Nadu,Erode,Gobichettipalayam(Uzhavar Sandhai ),Elephant Yam(Suran)/Amorphophallus,Elephant Yam (Suran),Local,06-09-2026,3000,3500,3250
Uttar Pradesh,Gorakhpur,Gorakhpur APMC,Fish,Other,FAQ,06-09-2026,5000,5000,5000
Uttar Pradesh,Gorakhpur,Gorakhpur APMC,Onion,Other,FAQ,06-09-2026,2500,2500,2500
West Bengal,Puruliya,Balarampur APMC,Bhindi(Ladies Finger),Other,Local,06-09-2026,2000,2600,2200
West Bengal,Puruliya,Balarampur APMC,Rice,Other,FAQ,06-09-2026,3520,3700,3640
West Bengal,Puruliya,Balarampur APMC,Brinjal,Other,Local,06-09-2026,3500,3800,3600
Tamil Nadu,Erode,Sampath Nagar(Uzhavar Sandhai ),Beetroot,Beetroot,Local,06-09-2026,6000,7000,6500
Tamil Nadu,Erode,Sampath Nagar(Uzhavar Sandhai ),Apple,American,Local,06-09-2026,26000,27000,26500
Tamil Nadu,Erode,Sampath Nagar(Uzhavar Sandhai ),Banana,Besrai,Local,06-09-2026,2500,2800,2650
Tamil Nadu,Erode,Sampath Nagar(Uzhavar Sandhai ),Water Melon,Water Melon,Local,06-09-2026,1000,1500,1250
Tamil Nadu,Erode,Sampath Nagar(Uzhavar Sandhai ),Bottle gourd,Bottle Gourd,Local,06-09-2026,1500,2000,1750
Tamil Nadu,Erode,Sampath Nagar(Uzhavar Sandhai ),Beans,Beans (Whole),Local,06-09-2026,6500,7200,6850
Tamil Nadu,Erode,Sampath Nagar(Uzhavar Sandhai ),Knool Khol,Knool Khol,Local,06-09-2026,3000,3500,3250
Tamil Nadu,Erode,Sampath Nagar(Uzhavar Sandhai ),Guava,Guava Allahabad,Local,06-09-2026,4500,5000,4750
Tamil Nadu,Erode,Sampath Nagar(Uzhavar Sandhai ),Jasmine,Jasmine,Local,06-09-2026,60000,64000,62000
Tamil Nadu,Erode,Sampath Nagar(Uzhavar Sandhai ),Lemon,Lemon,Local,06-09-2026,26000,27000,26500
Tamil Nadu,Erode,Sampath Nagar(Uzhavar Sandhai ),Onion Green,Onion Green,Local,06-09-2026,6000,6800,6400
Tamil Nadu,Erode,Sampath Nagar(Uzhavar Sandhai ),Mint(Pudina),Mint(Pudina),Local,06-09-2026,3500,4000,3750
Himachal Pradesh,Kullu,SMY Bandrol,Cauliflower,Other,FAQ,06-09-2026,1400,3200,2500
Himachal Pradesh,Kullu,SMY Bandrol,Pomegranate,Other,Grade A,06-09-2026,2500,7000,4500
Uttar Pradesh,Kannuj,Kannauj APMC,Wheat,Dara,FAQ,06-09-2026,2500,2500,2500
West Bengal,Jhargram,Jhargram APMC,Little gourd(Kundru),Little gourd (Kundru),FAQ,06-09-2026,1200,1400,1300
West Bengal,Jhargram,Jhargram APMC,Pointed gourd(Parval),Other,FAQ,06-09-2026,3200,3600,3400
West Bengal,Jhargram,Jhargram APMC,Carrot,Other,FAQ,06-09-2026,3500,3800,3600
West Bengal,Jhargram,Jhargram APMC,Green Chilli,Other,FAQ,06-09-2026,6000,7000,6500
Tripura,Khowai,Kalyanpur APMC,Ginger(Green),Green Ginger,FAQ,06-09-2026,8000,8200,8100
Tripura,Khowai,Kalyanpur APMC,Fish,Katla(Big),FAQ,06-09-2026,29000,30000,29500
Tripura,Khowai,Kalyanpur APMC,Rice,Masuri,FAQ,06-09-2026,4200,4300,4250
Madhya Pradesh,Seoni,Seoni APMC,Wheat,Mill Quality,Non-FAQ,06-09-2026,2600,2610,2610
Tamil Nadu,Vellore,Pallikonda(Uzhavar Sandhai),Garlic,Garlic,Local,06-09-2026,18000,19000,18500
Tamil Nadu,Vellore,Pallikonda(Uzhavar Sandhai),Cluster beans,Cluster Beans,Local,06-09-2026,3000,3000,3000
Tamil Nadu,Vellore,Pallikonda(Uzhavar Sandhai),Bottle gourd,Bottle Gourd,Local,06-09-2026,2000,2500,2250
Tamil Nadu,Vellore,Pallikonda(Uzhavar Sandhai),Green Chilli,Green Chilly,Local,06-09-2026,3500,4000,3750
Tamil Nadu,Vellore,Pallikonda(Uzhavar Sandhai),Yam(Ratalu),Yam (Ratalu),Local,06-09-2026,5000,5500,5250
Tamil Nadu,Pudukkottai,Ponnamaravathi(Uzhavar Sandhai),Coconut,Coconut,Local,06-09-2026,3500,4000,3750
Tamil Nadu,Pudukkottai,Ponnamaravathi(Uzhavar Sandhai),Banana,Besrai,Local,06-09-2026,7500,8000,7750
Tamil Nadu,Pudukkottai,Ponnamaravathi(Uzhavar Sandhai),Ashgourd,Gouard,Local,06-09-2026,1000,1500,1250
Tamil Nadu,Pudukkottai,Ponnamaravathi(Uzhavar Sandhai),Pumpkin,Pumpkin,Local,06-09-2026,1000,1500,1250
Tamil Nadu,Pudukkottai,Ponnamaravathi(Uzhavar Sandhai),Bhindi(Ladies Finger),Bhindi,Local,06-09-2026,2500,3000,2750
Tamil Nadu,Pudukkottai,Ponnamaravathi(Uzhavar Sandhai),Amaranthus,Amaranthus,Local,06-09-2026,1500,2000,1750
Tamil Nadu,Pudukkottai,Ponnamaravathi(Uzhavar Sandhai),Cowpea(Veg),Cowpea (Veg),Local,06-09-2026,1500,2000,1750
Tamil Nadu,Pudukkottai,Ponnamaravathi(Uzhavar Sandhai),Green Avare(W),Green Avare (W),Local,06-09-2026,6500,7000,6750
Haryana,Palwal,Hodal APMC,Cauliflower,Cauliflower,FAQ,06-09-2026,3000,4000,3500
Haryana,Palwal,Hodal APMC,Potato,Potato,FAQ,06-09-2026,600,800,700
Keralam,Malappuram,Manjeri Market,Ashgourd,Other,Local,06-09-2026,2750,2850,2800
Tamil Nadu,Nagapattinam,Mayiladuthurai(Uzhavar Sandhai ),Cabbage,Cabbage,Local,06-09-2026,4000,4000,4000
Tamil Nadu,Nagapattinam,Mayiladuthurai(Uzhavar Sandhai ),Banana,Besrai,Local,06-09-2026,3600,4000,3800
Tamil Nadu,Nagapattinam,Mayiladuthurai(Uzhavar Sandhai ),Bhindi(Ladies Finger),Bhindi,Local,06-09-2026,4500,5000,4750
Uttar Pradesh,Hardoi,Hardoi APMC,Wood,Other,FAQ,06-09-2026,580,580,580
Uttar Pradesh,Lucknow,Lucknow APMC,Mentha Oil,Other,FAQ,06-09-2026,132500,132500,132500
Tamil Nadu,Pudukkottai,Viralimalai(Uzhavar Sandhai ),Banana,Red Banana,Local,06-09-2026,8000,9000,8500
Tamil Nadu,Pudukkottai,Viralimalai(Uzhavar Sandhai ),Ridgeguard(Tori),Ridgeguard(Tori),Local,06-09-2026,5500,6000,5750
Tamil Nadu,Pudukkottai,Viralimalai(Uzhavar Sandhai ),Onion Green,Onion Green,Local,06-09-2026,8000,9000,8500
Tamil Nadu,Ramanathapuram,Kamuthi(Uzhavar Sandhai ),Brinjal,Round,Local,06-09-2026,6000,6500,6250
Tamil Nadu,Ramanathapuram,Paramakudi(Uzhavar Sandhai ),Snakeguard,Snakeguard,Local,06-09-2026,4500,5000,4750
Tamil Nadu,Ramanathapuram,Paramakudi(Uzhavar Sandhai ),Soyabean,Local,Local,06-09-2026,10000,11000,10500
Tamil Nadu,Ramanathapuram,Paramakudi(Uzhavar Sandhai ),Onion,Bellary,Local,06-09-2026,5500,6000,5750
Tamil Nadu,Ramanathapuram,Paramakudi(Uzhavar Sandhai ),Potato,Red Nanital,Local,06-09-2026,5000,5200,5100
Tamil Nadu,Ramanathapuram,Paramakudi(Uzhavar Sandhai ),Cauliflower,Ranchi,Local,06-09-2026,5000,5500,5250
Tamil Nadu,Ramanathapuram,Paramakudi(Uzhavar Sandhai ),Coriander(Leaves),I Sort,Local,06-09-2026,5500,6000,5750
Tamil Nadu,Ramanathapuram,Paramakudi(Uzhavar Sandhai ),Banana - Green,Banana - Green,Local,06-09-2026,3000,3500,3250
Tamil Nadu,Ramanathapuram,Paramakudi(Uzhavar Sandhai ),Beans,Beans (Whole),Local,06-09-2026,9000,10000,9500
Tamil Nadu,Ramanathapuram,Paramakudi(Uzhavar Sandhai ),Knool Khol,Knool Khol,Local,06-09-2026,4800,5000,4900
Tamil Nadu,Ramanathapuram,Paramakudi(Uzhavar Sandhai ),Lime,Lime,Local,06-09-2026,12000,13000,12500
Tamil Nadu,Ramanathapuram,Paramakudi(Uzhavar Sandhai ),Marigold(Calcutta),Marigold(Calcutta),Local,06-09-2026,9000,10000,9500
Tamil Nadu,Ramanathapuram,Paramakudi(Uzhavar Sandhai ),Yam(Ratalu),Yam (Ratalu),Local,06-09-2026,6500,7000,6750
Tamil Nadu,Ramanathapuram,Paramakudi(Uzhavar Sandhai ),Colacasia,Colacasia,Local,06-09-2026,6000,7000,6500
Tamil Nadu,Ramanathapuram,Ramanathapuram(Uzhavar Sandhai ),Banana,Besrai,Local,06-09-2026,5000,5500,5250
Tamil Nadu,Ramanathapuram,Ramanathapuram(Uzhavar Sandhai ),Onion,Bellary,Local,06-09-2026,6500,7000,6750
Tamil Nadu,Ramanathapuram,Ramanathapuram(Uzhavar Sandhai ),Cluster beans,Cluster Beans,Local,06-09-2026,4000,4500,4250
Tamil Nadu,Ramanathapuram,Ramanathapuram(Uzhavar Sandhai ),Bottle gourd,Bottle Gourd,Local,06-09-2026,2800,3000,2900
Tamil Nadu,Ramanathapuram,Ramanathapuram(Uzhavar Sandhai ),Ginger(Green),Green Ginger,Local,06-09-2026,17000,17500,17250
Tamil Nadu,Ramanathapuram,Ramanathapuram(Uzhavar Sandhai ),Raddish,Raddish,Local,06-09-2026,4200,4500,4350
Tamil Nadu,Ramanathapuram,Ramanathapuram(Uzhavar Sandhai ),Drumstick,Drumstick,Local,06-09-2026,6000,6500,6250
Tamil Nadu,Ramanathapuram,Ramanathapuram(Uzhavar Sandhai ),Mango(Raw-Ripe),Mango - Raw-Ripe,Local,06-09-2026,5000,5500,5250
Tamil Nadu,Ramanathapuram,Ramanathapuram(Uzhavar Sandhai ),Lime,Lime,Local,06-09-2026,13000,13500,13250
Tamil Nadu,Ramanathapuram,Ramanathapuram(Uzhavar Sandhai ),Marigold(Calcutta),Marigold(Calcutta),Local,06-09-2026,10000,10500,10250
Tamil Nadu,Ramanathapuram,Ramanathapuram(Uzhavar Sandhai ),Onion Green,Onion Green,Local,06-09-2026,9500,10000,9750
Tamil Nadu,Pudukkottai,Alangudi(Uzhavar Sandhai ),Snakeguard,Snakeguard,Local,06-09-2026,3000,3500,3250
Tamil Nadu,Pudukkottai,Alangudi(Uzhavar Sandhai ),Onion,Bellary,Local,06-09-2026,6000,7000,6500
Tamil Nadu,Pudukkottai,Alangudi(Uzhavar Sandhai ),Bitter gourd,Other,Local,06-09-2026,6000,7000,6500
Tamil Nadu,Pudukkottai,Alangudi(Uzhavar Sandhai ),Banana - Green,Banana - Green,Local,06-09-2026,2500,3000,2750
Tamil Nadu,Pudukkottai,Alangudi(Uzhavar Sandhai ),Drumstick,Drumstick,Local,06-09-2026,4500,5000,4750
Tamil Nadu,Thiruvannamalai,Arani(Uzhavar Sandhai ),Sweet Potato,Hosur Red,Local,06-09-2026,3000,4000,3500
Tamil Nadu,Thiruvannamalai,Arani(Uzhavar Sandhai ),Bhindi(Ladies Finger),Bhindi,Local,06-09-2026,3500,4200,3850
Tamil Nadu,Thiruvannamalai,Arani(Uzhavar Sandhai ),Green Chilli,Green Chilly,Local,06-09-2026,5000,6000,5500
Tamil Nadu,Thiruvannamalai,Arani(Uzhavar Sandhai ),Banana - Green,Banana - Green,Local,06-09-2026,1500,2000,1750
Tamil Nadu,Thiruvannamalai,Arani(Uzhavar Sandhai ),Raddish,Raddish,Local,06-09-2026,2500,3000,2750
Tamil Nadu,Thiruvannamalai,Arani(Uzhavar Sandhai ),Mango(Raw-Ripe),Mango - Raw-Ripe,Local,06-09-2026,8000,9600,8800
Tamil Nadu,Thiruvannamalai,Polur(Uzhavar Sandhai ),Cabbage,Cabbage,Local,06-09-2026,2500,3000,2750
Tamil Nadu,Thiruvannamalai,Polur(Uzhavar Sandhai ),Snakeguard,Snakeguard,Local,06-09-2026,2500,3000,2750
Tamil Nadu,Thiruvannamalai,Polur(Uzhavar Sandhai ),Groundnut,Big (With Shell),Local,06-09-2026,5000,6000,5500
Tamil Nadu,Thiruvannamalai,Polur(Uzhavar Sandhai ),Cauliflower,Ranchi,Local,06-09-2026,2500,3000,2750
Tamil Nadu,Thiruvannamalai,Polur(Uzhavar Sandhai ),Coriander(Leaves),I Sort,Local,06-09-2026,4200,5000,4600
Tamil Nadu,Thiruvannamalai,Polur(Uzhavar Sandhai ),Beans,Beans (Whole),Local,06-09-2026,7000,8400,7700
Tamil Nadu,Thiruvannamalai,Polur(Uzhavar Sandhai ),Chow Chow,Chow Chow,Local,06-09-2026,3300,4000,3650
Tamil Nadu,Thiruvannamalai,Polur(Uzhavar Sandhai ),Guava,Guava Allahabad,Local,06-09-2026,4200,5000,4600
Tamil Nadu,Thiruvannamalai,Polur(Uzhavar Sandhai ),Tender Coconut,Tender Coconut,Local,06-09-2026,1500,2000,1750
Tamil Nadu,Thiruvannamalai,Polur(Uzhavar Sandhai ),Colacasia,Colacasia,Local,06-09-2026,4000,4800,4400
Tamil Nadu,Thiruvannamalai,Polur(Uzhavar Sandhai ),Mint(Pudina),Mint(Pudina),Local,06-09-2026,3300,4000,3650
Tamil Nadu,Thiruvannamalai,Polur(Uzhavar Sandhai ),Rose(Local),Rose (Local),Local,06-09-2026,8000,10000,9000
Tamil Nadu,Thiruvannamalai,Tiruvannamalai(Uzhavar Sandhai ),Cucumbar(Kheera),Cucumbar,Local,06-09-2026,4000,5000,4500
Tamil Nadu,Thiruvannamalai,Tiruvannamalai(Uzhavar Sandhai ),Apple,American,Local,06-09-2026,22000,24000,23000
Tamil Nadu,Thiruvannamalai,Tiruvannamalai(Uzhavar Sandhai ),Ridgeguard(Tori),Ridgeguard(Tori),Local,06-09-2026,4000,5000,4500
Tamil Nadu,Thiruvannamalai,Tiruvannamalai(Uzhavar Sandhai ),Garlic,Garlic,Local,06-09-2026,25000,28000,26500
Tamil Nadu,Thiruvannamalai,Tiruvannamalai(Uzhavar Sandhai ),Chikoos(Sapota),Sapota,Local,06-09-2026,4000,5000,4500
Tamil Nadu,Thiruvannamalai,Tiruvannamalai(Uzhavar Sandhai ),Bottle gourd,Bottle Gourd,Local,06-09-2026,2000,2500,2250
Tamil Nadu,Thiruvannamalai,Tiruvannamalai(Uzhavar Sandhai ),Pumpkin,Pumpkin,Local,06-09-2026,2000,2500,2250
Tamil Nadu,Thiruvannamalai,Tiruvannamalai(Uzhavar Sandhai ),Tapioca,Tapioca,Local,06-09-2026,3000,3500,3250
Tamil Nadu,Thiruvannamalai,Tiruvannamalai(Uzhavar Sandhai ),Capsicum,Capsicum,Local,06-09-2026,5000,6000,5500
Tamil Nadu,Thiruvannamalai,Tiruvannamalai(Uzhavar Sandhai ),Green Avare(W),Green Avare (W),Local,06-09-2026,6400,7200,6800
Tamil Nadu,Thiruvannamalai,Tiruvannamalai(Uzhavar Sandhai ),Pomegranate,Pomogranate,Local,06-09-2026,14000,16000,15000
Tamil Nadu,Thiruvannamalai,Tiruvannamalai(Uzhavar Sandhai ),Custard Apple(Sharifa),Custard Apple(Sharifa),Local,06-09-2026,7000,8000,7500
Tamil Nadu,Thiruvannamalai,Tiruvannamalai(Uzhavar Sandhai ),Mint(Pudina),Mint(Pudina),Local,06-09-2026,3500,4000,3750
Tamil Nadu,Thiruvannamalai,Tiruvannamalai(Uzhavar Sandhai ),Sweet Corn ,Sweet Corn ,Local,06-09-2026,3000,3500,3250
Tamil Nadu,Thiruvarur,Mannargudi I(Uzhavar Sandhai ),Coconut,Coconut,Local,06-09-2026,4000,4000,4000
Tamil Nadu,Thiruvarur,Mannargudi I(Uzhavar Sandhai ),Cabbage,Cabbage,Local,06-09-2026,3400,3400,3400
Tamil Nadu,Thiruvarur,Mannargudi I(Uzhavar Sandhai ),Banana,Other,Local,06-09-2026,6000,6000,6000
Tamil Nadu,Thiruvarur,Mannargudi I(Uzhavar Sandhai ),Tomato,Deshi,Local,06-09-2026,2600,2600,2600
Tamil Nadu,Thiruvarur,Mannargudi I(Uzhavar Sandhai ),Bhindi(Ladies Finger),Bhindi,Local,06-09-2026,3800,3800,3800
Tamil Nadu,Thiruvarur,Mannargudi I(Uzhavar Sandhai ),Green Chilli,Green Chilly,Local,06-09-2026,4800,4800,4800
Tamil Nadu,Thiruvarur,Mannargudi I(Uzhavar Sandhai ),Ginger(Green),Green Ginger,Local,06-09-2026,17000,17000,17000
Tamil Nadu,Thiruvarur,Mannargudi I(Uzhavar Sandhai ),Mango(Raw-Ripe),Mango - Raw-Ripe,Local,06-09-2026,9600,9600,9600
Tamil Nadu,Thiruvarur,Mannargudi I(Uzhavar Sandhai ),Lime,Lime,Local,06-09-2026,4000,4000,4000
Tamil Nadu,Thiruvarur,Mannargudi I(Uzhavar Sandhai ),Pomegranate,Pomogranate,Local,06-09-2026,10000,15000,12500
Tamil Nadu,Thiruvarur,Mannargudi II(Uzhavar Sandhai ),Snakeguard,Snakeguard,Local,06-09-2026,3400,3400,3400
Tamil Nadu,Thiruvarur,Mannargudi II(Uzhavar Sandhai ),Tomato,Deshi,Local,06-09-2026,2600,2600,2600
Tamil Nadu,Thiruvarur,Mannargudi II(Uzhavar Sandhai ),Amaranthus,Amaranthus,Local,06-09-2026,2000,2000,2000
Tamil Nadu,Thiruvarur,Mannargudi II(Uzhavar Sandhai ),Raddish,Raddish,Local,06-09-2026,2800,2800,2800
Tamil Nadu,Thiruvarur,Mannargudi II(Uzhavar Sandhai ),Banana - Green,Banana - Green,Local,06-09-2026,4800,4800,4800
Tamil Nadu,Thiruvarur,Mannargudi II(Uzhavar Sandhai ),Mango(Raw-Ripe),Mango - Raw-Ripe,Local,06-09-2026,9600,9600,9600
Tamil Nadu,Thiruvarur,Mannargudi II(Uzhavar Sandhai ),Lime,Lime,Local,06-09-2026,4000,4000,4000
Tamil Nadu,Thiruvarur,Mannargudi II(Uzhavar Sandhai ),Mint(Pudina),Mint(Pudina),Local,06-09-2026,5000,5000,5000
Tamil Nadu,Thiruvarur,Tiruthuraipoondi(Uzhavar Sandhai ),Mango,Safeda,Local,06-09-2026,7000,7000,7000
Tamil Nadu,Thiruvarur,Tiruthuraipoondi(Uzhavar Sandhai ),Pineapple,Pine Apple,Local,06-09-2026,6000,6000,6000
Tamil Nadu,Thiruvarur,Tiruthuraipoondi(Uzhavar Sandhai ),Bottle gourd,Bottle Gourd,Local,06-09-2026,3000,3000,3000
Tamil Nadu,Thiruvarur,Tiruthuraipoondi(Uzhavar Sandhai ),Ashgourd,Gouard,Local,06-09-2026,3000,3000,3000
Tamil Nadu,Thiruvarur,Tiruthuraipoondi(Uzhavar Sandhai ),Pumpkin,Pumpkin,Local,06-09-2026,2500,2500,2500
Tamil Nadu,Thiruvarur,Tiruthuraipoondi(Uzhavar Sandhai ),Green Chilli,Green Chilly,Local,06-09-2026,4800,4800,4800
Tamil Nadu,Thiruvarur,Tiruthuraipoondi(Uzhavar Sandhai ),Drumstick,Drumstick,Local,06-09-2026,4000,4000,4000
Tamil Nadu,Thiruvellore,Ambattur(Uzhavar Sandhai ),Green Chilli,Green Chilly,Local,06-09-2026,6000,6000,6000
Tamil Nadu,Thiruvellore,Naravarikuppam(Uzhavar Sandhai ),Snakeguard,Snakeguard,Local,06-09-2026,4000,4000,4000
Tamil Nadu,Thiruvellore,Naravarikuppam(Uzhavar Sandhai ),Amaranthus,Amaranthus,Local,06-09-2026,3000,3000,3000
Tamil Nadu,Thiruvellore,Perambakkam(Uzhavar Sandhai ),Tomato,Deshi,Local,06-09-2026,2500,2500,2500
Tamil Nadu,Tuticorin,Kovilpatti(Uzhavar Sandhai ),Beetroot,Beetroot,Local,06-09-2026,4500,5000,4750
Tamil Nadu,Tuticorin,Kovilpatti(Uzhavar Sandhai ),Onion,Bellary,Local,06-09-2026,6000,6500,6250
Tamil Nadu,Tuticorin,Kovilpatti(Uzhavar Sandhai ),Potato,Other,Local,06-09-2026,4000,4500,4250
Tamil Nadu,Tuticorin,Kovilpatti(Uzhavar Sandhai ),Cauliflower,Ranchi,Local,06-09-2026,4500,5000,4750
Tamil Nadu,Tuticorin,Kovilpatti(Uzhavar Sandhai ),Coriander(Leaves),I Sort,Local,06-09-2026,4000,4500,4250
Tamil Nadu,Tuticorin,Kovilpatti(Uzhavar Sandhai ),Papaya,Papaya,Local,06-09-2026,3500,4000,3750
Tamil Nadu,Tuticorin,Kovilpatti(Uzhavar Sandhai ),Chow Chow,Chow Chow,Local,06-09-2026,4000,4500,4250
Tamil Nadu,Tuticorin,Kovilpatti(Uzhavar Sandhai ),Elephant Yam(Suran)/Amorphophallus,Elephant Yam (Suran),Local,06-09-2026,5000,5500,5250
Tamil Nadu,Tuticorin,Kovilpatti(Uzhavar Sandhai ),Onion Green,Onion Green,Local,06-09-2026,7500,8000,7750
Tamil Nadu,Vellore,Gudiyatham(Uzhavar Sandhai ),Cucumbar(Kheera),Cucumbar,Local,06-09-2026,4000,4000,4000
Tamil Nadu,Vellore,Gudiyatham(Uzhavar Sandhai ),Groundnut,Big (With Shell),Local,06-09-2026,7600,7600,7600
Tamil Nadu,Vellore,Gudiyatham(Uzhavar Sandhai ),Onion,Bellary,Local,06-09-2026,5000,5600,5300
Tamil Nadu,Vellore,Gudiyatham(Uzhavar Sandhai ),Pumpkin,Pumpkin,Local,06-09-2026,2400,2400,2400
Tamil Nadu,Vellore,Gudiyatham(Uzhavar Sandhai ),Cowpea(Veg),Cowpea (Veg),Local,06-09-2026,5600,5600,5600
Tamil Nadu,Vellore,Gudiyatham(Uzhavar Sandhai ),Raddish,Raddish,Local,06-09-2026,2400,2400,2400
Tamil Nadu,Vellore,Gudiyatham(Uzhavar Sandhai ),Thondekai,Thondekai,Local,06-09-2026,4600,4600,4600
Tamil Nadu,Vellore,Gudiyatham(Uzhavar Sandhai ),Chow Chow,Chow Chow,Local,06-09-2026,4600,4600,4600
Tamil Nadu,Vellore,Gudiyatham(Uzhavar Sandhai ),Drumstick,Drumstick,Local,06-09-2026,1800,1800,1800
Tamil Nadu,Vellore,Gudiyatham(Uzhavar Sandhai ),Guava,Guava Allahabad,Local,06-09-2026,5000,5000,5000
Tamil Nadu,Vellore,Kahithapattarai(Uzhavar Sandhai ),Snakeguard,Snakeguard,Local,06-09-2026,2500,2500,2500
Tamil Nadu,Vellore,Kahithapattarai(Uzhavar Sandhai ),Cucumbar(Kheera),Cucumbar,Local,06-09-2026,2500,2500,2500
Tamil Nadu,Vellore,Kahithapattarai(Uzhavar Sandhai ),Groundnut,Big (With Shell),Local,06-09-2026,7000,7000,7000
Tamil Nadu,Vellore,Kahithapattarai(Uzhavar Sandhai ),Banana,Besrai,Local,06-09-2026,5000,6000,5500
Tamil Nadu,Vellore,Kahithapattarai(Uzhavar Sandhai ),Water Melon,Water Melon,Local,06-09-2026,3000,3000,3000
Tamil Nadu,Vellore,Kahithapattarai(Uzhavar Sandhai ),Beans,Beans (Whole),Local,06-09-2026,8000,8000,8000
Tamil Nadu,Vellore,Kahithapattarai(Uzhavar Sandhai ),Green Avare(W),Other,Local,06-09-2026,5000,5000,5000
Tamil Nadu,Vellore,Kahithapattarai(Uzhavar Sandhai ),Drumstick,Drumstick,Local,06-09-2026,3000,3000,3000
Tamil Nadu,Vellore,Kahithapattarai(Uzhavar Sandhai ),Mango(Raw-Ripe),Mango - Raw-Ripe,Local,06-09-2026,9000,9000,9000
Tamil Nadu,Vellore,Kahithapattarai(Uzhavar Sandhai ),Guava,Guava Allahabad,Local,06-09-2026,5000,5000,5000
Tamil Nadu,Vellore,Kahithapattarai(Uzhavar Sandhai ),Tender Coconut,Tender Coconut,Local,06-09-2026,3000,3000,3000
Tamil Nadu,Vellore,Kahithapattarai(Uzhavar Sandhai ),Colacasia,Colacasia,Local,06-09-2026,4000,4000,4000
Tamil Nadu,Vellore,Kahithapattarai(Uzhavar Sandhai ),Sweet Corn ,Sweet Corn ,Local,06-09-2026,3500,3500,3500
Tamil Nadu,Villupuram,Villupuram(Uzhavar Sandhai ),Potato,Red Nanital,Local,06-09-2026,3500,3500,3500
Tamil Nadu,Villupuram,Villupuram(Uzhavar Sandhai ),Brinjal,Round,Local,06-09-2026,4000,6000,5000
Tamil Nadu,Villupuram,Villupuram(Uzhavar Sandhai ),Cluster beans,Cluster Beans,Local,06-09-2026,6000,6000,6000
Tamil Nadu,Villupuram,Villupuram(Uzhavar Sandhai ),Elephant Yam(Suran)/Amorphophallus,Elephant Yam (Suran),Local,06-09-2026,6500,6500,6500
Tamil Nadu,Villupuram,Villupuram(Uzhavar Sandhai ),Rose(Local),Rose (Local),Local,06-09-2026,30000,30000,30000
West Bengal,Puruliya,Purulia APMC,Mustard Oil,Mustard Oil,FAQ,06-09-2026,18800,19500,19400
West Bengal,Puruliya,Purulia APMC,Brinjal,Other,FAQ,06-09-2026,2500,3200,2800
Uttar Pradesh,Gonda,Gonda APMC,Paddy(Common),Common,FAQ,06-09-2026,1850,1850,1850
Tamil Nadu,Thiruvannamalai,Cheyyar(Uzhavar Sandhai ),Carrot,Pusakesar,Local,06-09-2026,6000,7200,6600
Tamil Nadu,Thiruvannamalai,Cheyyar(Uzhavar Sandhai ),Snakeguard,Snakeguard,Local,06-09-2026,2500,3000,2750
Tamil Nadu,Thiruvannamalai,Cheyyar(Uzhavar Sandhai ),Brinjal,Other,Local,06-09-2026,3200,4000,3600
Tamil Nadu,Thiruvannamalai,Cheyyar(Uzhavar Sandhai ),Bhindi(Ladies Finger),Bhindi,Local,06-09-2026,3500,4200,3850
Tamil Nadu,Thiruvannamalai,Cheyyar(Uzhavar Sandhai ),Amaranthus,Amaranthus,Local,06-09-2026,2000,2500,2250
Tamil Nadu,Thiruvannamalai,Cheyyar(Uzhavar Sandhai ),Thondekai,Thondekai,Local,06-09-2026,3200,4000,3600
Tamil Nadu,Thiruvannamalai,Cheyyar(Uzhavar Sandhai ),Green Avare(W),Other,Local,06-09-2026,3500,4200,3850
Tamil Nadu,Thiruvannamalai,Cheyyar(Uzhavar Sandhai ),Mango(Raw-Ripe),Mango - Raw-Ripe,Local,06-09-2026,6500,8000,7250
Tamil Nadu,Thiruvannamalai,Cheyyar(Uzhavar Sandhai ),Knool Khol,Knool Khol,Local,06-09-2026,2500,3000,2750
Tamil Nadu,Thiruvannamalai,Cheyyar(Uzhavar Sandhai ),Lemon,Lemon,Local,06-09-2026,10000,12000,11000
Tamil Nadu,Thiruvannamalai,Cheyyar(Uzhavar Sandhai ),Onion Green,Onion Green,Local,06-09-2026,4800,6000,5400
Andhra Pradesh,Kakinada,Kakinada (Urban) APMC,Paddy(Common),Common,FAQ,06-09-2026,2369,2390,2375
Andhra Pradesh,Dr.B.R.A.Konaseema,Mummidivaram APMC,Fish,Katla (Small),FAQ,06-09-2026,9900,10000,9900
Andhra Pradesh,YSR Kadapa,Rajampet APMC,Papaya,Papaya,Grade A,06-09-2026,1500,1700,1600
Tamil Nadu,Ariyalur,Ariyalur(Uzhavar Sandhai),Coconut,Coconut,Local,06-09-2026,6000,6500,6250
Tamil Nadu,Ariyalur,Ariyalur(Uzhavar Sandhai),Cabbage,Cabbage,Local,06-09-2026,3000,3500,3250
Tamil Nadu,Ariyalur,Ariyalur(Uzhavar Sandhai),Onion,Bellary,Local,06-09-2026,5000,5500,5250
Tamil Nadu,Ariyalur,Ariyalur(Uzhavar Sandhai),Brinjal,Round,Local,06-09-2026,5000,5500,5250
Tamil Nadu,Ariyalur,Ariyalur(Uzhavar Sandhai),Bhindi(Ladies Finger),Bhindi,Local,06-09-2026,3000,4000,3500
Tamil Nadu,Ariyalur,Ariyalur(Uzhavar Sandhai),Green Chilli,Green Chilly,Local,06-09-2026,5000,5500,5250
Uttarakhand,Nanital,Haldwani APMC,Green Chilli,Other,FAQ,06-09-2026,1200,1600,1400
Andhra Pradesh,SPSR Nellore,Sarvepalli APMC,Lime,Lime,Grade A,06-09-2026,8000,14000,9000
Odisha,Cuttack,Banki APMC,Drumstick,Drumstick,Medium,06-09-2026,5500,6500,6000
Odisha,Cuttack,Banki APMC,Brinjal,Other,Medium,06-09-2026,5000,6000,5500
Odisha,Cuttack,Banki APMC,Green Chilli,Other,Medium,06-09-2026,6000,7000,6500
Haryana,Jind,Narwana APMC,Tomato,Tomato,Non-FAQ,06-09-2026,1500,2500,2000
Rajasthan,Tonk,Malpura APMC,Green Gram(Moong)(Whole),Other,FAQ,06-09-2026,6900,7500,7300
Uttarakhand,Haridwar,Haridwar Union APMC,Pomegranate,Other,Grade C,06-09-2026,5000,7500,6000
Uttar Pradesh,Amroha,Hasanpur APMC,Firewood,Firewood,FAQ,06-09-2026,500,500,500
Punjab,Hoshiarpur,Tanda Urmur APMC,Potato,Local,Grade A,06-09-2026,1000,1200,1100
Punjab,Hoshiarpur,Tanda Urmur APMC,Bottle gourd,Other,Grade A,06-09-2026,1500,2000,1800
Punjab,Hoshiarpur,Tanda Urmur APMC,Onion,Nasik,Grade A,06-09-2026,4500,5000,4800
Punjab,Hoshiarpur,Tanda Urmur APMC,Apple,Apple,Grade A,06-09-2026,8000,10000,9000
Punjab,Hoshiarpur,Tanda Urmur APMC,Cucumbar(Kheera),Cucumbar,Grade A,06-09-2026,3500,4000,3800
Punjab,Hoshiarpur,Tanda Urmur APMC,Plum,Other,Grade A,06-09-2026,10000,12000,11000
Punjab,Hoshiarpur,Tanda Urmur APMC,Garlic,Garlic,Grade Range-1,06-09-2026,12000,14000,13000
Punjab,Hoshiarpur,Tanda Urmur APMC,Ginger(Green),Other,Grade A,06-09-2026,10000,12000,11000
Punjab,Hoshiarpur,Tanda Urmur APMC,Tinda,Tinda,Grade A,06-09-2026,2500,3000,2800
Punjab,Jalandhar,Goraya APMC,Bhindi(Ladies Finger),Other,Local,06-09-2026,2100,2100,2100
Odisha,Mayurbhanja,Betnoti APMC,Bitter gourd,Bitter Gourd,FAQ,06-09-2026,4200,4600,4400
Odisha,Mayurbhanja,Betnoti APMC,Brinjal,Brinjal,FAQ,06-09-2026,4000,4400,4200
Keralam,Thiruvananthapuram,Pappanchani VFPCK Market,Cowpea(Veg),Bean Barbati,Grade A,06-09-2026,8000,8000,8000
Keralam,Kollam,Thalavoor VFPCK Market,Banana,Banana - Ripe,Grade A,06-09-2026,7500,7500,7500
Tamil Nadu,Coimbatore,Sundarapuram(Uzhavar Sandhai ),Coconut,Coconut,Local,06-09-2026,5500,6000,5750
Tamil Nadu,Coimbatore,Sundarapuram(Uzhavar Sandhai ),Onion,Bellary,Local,06-09-2026,5400,5800,5600
Tamil Nadu,Coimbatore,Sundarapuram(Uzhavar Sandhai ),Brinjal,Other,Local,06-09-2026,4000,4500,4250
Tamil Nadu,Coimbatore,Sundarapuram(Uzhavar Sandhai ),Banana - Green,Banana - Green,Local,06-09-2026,4000,4500,4250
Tamil Nadu,Coimbatore,Sundarapuram(Uzhavar Sandhai ),Guava,Guava Allahabad,Local,06-09-2026,5500,6000,5750
Tamil Nadu,Coimbatore,Sundarapuram(Uzhavar Sandhai ),Onion Green,Onion Green,Local,06-09-2026,8000,8500,8250
Tamil Nadu,Coimbatore,Sundarapuram(Uzhavar Sandhai ),Mint(Pudina),Mint(Pudina),Local,06-09-2026,4500,5000,4750
Haryana,Gurgaon,Gurgaon APMC,Bhindi(Ladies Finger),Other,Grade A,06-09-2026,1500,2500,2000
Andhra Pradesh,Kakinada,Jaggampet APMC,Paddy(Common),Common,FAQ,06-09-2026,2369,2380,2369
Andhra Pradesh,Markapuram,Yerragondapalem APMC,Cotton,170-C2  (Ginned),FAQ,06-09-2026,7800,7800,7800
West Bengal,Sounth 24 Parganas,Baruipur(Canning) APMC,Brinjal,Brinjal,FAQ,06-09-2026,3800,4200,4000
Uttar Pradesh,Chitrakut,Mau(Chitrakut) APMC,Wheat,Other,FAQ,06-09-2026,2400,2400,2400
Punjab,Gurdaspur,Kalanaur APMC,Pumpkin,Pumpkin,Grade A,06-09-2026,1300,1300,1300
Telangana,Hanumakonda,"Excise Colony,RBZ ",Onion,Other,Grade A,06-09-2026,6000,6000,6000
Telangana,Hanumakonda,"Excise Colony,RBZ ",Bhindi(Ladies Finger),Other,Grade A,06-09-2026,2400,2400,2400
Telangana,Hanumakonda,"Excise Colony,RBZ ",Carrot,Other,Grade A,06-09-2026,6000,6000,6000
Telangana,Hanumakonda,"Excise Colony,RBZ ",Little gourd(Kundru),Other,Grade A,06-09-2026,4000,4000,4000
Telangana,Karimnagar,Gangadhara APMC,Paddy(Common),I.R. 64,FAQ,06-09-2026,2369,2369,2369
Tamil Nadu,Erode,Sathiyamagalam(Uzhavar Sandhai ),Beetroot,Beetroot,Local,06-09-2026,6000,6500,6250
Tamil Nadu,Erode,Sathiyamagalam(Uzhavar Sandhai ),Papaya,Papaya,Local,06-09-2026,2000,2400,2200
Tamil Nadu,Erode,Sathiyamagalam(Uzhavar Sandhai ),Banana - Green,Banana - Green,Local,06-09-2026,3000,3400,3200
Tamil Nadu,Erode,Sathiyamagalam(Uzhavar Sandhai ),Beans,Beans (Whole),Local,06-09-2026,6500,7000,6750
Tamil Nadu,Erode,Sathiyamagalam(Uzhavar Sandhai ),Green Avare(W),Other,Local,06-09-2026,5000,5400,5200
Tamil Nadu,Erode,Sathiyamagalam(Uzhavar Sandhai ),Drumstick,Drumstick,Local,06-09-2026,3000,3500,3250
Tamil Nadu,Erode,Sathiyamagalam(Uzhavar Sandhai ),Knool Khol,Knool Khol,Local,06-09-2026,6500,7000,6750
Tamil Nadu,Erode,Sathiyamagalam(Uzhavar Sandhai ),Turnip,Turnip,Local,06-09-2026,6500,7000,6750
Tamil Nadu,Erode,Sathiyamagalam(Uzhavar Sandhai ),Mint(Pudina),Mint(Pudina),Local,06-09-2026,4500,5000,4750
Tamil Nadu,Coimbatore,Mettupalayam(Uzhavar Sandhai ),Papaya,Papaya,Local,06-09-2026,3500,4000,3750
Tamil Nadu,Coimbatore,Mettupalayam(Uzhavar Sandhai ),Mousambi(Sweet Lime),Mousambi,Local,06-09-2026,4500,5000,4750
Tamil Nadu,Coimbatore,Mettupalayam(Uzhavar Sandhai ),Cowpea(Veg),Cowpea (Veg),Local,06-09-2026,3000,3500,3250
Tamil Nadu,Coimbatore,Mettupalayam(Uzhavar Sandhai ),Tapioca,Tapioca,Local,06-09-2026,3000,3500,3250
Tamil Nadu,Coimbatore,Mettupalayam(Uzhavar Sandhai ),Capsicum,Capsicum,Local,06-09-2026,6000,7000,6500
Tamil Nadu,Coimbatore,Mettupalayam(Uzhavar Sandhai ),Mango(Raw-Ripe),Mango - Raw-Ripe,Local,06-09-2026,4500,5000,4750
Tamil Nadu,Coimbatore,Mettupalayam(Uzhavar Sandhai ),Mint(Pudina),Mint(Pudina),Local,06-09-2026,5500,6000,5750
Uttar Pradesh,Khiri (Lakhimpur),Mohammdi APMC,Paddy(Common),Other,FAQ,06-09-2026,1800,1800,1800
Uttar Pradesh,Sant Kabir Nagar,Khalilabad APMC,Wheat,Dara,FAQ,06-09-2026,2530,2720,2622.54
Uttar Pradesh,Bijnor,Nagina APMC,Rice,Common,FAQ,06-09-2026,3550,3550,3550
Haryana,Panipat,Samalkha APMC,Bitter gourd,Bitter Gourd,FAQ,06-09-2026,2000,2000,2000
Haryana,Panipat,Samalkha APMC,Raddish,Raddish,FAQ,06-09-2026,1000,1500,1300
Odisha,Angul,Pallahara APMC,Brinjal,Other,FAQ,06-09-2026,3000,3200,3100
Tamil Nadu,Namakkal,Tiruchengode APMC,Brinjal,Other,Local,06-09-2026,4500,5000,4750
Tamil Nadu,Namakkal,Tiruchengode APMC,Chikoos(Sapota),Sapota,Local,06-09-2026,4000,4500,4250
Tamil Nadu,Namakkal,Tiruchengode APMC,Pumpkin,Pumpkin,Local,06-09-2026,2200,2500,2350
Tamil Nadu,Namakkal,Tiruchengode APMC,Amaranthus,Amaranthus,Local,06-09-2026,3500,4000,3750
Tamil Nadu,Namakkal,Tiruchengode APMC,Beans,Beans (Whole),Local,06-09-2026,7000,8000,7500
Tamil Nadu,Namakkal,Tiruchengode APMC,Raddish,Raddish,Local,06-09-2026,2000,2400,2200
Tamil Nadu,Namakkal,Tiruchengode APMC,Yam(Ratalu),Yam (Ratalu),Local,06-09-2026,6200,7000,6600
Tamil Nadu,Namakkal,Tiruchengode APMC,Lemon,Lemon,Local,06-09-2026,10500,12000,11250
Tamil Nadu,Namakkal,Tiruchengode APMC,Amla(Nelli Kai),Amla,Local,06-09-2026,8000,9000,8500
Telangana,Siddipet,Vantamamidi APMC,Cucumbar(Kheera),Other,Local,06-09-2026,700,1200,950
Telangana,Siddipet,Vantamamidi APMC,Cabbage,Cabbage,Local,06-09-2026,600,1000,800
Andhra Pradesh,Visakhapatnam,Bhimunipatnam APMC,Ragi(Finger Millet),Local,Local,06-09-2026,5000,5000,5000
Uttar Pradesh,Siddharth Nagar,Naugarh APMC,Wheat,Dara,FAQ,06-09-2026,2500,2500,2500
Telangana,Hyderabad,RYTHU BAZAR ERRAGADDA,Ladies Finger,Ladies Finger,Grade A,06-09-2026,3500,3500,3500
Telangana,Hyderabad,RYTHU BAZAR ERRAGADDA,Brinjal,Brinjal,Grade A,06-09-2026,2300,2300,2300
Tamil Nadu,Coimbatore,RSPuram(Uzhavar Sandhai ),Beetroot,Beetroot,Local,06-09-2026,5400,5800,5600
Tamil Nadu,Coimbatore,RSPuram(Uzhavar Sandhai ),Orange,Darjeeling,Local,06-09-2026,14000,17000,15500
Tamil Nadu,Coimbatore,RSPuram(Uzhavar Sandhai ),Garlic,Garlic,Local,06-09-2026,22000,23600,22800
Tamil Nadu,Coimbatore,RSPuram(Uzhavar Sandhai ),Pumpkin,Pumpkin,Local,06-09-2026,1600,1800,1700
Tamil Nadu,Coimbatore,RSPuram(Uzhavar Sandhai ),Banana - Green,Banana - Green,Local,06-09-2026,3600,4200,3900
Tamil Nadu,Coimbatore,RSPuram(Uzhavar Sandhai ),Coconut,Coconut,Local,06-09-2026,5400,5800,5600
Tamil Nadu,Coimbatore,RSPuram(Uzhavar Sandhai ),Tender Coconut,Tender Coconut,Local,06-09-2026,4000,4500,4250
Tamil Nadu,Coimbatore,RSPuram(Uzhavar Sandhai ),Elephant Yam(Suran)/Amorphophallus,Elephant Yam (Suran),Local,06-09-2026,3400,3800,3600
Tamil Nadu,Coimbatore,RSPuram(Uzhavar Sandhai ),Colacasia,Colacasia,Local,06-09-2026,4500,5000,4750
Tamil Nadu,Coimbatore,Singanallur(Uzhavar Sandhai ),Coconut,Coconut,Local,06-09-2026,5500,6000,5750
Tamil Nadu,Coimbatore,Singanallur(Uzhavar Sandhai ),Potato,Other,Local,06-09-2026,4500,5500,5000
Tamil Nadu,Coimbatore,Singanallur(Uzhavar Sandhai ),Cauliflower,Ranchi,Local,06-09-2026,4500,5000,4750
Tamil Nadu,Coimbatore,Singanallur(Uzhavar Sandhai ),Bitter gourd,Bitter Gourd,Local,06-09-2026,4000,4500,4250
Tamil Nadu,Coimbatore,Singanallur(Uzhavar Sandhai ),Bottle gourd,Bottle Gourd,Local,06-09-2026,2800,3200,3000
Tamil Nadu,Coimbatore,Singanallur(Uzhavar Sandhai ),Pumpkin,Pumpkin,Local,06-09-2026,1800,2000,1900
Tamil Nadu,Coimbatore,Singanallur(Uzhavar Sandhai ),Ridgeguard(Tori),Ridgeguard(Tori),Local,06-09-2026,3800,4200,4000
Tamil Nadu,Coimbatore,Singanallur(Uzhavar Sandhai ),Tapioca,Tapioca,Local,06-09-2026,3200,3600,3400
Tamil Nadu,Coimbatore,Singanallur(Uzhavar Sandhai ),Thondekai,Thondekai,Local,06-09-2026,3500,4000,3750
Tamil Nadu,Coimbatore,Singanallur(Uzhavar Sandhai ),Mango(Raw-Ripe),Mango - Raw-Ripe,Local,06-09-2026,5500,6500,6000
Tamil Nadu,Coimbatore,Singanallur(Uzhavar Sandhai ),Onion Green,Onion Green,Local,06-09-2026,7500,8000,7750
Odisha,Mayurbhanja,Narasinghpur APMC,Ladies Finger,Ladies Finger,Local,06-09-2026,3000,4000,3500
Odisha,Mayurbhanja,Narasinghpur APMC,Carrot,Carrot,Local,06-09-2026,4500,6000,5000
Tamil Nadu,Coimbatore,Pollachi(Uzhavar Sandhai ),Cabbage,Cabbage,Local,06-09-2026,3000,3500,3250
Tamil Nadu,Coimbatore,Pollachi(Uzhavar Sandhai ),Garlic,Garlic,Local,06-09-2026,18000,22000,20000
Tamil Nadu,Coimbatore,Pollachi(Uzhavar Sandhai ),Cauliflower,Ranchi,Local,06-09-2026,4500,5000,4750
Tamil Nadu,Coimbatore,Pollachi(Uzhavar Sandhai ),Brinjal,Other,Local,06-09-2026,4000,4500,4250
Tamil Nadu,Coimbatore,Pollachi(Uzhavar Sandhai ),Coriander(Leaves),I Sort,Local,06-09-2026,4500,5000,4750
Tamil Nadu,Coimbatore,Pollachi(Uzhavar Sandhai ),Bhindi(Ladies Finger),Bhindi,Local,06-09-2026,4500,5000,4750
Tamil Nadu,Coimbatore,Pollachi(Uzhavar Sandhai ),Thondekai,Thondekai,Local,06-09-2026,4000,4500,4250
Tamil Nadu,Coimbatore,Pollachi(Uzhavar Sandhai ),Tender Coconut,Tender Coconut,Local,06-09-2026,3500,4000,3750
Tamil Nadu,Coimbatore,Pollachi(Uzhavar Sandhai ),Yam(Ratalu),Yam (Ratalu),Local,06-09-2026,5000,6000,5500
Madhya Pradesh,Betul,Betul(F&V) APMC,Bhindi(Ladies Finger),Bhindi,FAQ,06-09-2026,1000,1500,1300
Uttar Pradesh,Lucknow,Banthara APMC,Wheat,Dara,FAQ,06-09-2026,2550,2550,2550
Odisha,Rayagada,Rayagada(Muniguda) APMC,Pumpkin,Other,Small,06-09-2026,2100,2340,2250
Odisha,Rayagada,Rayagada(Muniguda) APMC,Ridgeguard(Tori),Other,FAQ,06-09-2026,8200,8900,8600
Telangana,Siddipet,Siddipet(Rythu Bazar) ,Tomato,Local,Grade A,06-09-2026,1400,2200,1800
Telangana,Siddipet,Siddipet(Rythu Bazar) ,Bottle gourd,Bottle Gourd,Grade A,06-09-2026,800,1200,1000
Telangana,Siddipet,Siddipet(Rythu Bazar) ,Capsicum,Capsicum,Grade A,06-09-2026,3500,4500,4000
Chandigarh,Chandigarh,Chandigarh (Grain/F&V) APMC,Pumpkin,Pumpkin,FAQ,06-09-2026,800,1000,900
Chandigarh,Chandigarh,Chandigarh (Grain/F&V) APMC,Apple,Apple,Medium,06-09-2026,6000,26000,20000
Chandigarh,Chandigarh,Chandigarh (Grain/F&V) APMC,Ginger(Green),Green Ginger,FAQ,06-09-2026,4500,5000,5000
Chandigarh,Chandigarh,Chandigarh (Grain/F&V) APMC,Cucumbar(Kheera),Cucumbar,FAQ,06-09-2026,800,1500,1300
Chandigarh,Chandigarh,Chandigarh (Grain/F&V) APMC,Bitter gourd,Bitter Gourd,FAQ,06-09-2026,800,1500,1300
Odisha,Bargarh,Godbhaga APMC,Tomato,Other,Local,06-09-2026,1650,1950,1800
Odisha,Bargarh,Godbhaga APMC,Brinjal,Other,Local,06-09-2026,2650,2950,2800
Telangana,Ranga Reddy,"Vanasthalipuram,RBZ ",Cauliflower,Cauliflower,Grade A,06-09-2026,2100,2100,2100
Telangana,Ranga Reddy,"Vanasthalipuram,RBZ ",Potato,Potato,Grade A,06-09-2026,1700,1700,1700
Telangana,Ranga Reddy,"Vanasthalipuram,RBZ ",Wild Cucumber,Wild Cucumber,Grade A,06-09-2026,1500,1500,1500
Telangana,Ranga Reddy,"Vanasthalipuram,RBZ ",Colacasia,Colacasia,Grade A,06-09-2026,2800,2800,2800
Tamil Nadu,Karur,Karur(Uzhavar Sandhai ),Carrot,Pusakesar,Local,06-09-2026,6500,7000,6750
Tamil Nadu,Karur,Karur(Uzhavar Sandhai ),Cauliflower,Ranchi,Local,06-09-2026,4500,5000,4750
Tamil Nadu,Karur,Karur(Uzhavar Sandhai ),Amaranthus,Amaranthus,Local,06-09-2026,2000,2500,2250
Tripura,North Tripura,Kadamtala,Brinjal,Round/Long,Medium,06-09-2026,2900,3000,2950
Tripura,South Tripura,Biokhora,Tomato,Hybrid,FAQ,06-09-2026,4200,4300,4250
Tamil Nadu,Coimbatore,Kurichi(Uzhavar Sandhai ),Onion,Bellary,Local,06-09-2026,5400,5800,5600
Tamil Nadu,Coimbatore,Kurichi(Uzhavar Sandhai ),Brinjal,Other,Local,06-09-2026,4500,5000,4750
Tamil Nadu,Coimbatore,Kurichi(Uzhavar Sandhai ),Coriander(Leaves),I Sort,Local,06-09-2026,3500,4000,3750
Tamil Nadu,Coimbatore,Kurichi(Uzhavar Sandhai ),Papaya,Papaya,Local,06-09-2026,4000,4500,4250
Tamil Nadu,Coimbatore,Kurichi(Uzhavar Sandhai ),Cluster beans,Cluster Beans,Local,06-09-2026,3500,4000,3750
Tamil Nadu,Coimbatore,Kurichi(Uzhavar Sandhai ),Bottle gourd,Bottle Gourd,Local,06-09-2026,3000,3500,3250
Tamil Nadu,Coimbatore,Kurichi(Uzhavar Sandhai ),Ashgourd,Gouard,Local,06-09-2026,1400,1800,1600
Tamil Nadu,Coimbatore,Kurichi(Uzhavar Sandhai ),Green Chilli,Green Chilly,Local,06-09-2026,4000,4500,4250
Tamil Nadu,Coimbatore,Kurichi(Uzhavar Sandhai ),Tapioca,Tapioca,Local,06-09-2026,3000,3500,3250
Tamil Nadu,Cuddalore,Chidambaram(Uzhavar Sandhai ),Coconut,Coconut,Local,06-09-2026,6000,6000,6000
Tamil Nadu,Cuddalore,Chidambaram(Uzhavar Sandhai ),Raddish,Raddish,Local,06-09-2026,3000,3000,3000
Tamil Nadu,Cuddalore,Chidambaram(Uzhavar Sandhai ),Mango(Raw-Ripe),Mango - Raw-Ripe,Local,06-09-2026,9000,9000,9000
Tamil Nadu,Cuddalore,Cuddalore(Uzhavar Sandhai ),Ridgeguard(Tori),Ridgeguard(Tori),Local,06-09-2026,6000,6000,6000
Tamil Nadu,Cuddalore,Cuddalore(Uzhavar Sandhai ),Brinjal,Round,Local,06-09-2026,5000,6000,5500
Tamil Nadu,Cuddalore,Cuddalore(Uzhavar Sandhai ),Cluster beans,Cluster Beans,Local,06-09-2026,3500,3500,3500
Tamil Nadu,Cuddalore,Cuddalore(Uzhavar Sandhai ),Bottle gourd,Bottle Gourd,Local,06-09-2026,2500,3000,2750
Tamil Nadu,Cuddalore,Cuddalore(Uzhavar Sandhai ),Banana - Green,Banana - Green,Local,06-09-2026,3000,4000,3500
Tamil Nadu,Cuddalore,Cuddalore(Uzhavar Sandhai ),Raddish,Raddish,Local,06-09-2026,2500,3000,2750
Tamil Nadu,Cuddalore,Cuddalore(Uzhavar Sandhai ),Drumstick,Drumstick,Local,06-09-2026,5000,5000,5000
Tamil Nadu,Cuddalore,Cuddalore(Uzhavar Sandhai ),Guava,Guava Allahabad,Local,06-09-2026,4000,5000,4500
Tamil Nadu,Cuddalore,Cuddalore(Uzhavar Sandhai ),Lemon,Lemon,Local,06-09-2026,18000,20000,19000
Tamil Nadu,Cuddalore,Cuddalore(Uzhavar Sandhai ),Amla(Nelli Kai),Amla,Local,06-09-2026,12000,12000,12000
Tamil Nadu,Tuticorin,Tuticorin(Uzhavar Sandhai ),Onion,Bellary,Local,06-09-2026,5000,6000,5500
Tamil Nadu,Tuticorin,Tuticorin(Uzhavar Sandhai ),Green Peas,Green Peas,Local,06-09-2026,15000,16000,15500
Tamil Nadu,Tuticorin,Tuticorin(Uzhavar Sandhai ),Chikoos(Sapota),Sapota,Local,06-09-2026,5000,6000,5500
Tamil Nadu,Tuticorin,Tuticorin(Uzhavar Sandhai ),Papaya,Papaya,Local,06-09-2026,4500,5000,4750
Tamil Nadu,Tuticorin,Tuticorin(Uzhavar Sandhai ),Bottle gourd,Bottle Gourd,Local,06-09-2026,1500,2000,1750
Tamil Nadu,Tuticorin,Tuticorin(Uzhavar Sandhai ),Green Chilli,Green Chilly,Local,06-09-2026,6500,7000,6750
Tamil Nadu,Tuticorin,Tuticorin(Uzhavar Sandhai ),Banana - Green,Banana - Green,Local,06-09-2026,2500,3000,2750
Tamil Nadu,Tuticorin,Tuticorin(Uzhavar Sandhai ),Beans,Beans (Whole),Local,06-09-2026,11000,12000,11500
Tamil Nadu,Tuticorin,Tuticorin(Uzhavar Sandhai ),Coconut,Coconut,Local,06-09-2026,6500,7000,6750
Tamil Nadu,Tuticorin,Tuticorin(Uzhavar Sandhai ),Thondekai,Thondekai,Local,06-09-2026,4500,5000,4750
Madhya Pradesh,Satna,Satna APMC,Wheat,Wheat,FAQ,06-09-2026,2150,2400,2400
Tamil Nadu,Nagercoil (Kannyiakumari),Vadaseri APMC,Sweet Potato,Hosur Red,Local,06-09-2026,3500,4000,3750
Tamil Nadu,Nagercoil (Kannyiakumari),Vadaseri APMC,Beetroot,Beetroot,Local,06-09-2026,5000,5500,5250
Tamil Nadu,Nagercoil (Kannyiakumari),Vadaseri APMC,Cauliflower,Ranchi,Local,06-09-2026,5000,5500,5250
Tamil Nadu,Nagercoil (Kannyiakumari),Vadaseri APMC,Bitter gourd,Bitter Gourd,Local,06-09-2026,6300,6800,6550
Tamil Nadu,Nagercoil (Kannyiakumari),Vadaseri APMC,Lime,Lime,Local,06-09-2026,4500,5000,4750
Tamil Nadu,Nagercoil (Kannyiakumari),Vadaseri APMC,Colacasia,Colacasia,Local,06-09-2026,9000,10000,9500
Tamil Nadu,Pudukkottai,Karambakkudi(Uzhavar Sandhai ),Coconut,Coconut,Local,06-09-2026,3500,4000,3750
Tamil Nadu,Pudukkottai,Karambakkudi(Uzhavar Sandhai ),Tomato,Other,Local,06-09-2026,2500,3000,2750
Tamil Nadu,Pudukkottai,Karambakkudi(Uzhavar Sandhai ),Bitter gourd,Other,Local,06-09-2026,7000,8000,7500
Tamil Nadu,Pudukkottai,Karambakkudi(Uzhavar Sandhai ),Bhindi(Ladies Finger),Bhindi,Local,06-09-2026,3000,3500,3250
Tamil Nadu,Pudukkottai,Karambakkudi(Uzhavar Sandhai ),Raddish,Raddish,Local,06-09-2026,3500,4000,3750
Maharashtra,Ahilyanagar,APMC Rahata ,Green Chilli,Other,Local,06-09-2026,1000,2000,1500
Maharashtra,Ahilyanagar,APMC Rahata ,Methi(Leaves),Other,Local,06-09-2026,5,7,6
Maharashtra,Ahilyanagar,APMC Rahata ,Spinach,Other,Local,06-09-2026,5,10,7
Maharashtra,Ahilyanagar,APMC Rahata ,Bottle gourd,Other,Local,06-09-2026,500,600,550
Madhya Pradesh,Shajapur,Nalkehda APMC,Wheat,Wheat,FAQ,06-09-2026,2662,2680,2680
Madhya Pradesh,Raisen,Bareli APMC,Bengal Gram(Gram)(Whole),Gram,FAQ,06-09-2026,6000,6000,6000
Madhya Pradesh,Dhar,Dhamnod APMC,Maize,Local,FAQ,06-09-2026,1660,1660,1660
Tamil Nadu,Vellore,Thirupathur APMC,Sweet Potato,Hosur Red,Local,06-09-2026,4000,4000,4000
Tamil Nadu,Vellore,Thirupathur APMC,Mango,Safeda,Local,06-09-2026,8000,8000,8000
Tamil Nadu,Vellore,Thirupathur APMC,Green Peas,Green Peas,Local,06-09-2026,10000,10000,10000
Tamil Nadu,Vellore,Thirupathur APMC,Ashgourd,Gouard,Local,06-09-2026,2000,2000,2000
Tamil Nadu,Vellore,Thirupathur APMC,Amaranthus,Amaranthus,Local,06-09-2026,2000,2000,2000
Tamil Nadu,Vellore,Thirupathur APMC,Knool Khol,Knool Khol,Local,06-09-2026,4500,4500,4500
Tamil Nadu,Vellore,Vellore APMC,Beetroot,Beetroot,Local,06-09-2026,3800,3800,3800
Tamil Nadu,Vellore,Vellore APMC,Apple,American,Local,06-09-2026,26000,26000,26000
Tamil Nadu,Vellore,Vellore APMC,Grapes,Annabesahai,Local,06-09-2026,10000,10000,10000
Tamil Nadu,Vellore,Vellore APMC,Brinjal,Other,Local,06-09-2026,4000,4500,4250
Tamil Nadu,Vellore,Vellore APMC,Cluster beans,Cluster Beans,Local,06-09-2026,2000,2000,2000
Tamil Nadu,Vellore,Vellore APMC,Bhindi(Ladies Finger),Bhindi,Local,06-09-2026,3000,3000,3000
Tamil Nadu,Vellore,Vellore APMC,Green Avare(W),Green Avare (W),Local,06-09-2026,5800,5800,5800
Tamil Nadu,Vellore,Vellore APMC,Knool Khol,Knool Khol,Local,06-09-2026,2000,2000,2000
Tamil Nadu,Vellore,Vellore APMC,Indian Beans(Seam),Indian Beans (Seam),Local,06-09-2026,4000,4000,4000
Madhya Pradesh,Raisen,Silvani APMC,Wheat,Wheat,FAQ,06-09-2026,2650,2650,2650
Tamil Nadu,Dharmapuri,Harur(Uzhavar Sandhai ),Carrot,Pusakesar,Local,06-09-2026,5000,6000,5500
Tamil Nadu,Dharmapuri,Harur(Uzhavar Sandhai ),Mint(Pudina),Mint(Pudina),Local,06-09-2026,3500,4000,3750
Tamil Nadu,Dharmapuri,Harur(Uzhavar Sandhai ),Ridgeguard(Tori),Ridgeguard(Tori),Local,06-09-2026,3500,4000,3750
Tamil Nadu,Dharmapuri,Harur(Uzhavar Sandhai ),Raddish,Raddish,Local,06-09-2026,2000,2500,2250
Tamil Nadu,Krishnagiri,Kaveripattinam(Uzhavar Sandhai ),Coconut,Coconut,Local,06-09-2026,6000,6000,6000
Tamil Nadu,Krishnagiri,Kaveripattinam(Uzhavar Sandhai ),Snakeguard,Snakeguard,Local,06-09-2026,3000,3000,3000
Tamil Nadu,The Nilgiris,Gudalur(Uzhavar Sandhai ),Snakeguard,Snakeguard,Local,06-09-2026,3500,4000,3750
Tamil Nadu,The Nilgiris,Gudalur(Uzhavar Sandhai ),Cucumbar(Kheera),Cucumbar,Local,06-09-2026,3500,4000,3750
Tamil Nadu,The Nilgiris,Gudalur(Uzhavar Sandhai ),Banana,Besrai,Local,06-09-2026,4000,5000,4500
Tamil Nadu,The Nilgiris,Gudalur(Uzhavar Sandhai ),Cauliflower,Ranchi,Local,06-09-2026,4000,4500,4250
Tamil Nadu,The Nilgiris,Gudalur(Uzhavar Sandhai ),Banana - Green,Banana - Green,Local,06-09-2026,4000,4500,4250
Tamil Nadu,The Nilgiris,Gudalur(Uzhavar Sandhai ),Green Avare(W),Green Avare (W),Local,06-09-2026,5500,6000,5750
Tamil Nadu,The Nilgiris,Gudalur(Uzhavar Sandhai ),Drumstick,Drumstick,Local,06-09-2026,3000,3400,3200
Tamil Nadu,The Nilgiris,Gudalur(Uzhavar Sandhai ),Lemon,Lemon,Local,06-09-2026,20000,21000,20500
Odisha,Bargarh,Attabira APMC,Ridge Gourd(Permal/Hybrid Gourd),Ridge Gourd(Permal/Hybrid Gourd),Grade B,06-09-2026,2050,2350,2200
Himachal Pradesh,Kullu,SMY Bhuntar,Papaya,Other,Medium,06-09-2026,5000,5600,5300
Himachal Pradesh,Kullu,SMY Bhuntar,Cauliflower,Other,FAQ,06-09-2026,1500,3800,2500
Himachal Pradesh,Kullu,SMY Bhuntar,Orange,Other,Medium,06-09-2026,11000,13000,12000
Himachal Pradesh,Kullu,SMY Bhuntar,Pomegranate,Other,Medium,06-09-2026,3500,7000,5200
Punjab,Tarntaran,Patti APMC,Bottle gourd,Other,Local,06-09-2026,150,150,150
Punjab,Tarntaran,Patti APMC,Cucumbar(Kheera),Cucumbar,Local,06-09-2026,0.15,0.15,0.15
Punjab,Tarntaran,Patti APMC,Bhindi(Ladies Finger),Other,Local,06-09-2026,0.12,0.12,0.12
Punjab,Tarntaran,Patti APMC,Garlic,Other,Local,06-09-2026,28.9,28.9,28.9
Punjab,Tarntaran,Patti APMC,Green Chilli,Other,Local,06-09-2026,0.08,0.08,0.08
Uttarakhand,Dehradoon,Vikasnagar APMC,Green Chilli,Green Chilly,Medium,06-09-2026,1100,2200,2200
Uttarakhand,Dehradoon,Vikasnagar APMC,Sponge gourd,Other,Medium,06-09-2026,1200,1500,1500
Uttarakhand,Dehradoon,Vikasnagar APMC,Raddish,Other,Medium,06-09-2026,500,500,500
Uttarakhand,Dehradoon,Rishikesh APMC,Brinjal,Other,Medium,06-09-2026,1000,1650,1200
Uttarakhand,Dehradoon,Rishikesh APMC,Bitter gourd,Other,Medium,06-09-2026,1200,2100,1550
Uttarakhand,Dehradoon,Rishikesh APMC,Papaya,Other,Medium,06-09-2026,1800,2200,2000
Telangana,Medchal Malkajgiri,"Kukatpally,RBZ",Onion,1st Sort,Local,06-09-2026,4000,4000,4000
Telangana,Medchal Malkajgiri,"Kukatpally,RBZ",Banana - Green,Banana - Green,Local,06-09-2026,1000,1000,1000
Telangana,Medchal Malkajgiri,"Kukatpally,RBZ",Colacasia,Colacasia,Local,06-09-2026,2800,2800,2800
Telangana,Medchal Malkajgiri,"Kukatpally,RBZ",Beetroot,Beetroot,Local,06-09-2026,3500,3500,3500
Uttarakhand,Haridwar,Lakshar APMC,Wheat,Other,Local,06-09-2026,2585,2600,2600
Uttarakhand,Udhamsinghnagar,Jaspur(UC) APMC,Pumpkin,Other,FAQ,06-09-2026,1200,1400,1300
Andhra Pradesh,Anakapally,Anakapally APMC,Gur(Jaggery),Anakapalli,Grade Range-3,06-09-2026,5140,5140,5140
Himachal Pradesh,Kullu,SMY Shatt,Tomato,Tomato,FAQ,06-09-2026,1500,2500,2000
Keralam,Kozhikode(Calicut),Mukkom Market,Green Chilli,Green Chilly,FAQ,06-09-2026,6000,6400,6200
Keralam,Kozhikode(Calicut),Mukkom Market,Bottle gourd,Bottle Gourd,FAQ,06-09-2026,3100,3300,3200
Keralam,Kozhikode(Calicut),Mukkom Market,Ashgourd,Other,FAQ,06-09-2026,2800,3100,2900
Keralam,Kozhikode(Calicut),Mukkom Market,Amaranthus,Amaranthus,FAQ,06-09-2026,3400,3800,3600
Keralam,Kozhikode(Calicut),Mukkom Market,Coconut,Other,FAQ,06-09-2026,5800,6200,6000
Andhra Pradesh,Nandyal,Allagadda APMC,Maize,Local,FAQ,06-09-2026,2000,2200,2100
Uttar Pradesh,Banda,Banda APMC,Rice,Common,FAQ,06-09-2026,3200,3220,3211.25
Telangana,Hyderabad,RYTHU BAZAR FALAKNUMA,Ladies Finger,Ladies Finger,Grade A,06-09-2026,3500,3500,3500
Telangana,Hyderabad,RYTHU BAZAR FALAKNUMA,Bitter gourd,Bitter Gourd,Grade A,06-09-2026,2600,2600,2600
Telangana,Hyderabad,RYTHU BAZAR FALAKNUMA,Little gourd(Kundru),Little gourd (Kundru),Grade A,06-09-2026,3500,3500,3500
Telangana,Hyderabad,RYTHU BAZAR FALAKNUMA,Field Bean(Anumulu),Field Bean(Anumulu),Grade A,06-09-2026,4000,4000,4000
Telangana,Hyderabad,RYTHU BAZAR FALAKNUMA,Bottle gourd,Bottle Gourd,Grade A,06-09-2026,800,800,800
Telangana,Hyderabad,RYTHU BAZAR FALAKNUMA,Leafy Vegetable,Leafy Vegetables,Grade A,06-09-2026,3000,3000,3000
Telangana,Hyderabad,RYTHU BAZAR FALAKNUMA,Cucumbar(Kheera),Cucumbar,Grade A,06-09-2026,1800,1800,1800
Odisha,Rayagada,Gunpur APMC,Cauliflower,Cauliflower,Local,06-09-2026,6800,8200,7400
Odisha,Rayagada,Gunpur APMC,Carrot,Carrot,FAQ,06-09-2026,7040,7800,7240
Punjab,Gurdaspur,Quadian APMC,Banana,Other,Grade A,06-09-2026,2300,2500,2400
Punjab,Gurdaspur,Quadian APMC,Cabbage,Other,Grade A,06-09-2026,1300,1500,1400
Punjab,Gurdaspur,Quadian APMC,Ginger(Green),Other,Grade A,06-09-2026,7800,8000,7900
Keralam,Kollam,Anchal Market,Bitter gourd,Bitter Gourd,Local,06-09-2026,7500,7500,7500
Keralam,Kollam,Anchal Market,Banana,Nendra Bale,Medium,06-09-2026,7600,7600,7600
Keralam,Kollam,Anchal Market,Carrot,Carrot,Local,06-09-2026,4800,4800,4800
Keralam,Kollam,Anchal Market,Banana,Palayamthodan,Medium,06-09-2026,3900,3900,3900
Keralam,Kollam,Anchal Market,Banana,Red Banana,Medium,06-09-2026,7300,7300,7300
Keralam,Kollam,Anchal Market,Ashgourd,Ashgourd,Local,06-09-2026,6500,6500,6500
Keralam,Kollam,Anchal Market,Drumstick,Drumstick,Local,06-09-2026,7300,7300,7300
Rajasthan,Jhunjhunu,Surajgarh APMC,Mustard,Other,FAQ,06-09-2026,7500,7500,7500
Odisha,Bolangir,Kantabaji APMC,Cabbage,Cabbage,Grade B,06-09-2026,2000,3000,2500
Odisha,Bolangir,Kantabaji APMC,Tomato,Other,Grade B,06-09-2026,2500,3500,3000
Keralam,Kottayam,Ettumanoor Market,Brinjal,Brinjal,FAQ,06-09-2026,3000,3400,3200
Keralam,Kottayam,Ettumanoor Market,Banana - Green,Banana - Green,FAQ,06-09-2026,6500,7500,7000
Keralam,Kottayam,Ettumanoor Market,Potato,Potato,FAQ,06-09-2026,2800,3000,2900
Punjab,Tarntaran,Harike APMC,Bhindi(Ladies Finger),Bhindi,FAQ,06-09-2026,1100,1200,1150
Karnataka,Vijayanagara,Hospet APMC,Potato,Potato,Local,06-09-2026,1200,1600,1400
Karnataka,Vijayanagara,Hospet APMC,Tomato,Tomato,Local,06-09-2026,800,1000,800
Karnataka,Vijayanagara,Hospet APMC,Cabbage,Cabbage,Local,06-09-2026,1200,1400,1400
Karnataka,Vijayanagara,Hospet APMC,Cucumbar(Kheera),Cucumbar,Local,06-09-2026,1500,1800,1600
Tamil Nadu,Thirupur,Tiruppur (South) (Uzhavar Sandhai ),Garlic,Garlic,Local,06-09-2026,18000,21000,19500
Tamil Nadu,Thirupur,Tiruppur (South) (Uzhavar Sandhai ),Coriander(Leaves),I Sort,Local,06-09-2026,2500,3000,2750
Tamil Nadu,Thirupur,Tiruppur (South) (Uzhavar Sandhai ),Cluster beans,Cluster Beans,Local,06-09-2026,3000,4000,3500
Tamil Nadu,Thirupur,Tiruppur (South) (Uzhavar Sandhai ),Ashgourd,Gouard,Local,06-09-2026,1200,1500,1350
Tamil Nadu,Thirupur,Tiruppur (South) (Uzhavar Sandhai ),Ridgeguard(Tori),Ridgeguard(Tori),Local,06-09-2026,4500,6000,5250
Tamil Nadu,Thirupur,Tiruppur (South) (Uzhavar Sandhai ),Cowpea(Veg),Cowpea (Veg),Local,06-09-2026,3000,4000,3500
Tamil Nadu,Thirupur,Tiruppur (South) (Uzhavar Sandhai ),Banana - Green,Banana - Green,Local,06-09-2026,2500,3000,2750
Tamil Nadu,Thirupur,Tiruppur (South) (Uzhavar Sandhai ),Chow Chow,Chow Chow,Local,06-09-2026,2500,3000,2750
Tamil Nadu,Thirupur,Tiruppur (South) (Uzhavar Sandhai ),Drumstick,Drumstick,Local,06-09-2026,1700,2000,1850
Tamil Nadu,Thirupur,Tiruppur (South) (Uzhavar Sandhai ),Guava,Guava Allahabad,Local,06-09-2026,4000,5000,4500
Tamil Nadu,Erode,Perundurai(Uzhavar Sandhai ),Coconut,Coconut,Local,06-09-2026,5000,5400,5200
Tamil Nadu,Erode,Perundurai(Uzhavar Sandhai ),Elephant Yam(Suran)/Amorphophallus,Elephant Yam (Suran),Local,06-09-2026,3200,3500,3350
Tamil Nadu,Dharmapuri,Dharmapuri(Uzhavar Sandhai ),Beetroot,Beetroot,Local,06-09-2026,5200,5600,5400
Tamil Nadu,Dharmapuri,Dharmapuri(Uzhavar Sandhai ),Cucumbar(Kheera),Cucumbar,Local,06-09-2026,4200,4500,4350
Tamil Nadu,Dharmapuri,Dharmapuri(Uzhavar Sandhai ),Banana,Besrai,Local,06-09-2026,5200,5500,5350
Tamil Nadu,Dharmapuri,Dharmapuri(Uzhavar Sandhai ),Amaranthus,Amaranthus,Local,06-09-2026,2400,2500,2450
Tamil Nadu,Dharmapuri,Dharmapuri(Uzhavar Sandhai ),Tapioca,Tapioca,Local,06-09-2026,3200,3400,3300
Tamil Nadu,Dharmapuri,Dharmapuri(Uzhavar Sandhai ),Chow Chow,Chow Chow,Local,06-09-2026,4500,4800,4650
Tamil Nadu,Dharmapuri,Dharmapuri(Uzhavar Sandhai ),Drumstick,Drumstick,Local,06-09-2026,2400,2500,2450
Tamil Nadu,Dharmapuri,Dharmapuri(Uzhavar Sandhai ),Tamarind Fruit,Tamarind Fruit,Local,06-09-2026,11800,12600,12200
Tamil Nadu,Dharmapuri,Dharmapuri(Uzhavar Sandhai ),Yam(Ratalu),Yam (Ratalu),Local,06-09-2026,11000,12000,11500
Tamil Nadu,Dharmapuri,Palacode(Uzhavar Sandhai ),Cabbage,Cabbage,Local,06-09-2026,2800,3000,2900
Tamil Nadu,Dharmapuri,Palacode(Uzhavar Sandhai ),Beetroot,Beetroot,Local,06-09-2026,5000,5500,5250
Tamil Nadu,Dharmapuri,Palacode(Uzhavar Sandhai ),Ridgeguard(Tori),Ridgeguard(Tori),Local,06-09-2026,3200,3500,3350
Tamil Nadu,Dharmapuri,Palacode(Uzhavar Sandhai ),Banana,Poovan,Local,06-09-2026,5000,5500,5250
Tamil Nadu,Dharmapuri,Palacode(Uzhavar Sandhai ),Cauliflower,Ranchi,Local,06-09-2026,3000,3500,3250
Tamil Nadu,Dharmapuri,Palacode(Uzhavar Sandhai ),Coriander(Leaves),I Sort,Local,06-09-2026,4600,5000,4800
Tamil Nadu,Dharmapuri,Palacode(Uzhavar Sandhai ),Tomato,Local,Local,06-09-2026,2000,2200,2100
Tamil Nadu,Dharmapuri,Palacode(Uzhavar Sandhai ),Cluster beans,Cluster Beans,Local,06-09-2026,3200,3500,3350
Tamil Nadu,Dharmapuri,Palacode(Uzhavar Sandhai ),Pumpkin,Pumpkin,Local,06-09-2026,1800,2000,1900
Tamil Nadu,Dharmapuri,Palacode(Uzhavar Sandhai ),Raddish,Raddish,Local,06-09-2026,1000,1200,1100
Tamil Nadu,Dharmapuri,Palacode(Uzhavar Sandhai ),Thondekai,Thondekai,Local,06-09-2026,4200,4500,4350
Tamil Nadu,Dharmapuri,Palacode(Uzhavar Sandhai ),Green Avare(W),Green Avare (W),Local,06-09-2026,4200,4600,4400
Tamil Nadu,Dharmapuri,Palacode(Uzhavar Sandhai ),Knool Khol,Knool Khol,Local,06-09-2026,4000,4400,4200
Tamil Nadu,Dharmapuri,Palacode(Uzhavar Sandhai ),Sweet Corn ,Sweet Corn ,Local,06-09-2026,2800,3000,2900
Tamil Nadu,Dharmapuri,Pennagaram(Uzhavar Sandhai ),Coconut,Coconut,Local,06-09-2026,5500,6000,5750
Tamil Nadu,Dharmapuri,Pennagaram(Uzhavar Sandhai ),Garlic,Garlic,Local,06-09-2026,21000,22000,21500
Tamil Nadu,Dharmapuri,Pennagaram(Uzhavar Sandhai ),Cauliflower,Ranchi,Local,06-09-2026,2800,3000,2900
Tamil Nadu,Dharmapuri,Pennagaram(Uzhavar Sandhai ),Tomato,Local,Local,06-09-2026,2400,2600,2500
Tamil Nadu,Dharmapuri,Pennagaram(Uzhavar Sandhai ),Amaranthus,Amaranthus,Local,06-09-2026,2400,2500,2450
Tamil Nadu,Dharmapuri,Pennagaram(Uzhavar Sandhai ),Banana - Green,Banana - Green,Local,06-09-2026,2800,3000,2900
Tamil Nadu,Dharmapuri,Pennagaram(Uzhavar Sandhai ),Beans,Beans (Whole),Local,06-09-2026,7500,8000,7750
Tamil Nadu,Dharmapuri,Pennagaram(Uzhavar Sandhai ),Ginger(Green),Green Ginger,Local,06-09-2026,19000,20000,19500
Tamil Nadu,Dharmapuri,Pennagaram(Uzhavar Sandhai ),Drumstick,Drumstick,Local,06-09-2026,2800,3000,2900
Tamil Nadu,Dharmapuri,Pennagaram(Uzhavar Sandhai ),Guava,Guava Allahabad,Local,06-09-2026,5500,6000,5750
Tamil Nadu,Dindigul,Chinnalapatti(Uzhavar Sandhai ),Carrot,Pusakesar,Local,06-09-2026,7000,8000,7500
Tamil Nadu,Dindigul,Chinnalapatti(Uzhavar Sandhai ),Cauliflower,Ranchi,Local,06-09-2026,4000,5000,4500
Tamil Nadu,Dindigul,Chinnalapatti(Uzhavar Sandhai ),Brinjal,Other,Local,06-09-2026,6000,7000,6500
Tamil Nadu,Dindigul,Chinnalapatti(Uzhavar Sandhai ),Papaya,Papaya,Local,06-09-2026,4000,4500,4250
Tamil Nadu,Dindigul,Chinnalapatti(Uzhavar Sandhai ),Yam(Ratalu),Yam (Ratalu),Local,06-09-2026,9000,10000,9500
Tamil Nadu,Dindigul,Dindigul(Uzhavar Sandhai ),Onion,Bellary,Local,06-09-2026,6000,6500,6250
Tamil Nadu,Dindigul,Dindigul(Uzhavar Sandhai ),Garlic,Garlic,Local,06-09-2026,25000,28000,26500
Tamil Nadu,Dindigul,Dindigul(Uzhavar Sandhai ),Coriander(Leaves),I Sort,Local,06-09-2026,2000,3000,2500
Tamil Nadu,Dindigul,Dindigul(Uzhavar Sandhai ),Bottle gourd,Bottle Gourd,Local,06-09-2026,2000,3000,2500
Tamil Nadu,Dindigul,Dindigul(Uzhavar Sandhai ),Pumpkin,Pumpkin,Local,06-09-2026,1500,2000,1750
Tamil Nadu,Dindigul,Dindigul(Uzhavar Sandhai ),Banana - Green,Banana - Green,Local,06-09-2026,1500,2000,1750
Tamil Nadu,Dindigul,Dindigul(Uzhavar Sandhai ),Beans,Beans (Whole),Local,06-09-2026,7000,8000,7500
Tamil Nadu,Dindigul,Dindigul(Uzhavar Sandhai ),Ginger(Green),Green Ginger,Local,06-09-2026,15000,18000,16500
Tamil Nadu,Dindigul,Dindigul(Uzhavar Sandhai ),Raddish,Raddish,Local,06-09-2026,3000,4000,3500
Tamil Nadu,Dindigul,Dindigul(Uzhavar Sandhai ),Lime,Lime,Local,06-09-2026,12000,14000,13000
Tamil Nadu,Dindigul,Dindigul(Uzhavar Sandhai ),Tamarind Fruit,Tamarind Fruit,Local,06-09-2026,13000,15000,14000
Tamil Nadu,Dindigul,Dindigul(Uzhavar Sandhai ),Colacasia,Colacasia,Local,06-09-2026,5000,6000,5500
Tamil Nadu,Dindigul,Palani(Uzhavar Sandhai ),Sweet Potato,Hosur Red,Local,06-09-2026,5000,6000,5500
Tamil Nadu,Dindigul,Palani(Uzhavar Sandhai ),Carrot,Pusakesar,Local,06-09-2026,6000,6800,6400
Tamil Nadu,Dindigul,Palani(Uzhavar Sandhai ),Cabbage,Cabbage,Local,06-09-2026,3000,3400,3200
Tamil Nadu,Dindigul,Palani(Uzhavar Sandhai ),Beetroot,Beetroot,Local,06-09-2026,3000,7000,5000
Tamil Nadu,Dindigul,Palani(Uzhavar Sandhai ),Amaranthus,Amaranthus,Local,06-09-2026,3000,3600,3300
Tamil Nadu,Dindigul,Palani(Uzhavar Sandhai ),Chow Chow,Chow Chow,Local,06-09-2026,3000,3400,3200
Tamil Nadu,Dindigul,Palani(Uzhavar Sandhai ),Drumstick,Drumstick,Local,06-09-2026,1600,2000,1800
Tamil Nadu,Erode,Periyar Nagar(Uzhavar Sandhai ),Water Melon,Water Melon,Local,06-09-2026,1000,1500,1250
Tamil Nadu,Erode,Periyar Nagar(Uzhavar Sandhai ),Tapioca,Tapioca,Local,06-09-2026,2000,2500,2250
Tamil Nadu,Erode,Periyar Nagar(Uzhavar Sandhai ),Drumstick,Drumstick,Local,06-09-2026,3000,3400,3200
Tamil Nadu,Erode,Periyar Nagar(Uzhavar Sandhai ),Tender Coconut,Tender Coconut,Local,06-09-2026,3000,4000,3500
Tamil Nadu,Erode,Periyar Nagar(Uzhavar Sandhai ),Amla(Nelli Kai),Amla,Local,06-09-2026,10000,11000,10500
Tamil Nadu,Kallakuruchi,Sankarapuram(Uzhavar Sandhai ),Ridgeguard(Tori),Ridgeguard(Tori),Local,06-09-2026,4000,4000,4000
Tamil Nadu,Kallakuruchi,Sankarapuram(Uzhavar Sandhai ),Banana,Besrai,Local,06-09-2026,4000,4000,4000
Tamil Nadu,Kallakuruchi,Sankarapuram(Uzhavar Sandhai ),Bitter gourd,Bitter Gourd,Local,06-09-2026,7000,7000,7000
Tamil Nadu,Kallakuruchi,Sankarapuram(Uzhavar Sandhai ),Ashgourd,Gouard,Local,06-09-2026,3000,3000,3000
Tamil Nadu,Kallakuruchi,Sankarapuram(Uzhavar Sandhai ),Pumpkin,Pumpkin,Local,06-09-2026,3000,3000,3000
Tamil Nadu,Kallakuruchi,Sankarapuram(Uzhavar Sandhai ),Green Chilli,Green Chilly,Local,06-09-2026,6000,6000,6000
Tamil Nadu,Kallakuruchi,Sankarapuram(Uzhavar Sandhai ),Mango(Raw-Ripe),Mango - Raw-Ripe,Local,06-09-2026,5000,5000,5000
Tamil Nadu,Kallakuruchi,Sankarapuram(Uzhavar Sandhai ),Amla(Nelli Kai),Amla,Local,06-09-2026,10000,10000,10000
Tamil Nadu,Kallakuruchi,Sankarapuram(Uzhavar Sandhai ),Onion Green,Onion Green,Local,06-09-2026,7000,7000,7000
Tamil Nadu,Kancheepuram,Kancheepuram(Uzhavar Sandhai ),Brinjal,Round,Local,06-09-2026,3000,4000,3500
Tamil Nadu,Kancheepuram,Kancheepuram(Uzhavar Sandhai ),Ginger(Green),Green Ginger,Local,06-09-2026,10000,15000,12500
Tamil Nadu,Kancheepuram,Kancheepuram(Uzhavar Sandhai ),Drumstick,Drumstick,Local,06-09-2026,3000,4000,3500
Tamil Nadu,Kancheepuram,Kancheepuram(Uzhavar Sandhai ),Guava,Guava Allahabad,Local,06-09-2026,4000,5000,4500
Tamil Nadu,Kancheepuram,Kancheepuram(Uzhavar Sandhai ),Mashrooms,Mashrooms,Local,06-09-2026,22000,28000,25000
Tamil Nadu,Kancheepuram,Kancheepuram(Uzhavar Sandhai ),Sweet Corn ,Sweet Corn ,Local,06-09-2026,2500,3500,3000
Tamil Nadu,Kancheepuram,Kundrathur(Uzhavar Sandhai ),Snakeguard,Snakeguard,Local,06-09-2026,3500,3500,3500
Tamil Nadu,Kancheepuram,Kundrathur(Uzhavar Sandhai ),Potato,Other,Local,06-09-2026,2800,2800,2800
Tamil Nadu,Kancheepuram,Kundrathur(Uzhavar Sandhai ),Green Chilli,Green Chilly,Local,06-09-2026,5500,6000,5750
Tamil Nadu,Kancheepuram,Kundrathur(Uzhavar Sandhai ),Beans,Beans (Whole),Local,06-09-2026,6500,7000,6750
Tamil Nadu,Kancheepuram,Kundrathur(Uzhavar Sandhai ),Drumstick,Drumstick,Local,06-09-2026,3500,3500,3500
Tamil Nadu,Kancheepuram,Kundrathur(Uzhavar Sandhai ),Onion Green,Onion Green,Local,06-09-2026,6000,6000,6000
Tamil Nadu,Kancheepuram,Padappai(Uzhavar Sandhai ),Cabbage,Cabbage,Local,06-09-2026,2000,2500,2250
Tamil Nadu,Kancheepuram,Padappai(Uzhavar Sandhai ),Cucumbar(Kheera),Cucumbar,Local,06-09-2026,2500,3000,2750
Tamil Nadu,Kancheepuram,Padappai(Uzhavar Sandhai ),Coriander(Leaves),I Sort,Local,06-09-2026,4000,5000,4500
Tamil Nadu,Kancheepuram,Padappai(Uzhavar Sandhai ),Pumpkin,Pumpkin,Local,06-09-2026,2000,3000,2500
Tamil Nadu,Kancheepuram,Padappai(Uzhavar Sandhai ),Bhindi(Ladies Finger),Bhindi,Local,06-09-2026,3000,3500,3250
Tamil Nadu,Kancheepuram,Padappai(Uzhavar Sandhai ),Drumstick,Drumstick,Local,06-09-2026,2500,3500,3000
Tamil Nadu,Kancheepuram,Padappai(Uzhavar Sandhai ),Mint(Pudina),Mint(Pudina),Local,06-09-2026,3000,4000,3500
Tamil Nadu,Kancheepuram,Sunguvarchatram(Uzhavar Sandhai ),Cabbage,Cabbage,Local,06-09-2026,3000,3000,3000
Tamil Nadu,Kancheepuram,Sunguvarchatram(Uzhavar Sandhai ),Onion,Bellary,Local,06-09-2026,5000,5000,5000
Tamil Nadu,Kancheepuram,Sunguvarchatram(Uzhavar Sandhai ),Drumstick,Drumstick,Local,06-09-2026,4000,4000,4000
Tamil Nadu,Kancheepuram,Sunguvarchatram(Uzhavar Sandhai ),Yam(Ratalu),Yam (Ratalu),Local,06-09-2026,4000,4000,4000
Tamil Nadu,Krishnagiri,Avallapalli(Uzhavar Sandhai ),Coconut,Coconut,Local,06-09-2026,5500,6000,5750
Tamil Nadu,Krishnagiri,Avallapalli(Uzhavar Sandhai ),Beetroot,Beetroot,Local,06-09-2026,2500,3000,2750
Tamil Nadu,Krishnagiri,Avallapalli(Uzhavar Sandhai ),Brinjal,Round,Local,06-09-2026,2500,3000,2750
Tamil Nadu,Krishnagiri,Avallapalli(Uzhavar Sandhai ),Papaya,Papaya,Local,06-09-2026,3500,4000,3750
Tamil Nadu,Krishnagiri,Avallapalli(Uzhavar Sandhai ),Tomato,Deshi,Local,06-09-2026,2000,2500,2250
Tamil Nadu,Krishnagiri,Avallapalli(Uzhavar Sandhai ),Amaranthus,Amaranthus,Local,06-09-2026,3500,4000,3750
Tamil Nadu,Krishnagiri,Avallapalli(Uzhavar Sandhai ),Green Chilli,Green Chilly,Local,06-09-2026,4500,5000,4750
Tamil Nadu,Krishnagiri,Avallapalli(Uzhavar Sandhai ),Thondekai,Thondekai,Local,06-09-2026,2000,2500,2250
Tamil Nadu,Krishnagiri,Avallapalli(Uzhavar Sandhai ),Lemon,Lemon,Local,06-09-2026,14000,15000,14500
Tamil Nadu,Dharmapuri,Karimangalam(Uzhavar Sandhai),Banana,Karpura,Local,06-09-2026,6500,7000,6750
Tamil Nadu,Dharmapuri,Karimangalam(Uzhavar Sandhai),Potato,Other,Local,06-09-2026,2600,2800,2700
Tamil Nadu,Dharmapuri,Karimangalam(Uzhavar Sandhai),Garlic,Garlic,Local,06-09-2026,20000,21000,20500
Tamil Nadu,Dharmapuri,Karimangalam(Uzhavar Sandhai),Papaya,Papaya,Local,06-09-2026,3300,3500,3400
Tamil Nadu,Dharmapuri,Karimangalam(Uzhavar Sandhai),Cluster beans,Cluster Beans,Local,06-09-2026,2200,2400,2300
Tamil Nadu,Dharmapuri,Karimangalam(Uzhavar Sandhai),Bottle gourd,Bottle Gourd,Local,06-09-2026,1800,2000,1900
Tamil Nadu,Dharmapuri,Karimangalam(Uzhavar Sandhai),Amaranthus,Amaranthus,Local,06-09-2026,2300,2500,2400
Tamil Nadu,Dharmapuri,Karimangalam(Uzhavar Sandhai),Banana - Green,Banana - Green,Local,06-09-2026,2800,3000,2900
Tamil Nadu,Dharmapuri,Karimangalam(Uzhavar Sandhai),Ginger(Green),Green Ginger,Local,06-09-2026,19000,20000,19500
Tamil Nadu,Dharmapuri,Karimangalam(Uzhavar Sandhai),Green Avare(W),Other,Local,06-09-2026,4000,4500,4250
Tamil Nadu,Dharmapuri,Karimangalam(Uzhavar Sandhai),Chow Chow,Chow Chow,Local,06-09-2026,4400,4800,4600
Tamil Nadu,Dharmapuri,Karimangalam(Uzhavar Sandhai),Mint(Pudina),Mint(Pudina),Local,06-09-2026,5500,6000,5750
Tamil Nadu,Krishnagiri,Denkanikottai(Uzhavar Sandhai ),Carrot,Pusakesar,Local,06-09-2026,4000,4500,4250
Tamil Nadu,Krishnagiri,Denkanikottai(Uzhavar Sandhai ),Banana,Besrai,Local,06-09-2026,5000,8000,6500
Tamil Nadu,Krishnagiri,Denkanikottai(Uzhavar Sandhai ),Cauliflower,Ranchi,Local,06-09-2026,2000,2500,2250
Tamil Nadu,Krishnagiri,Denkanikottai(Uzhavar Sandhai ),Brinjal,Round,Local,06-09-2026,2000,3000,2500
Tamil Nadu,Krishnagiri,Denkanikottai(Uzhavar Sandhai ),Papaya,Papaya,Local,06-09-2026,3500,4000,3750
Tamil Nadu,Krishnagiri,Denkanikottai(Uzhavar Sandhai ),Green Avare(W),Green Avare (W),Local,06-09-2026,4500,5000,4750
Tamil Nadu,Krishnagiri,Denkanikottai(Uzhavar Sandhai ),Chow Chow,Chow Chow,Local,06-09-2026,2000,2500,2250
Tamil Nadu,Krishnagiri,Hosur(Uzhavar Sandhai ),Beetroot,Beetroot,Local,06-09-2026,2500,3000,2750
Tamil Nadu,Krishnagiri,Hosur(Uzhavar Sandhai ),Ridgeguard(Tori),Ridgeguard(Tori),Local,06-09-2026,2500,3000,2750
Tamil Nadu,Krishnagiri,Hosur(Uzhavar Sandhai ),Orange,Darjeeling,Local,06-09-2026,16000,18000,17000
Tamil Nadu,Krishnagiri,Hosur(Uzhavar Sandhai ),Pineapple,Pine Apple,Local,06-09-2026,8000,10000,9000
Tamil Nadu,Krishnagiri,Hosur(Uzhavar Sandhai ),Green Peas,Green Peas,Local,06-09-2026,10000,12000,11000
Tamil Nadu,Krishnagiri,Hosur(Uzhavar Sandhai ),Bitter gourd,Bitter Gourd,Local,06-09-2026,4000,4500,4250
Tamil Nadu,Krishnagiri,Hosur(Uzhavar Sandhai ),Pumpkin,Pumpkin,Local,06-09-2026,1200,1500,1350
Tamil Nadu,Krishnagiri,Hosur(Uzhavar Sandhai ),Ginger(Green),Green Ginger,Local,06-09-2026,12000,15000,13500
Tamil Nadu,Krishnagiri,Hosur(Uzhavar Sandhai ),Coconut,Coconut,Local,06-09-2026,5500,6000,5750
Tamil Nadu,Krishnagiri,Hosur(Uzhavar Sandhai ),Green Avare(W),Green Avare (W),Local,06-09-2026,5000,5500,5250
Tamil Nadu,Krishnagiri,Hosur(Uzhavar Sandhai ),Chow Chow,Chow Chow,Local,06-09-2026,2000,2500,2250
Tamil Nadu,Krishnagiri,Hosur(Uzhavar Sandhai ),Knool Khol,Knool Khol,Local,06-09-2026,1200,1500,1350
Tamil Nadu,Krishnagiri,Hosur(Uzhavar Sandhai ),Pomegranate,Pomogranate,Local,06-09-2026,10000,12000,11000
Tamil Nadu,Krishnagiri,Hosur(Uzhavar Sandhai ),Yam(Ratalu),Yam (Ratalu),Local,06-09-2026,4500,5000,4750
Tamil Nadu,Krishnagiri,Hosur(Uzhavar Sandhai ),Amla(Nelli Kai),Amla,Local,06-09-2026,8000,10000,9000
Tamil Nadu,Madurai,Anaiyur(Uzhavar Sandhai ),Cabbage,Cabbage,Local,06-09-2026,2600,3000,2800
Tamil Nadu,Madurai,Anaiyur(Uzhavar Sandhai ),Beetroot,Beetroot,Local,06-09-2026,4500,5000,4750
Tamil Nadu,Madurai,Anaiyur(Uzhavar Sandhai ),Ridgeguard(Tori),Ridgeguard(Tori),Local,06-09-2026,5000,5500,5250
Tamil Nadu,Madurai,Anaiyur(Uzhavar Sandhai ),Cluster beans,Cluster Beans,Local,06-09-2026,3000,3200,3100
Tamil Nadu,Madurai,Anaiyur(Uzhavar Sandhai ),Pumpkin,Pumpkin,Local,06-09-2026,1600,2000,1800
Tamil Nadu,Madurai,Anaiyur(Uzhavar Sandhai ),Green Chilli,Green Chilly,Local,06-09-2026,4500,5000,4750
Tamil Nadu,Madurai,Anaiyur(Uzhavar Sandhai ),Beans,Beans (Whole),Local,06-09-2026,8000,9000,8500
Tamil Nadu,Madurai,Anaiyur(Uzhavar Sandhai ),Pomegranate,Pomogranate,Local,06-09-2026,18000,22000,20000
Tamil Nadu,Madurai,Anaiyur(Uzhavar Sandhai ),Yam(Ratalu),Yam (Ratalu),Local,06-09-2026,6500,7000,6750
Tamil Nadu,Madurai,Anaiyur(Uzhavar Sandhai ),Indian Beans(Seam),Indian Beans (Seam),Local,06-09-2026,5500,6000,5750
Tamil Nadu,Madurai,Anaiyur(Uzhavar Sandhai ),Onion Green,Onion Green,Local,06-09-2026,7500,8000,7750
Tamil Nadu,Madurai,Anaiyur(Uzhavar Sandhai ),Mint(Pudina),Mint(Pudina),Local,06-09-2026,4500,5000,4750
Tamil Nadu,Madurai,Anaiyur(Uzhavar Sandhai ),Baby Corn,Baby Corn,Grade A,06-09-2026,2000,2400,2200
Tamil Nadu,Madurai,Usilampatti(Uzhavar Sandhai ),Bhindi(Ladies Finger),Bhindi,Local,06-09-2026,2800,3200,3000
Tamil Nadu,Madurai,Usilampatti(Uzhavar Sandhai ),Green Chilli,Green Chilly,Local,06-09-2026,4500,5000,4750
Tamil Nadu,Madurai,Usilampatti(Uzhavar Sandhai ),Banana - Green,Banana - Green,Local,06-09-2026,2500,3000,2750
Tamil Nadu,Madurai,Usilampatti(Uzhavar Sandhai ),Green Avare(W),Green Avare (W),Local,06-09-2026,8000,9000,8500
Tamil Nadu,Nagapattinam,Sirkali(Uzhavar Sandhai ),Sweet Potato,Hosur Red,Local,06-09-2026,5500,6000,5750
Tamil Nadu,Nagapattinam,Sirkali(Uzhavar Sandhai ),Onion,Bellary,Local,06-09-2026,5500,6000,5750
Tamil Nadu,Nagapattinam,Sirkali(Uzhavar Sandhai ),Potato,Red Nanital,Local,06-09-2026,3600,4000,3800
Tamil Nadu,Nagapattinam,Sirkali(Uzhavar Sandhai ),Brinjal,Round,Local,06-09-2026,5000,5500,5250
Tamil Nadu,Nagapattinam,Sirkali(Uzhavar Sandhai ),Ridgeguard(Tori),Ridgeguard(Tori),Local,06-09-2026,5500,6000,5750
Tamil Nadu,Nagapattinam,Sirkali(Uzhavar Sandhai ),Pumpkin,Pumpkin,Local,06-09-2026,2500,3000,2750
Tamil Nadu,Nagapattinam,Sirkali(Uzhavar Sandhai ),Beans,Beans (Whole),Local,06-09-2026,9000,9000,9000
Tamil Nadu,Nagapattinam,Sirkali(Uzhavar Sandhai ),Tapioca,Tapioca,Local,06-09-2026,4500,5000,4750
Tamil Nadu,Nagapattinam,Sirkali(Uzhavar Sandhai ),Chow Chow,Chow Chow,Local,06-09-2026,3000,3000,3000
Tamil Nadu,Nagapattinam,Sirkali(Uzhavar Sandhai ),Yam(Ratalu),Yam (Ratalu),Local,06-09-2026,5500,6000,5750
Tamil Nadu,Nagapattinam,Sirkali(Uzhavar Sandhai ),Onion Green,Onion Green,Local,06-09-2026,5500,6000,5750
Tamil Nadu,Namakkal,Kumarapalayam(Uzhavar Sandhai ),Onion,Bellary,Local,06-09-2026,2800,3000,2900
Tamil Nadu,Namakkal,Kumarapalayam(Uzhavar Sandhai ),Coriander(Leaves),I Sort,Local,06-09-2026,7000,8000,7500
Tamil Nadu,Namakkal,Kumarapalayam(Uzhavar Sandhai ),Amaranthus,Amaranthus,Local,06-09-2026,4500,5000,4750
Tamil Nadu,Namakkal,Kumarapalayam(Uzhavar Sandhai ),Baby Corn,Baby Corn,Grade A,06-09-2026,2500,3000,2750
Tamil Nadu,Namakkal,Mohanur(Uzhavar Sandhai ),Carrot,Pusakesar,Local,06-09-2026,6000,7000,6500
Tamil Nadu,Namakkal,Mohanur(Uzhavar Sandhai ),Potato,Other,Local,06-09-2026,3000,3500,3250
Tamil Nadu,Namakkal,Mohanur(Uzhavar Sandhai ),Coriander(Leaves),I Sort,Local,06-09-2026,7500,8000,7750
Tamil Nadu,Namakkal,Mohanur(Uzhavar Sandhai ),Banana - Green,Banana - Green,Local,06-09-2026,4400,4800,4600
Tamil Nadu,Namakkal,Mohanur(Uzhavar Sandhai ),Beans,Beans (Whole),Local,06-09-2026,8000,9000,8500
Tamil Nadu,Namakkal,Mohanur(Uzhavar Sandhai ),Lemon,Lemon,Local,06-09-2026,9000,10000,9500
Tamil Nadu,Namakkal,Namakkal(Uzhavar Sandhai ),Cabbage,Cabbage,Local,06-09-2026,2000,2500,2250
Tamil Nadu,Namakkal,Namakkal(Uzhavar Sandhai ),Onion,Bellary,Local,06-09-2026,6000,6400,6200
Tamil Nadu,Namakkal,Namakkal(Uzhavar Sandhai ),Potato,Other,Local,06-09-2026,3500,4000,3750
Tamil Nadu,Namakkal,Namakkal(Uzhavar Sandhai ),Garlic,Garlic,Local,06-09-2026,25000,28000,26500
Tamil Nadu,Namakkal,Namakkal(Uzhavar Sandhai ),Brinjal,Other,Local,06-09-2026,4500,5000,4750
Tamil Nadu,Namakkal,Namakkal(Uzhavar Sandhai ),Coriander(Leaves),I Sort,Local,06-09-2026,7000,8000,7500
Tamil Nadu,Namakkal,Namakkal(Uzhavar Sandhai ),Green Peas,Green Peas,Local,06-09-2026,17000,18000,17500
Tamil Nadu,Namakkal,Namakkal(Uzhavar Sandhai ),Bitter gourd,Other,Local,06-09-2026,6500,6800,6650
Tamil Nadu,Namakkal,Namakkal(Uzhavar Sandhai ),Amaranthus,Amaranthus,Local,06-09-2026,3500,4000,3750
Tamil Nadu,Namakkal,Namakkal(Uzhavar Sandhai ),Banana - Green,Banana - Green,Local,06-09-2026,3500,4000,3750
Tamil Nadu,Namakkal,Namakkal(Uzhavar Sandhai ),Mango(Raw-Ripe),Mango - Raw-Ripe,Local,06-09-2026,6000,6500,6250
Tamil Nadu,Namakkal,Namakkal(Uzhavar Sandhai ),Knool Khol,Knool Khol,Local,06-09-2026,2500,2800,2650
Tamil Nadu,Namakkal,Paramathivelur(Uzhavar Sandhai ),Cabbage,Cabbage,Local,06-09-2026,2500,3000,2750
Tamil Nadu,Namakkal,Paramathivelur(Uzhavar Sandhai ),Beetroot,Beetroot,Local,06-09-2026,7000,8000,7500
Tamil Nadu,Namakkal,Paramathivelur(Uzhavar Sandhai ),Onion,Bellary,Local,06-09-2026,5000,6000,5500
Tamil Nadu,Namakkal,Paramathivelur(Uzhavar Sandhai ),Cluster beans,Cluster Beans,Local,06-09-2026,3000,4000,3500
Tamil Nadu,Namakkal,Paramathivelur(Uzhavar Sandhai ),Green Chilli,Green Chilly,Local,06-09-2026,6000,6500,6250
Tamil Nadu,Namakkal,Paramathivelur(Uzhavar Sandhai ),Tapioca,Tapioca,Local,06-09-2026,3000,3500,3250
Tamil Nadu,Namakkal,Paramathivelur(Uzhavar Sandhai ),Green Avare(W),Green Avare (W),Local,06-09-2026,8000,9000,8500
Tamil Nadu,Namakkal,Paramathivelur(Uzhavar Sandhai ),Elephant Yam(Suran)/Amorphophallus,Elephant Yam (Suran),Local,06-09-2026,3500,4000,3750
Tamil Nadu,Namakkal,Rasipuram(Uzhavar Sandhai ),Ridgeguard(Tori),Ridgeguard(Tori),Local,06-09-2026,5500,6000,5750
Tamil Nadu,Namakkal,Rasipuram(Uzhavar Sandhai ),Pineapple,Pine Apple,Local,06-09-2026,4500,5500,5000
Tamil Nadu,Namakkal,Rasipuram(Uzhavar Sandhai ),Potato,Other,Local,06-09-2026,3000,3500,3250
Tamil Nadu,Namakkal,Rasipuram(Uzhavar Sandhai ),Brinjal,Other,Local,06-09-2026,4600,5500,5050
Tamil Nadu,Namakkal,Rasipuram(Uzhavar Sandhai ),Tomato,Other,Local,06-09-2026,2800,3200,3000
Tamil Nadu,Namakkal,Rasipuram(Uzhavar Sandhai ),Bitter gourd,Other,Local,06-09-2026,6000,6500,6250
Tamil Nadu,Namakkal,Rasipuram(Uzhavar Sandhai ),Ashgourd,Gouard,Local,06-09-2026,2000,2400,2200
Tamil Nadu,Namakkal,Rasipuram(Uzhavar Sandhai ),Green Avare(W),Other,Local,06-09-2026,6500,8500,7500
Tamil Nadu,Namakkal,Rasipuram(Uzhavar Sandhai ),Chow Chow,Chow Chow,Local,06-09-2026,2500,3000,2750
Tamil Nadu,Namakkal,Rasipuram(Uzhavar Sandhai ),Jasmine,Jasmine,Local,06-09-2026,60000,70000,65000
Tamil Nadu,Namakkal,Rasipuram(Uzhavar Sandhai ),Marigold(Calcutta),Marigold(Calcutta),Local,06-09-2026,20000,22000,21000
Tamil Nadu,Thanjavur,Tirukattupalli(Uzhavar Sandhai ),Brinjal,Round,Local,06-09-2026,3000,4600,3800
Tamil Nadu,Thanjavur,Tirukattupalli(Uzhavar Sandhai ),Tomato,Deshi,Local,06-09-2026,2600,2600,2600
Tamil Nadu,Thanjavur,Tirukattupalli(Uzhavar Sandhai ),Ashgourd,Gouard,Local,06-09-2026,2400,2400,2400
Tamil Nadu,Thanjavur,Tirukattupalli(Uzhavar Sandhai ),Green Avare(W),Green Avare (W),Local,06-09-2026,5800,6400,6100
Tamil Nadu,Madurai,Palanganatham(Uzhavar Sandhai ),Betal Leaves,Mysore,Local,06-09-2026,20000,28000,24000
Tamil Nadu,Madurai,Palanganatham(Uzhavar Sandhai ),Carrot,Pusakesar,Local,06-09-2026,4000,5500,4750
Tamil Nadu,Madurai,Palanganatham(Uzhavar Sandhai ),Snakeguard,Snakeguard,Local,06-09-2026,3600,4000,3800
Tamil Nadu,Madurai,Palanganatham(Uzhavar Sandhai ),Apple,American,Local,06-09-2026,20000,27000,23500
Tamil Nadu,Madurai,Palanganatham(Uzhavar Sandhai ),Cauliflower,Ranchi,Local,06-09-2026,3000,3500,3250
Tamil Nadu,Madurai,Palanganatham(Uzhavar Sandhai ),Papaya,Papaya,Local,06-09-2026,4500,5000,4750
Tamil Nadu,Madurai,Palanganatham(Uzhavar Sandhai ),Mousambi(Sweet Lime),Mousambi,Local,06-09-2026,6000,7000,6500
Tamil Nadu,Madurai,Palanganatham(Uzhavar Sandhai ),Bitter gourd,Bitter Gourd,Local,06-09-2026,5000,6500,5750
Tamil Nadu,Madurai,Palanganatham(Uzhavar Sandhai ),Bottle gourd,Bottle Gourd,Local,06-09-2026,2400,2800,2600
Tamil Nadu,Madurai,Palanganatham(Uzhavar Sandhai ),Ginger(Green),Green Ginger,Local,06-09-2026,12000,19000,15500
Tamil Nadu,Madurai,Palanganatham(Uzhavar Sandhai ),Raddish,Raddish,Local,06-09-2026,2400,2800,2600
Tamil Nadu,Madurai,Palanganatham(Uzhavar Sandhai ),Chow Chow,Chow Chow,Local,06-09-2026,2800,3200,3000
Tamil Nadu,Madurai,Palanganatham(Uzhavar Sandhai ),Pomegranate,Pomogranate,Local,06-09-2026,18000,22000,20000
Tamil Nadu,Madurai,Palanganatham(Uzhavar Sandhai ),Elephant Yam(Suran)/Amorphophallus,Elephant Yam (Suran),Local,06-09-2026,4000,5000,4500
Tamil Nadu,Madurai,Palanganatham(Uzhavar Sandhai ),Lemon,Lemon,Local,06-09-2026,20000,24000,22000
Tamil Nadu,Madurai,Anna nagar(Uzhavar Sandhai ),Coconut,Coconut,Local,06-09-2026,6400,6400,6400
Tamil Nadu,Madurai,Anna nagar(Uzhavar Sandhai ),Banana,Besrai,Local,06-09-2026,3500,4000,3750
Tamil Nadu,Madurai,Anna nagar(Uzhavar Sandhai ),Orange,Darjeeling,Local,06-09-2026,14000,14000,14000
Tamil Nadu,Madurai,Anna nagar(Uzhavar Sandhai ),Pineapple,Pine Apple,Local,06-09-2026,8000,8000,8000
Tamil Nadu,Madurai,Anna nagar(Uzhavar Sandhai ),Water Melon,Water Melon,Local,06-09-2026,1500,2000,1750
Tamil Nadu,Madurai,Anna nagar(Uzhavar Sandhai ),Pumpkin,Pumpkin,Local,06-09-2026,1600,1600,1600
Tamil Nadu,Madurai,Anna nagar(Uzhavar Sandhai ),Banana - Green,Banana - Green,Local,06-09-2026,2000,2500,2250
Tamil Nadu,Madurai,Anna nagar(Uzhavar Sandhai ),Raddish,Raddish,Local,06-09-2026,3000,3600,3300
Tamil Nadu,Madurai,Anna nagar(Uzhavar Sandhai ),Capsicum,Capsicum,Local,06-09-2026,5500,5500,5500
Tamil Nadu,Madurai,Anna nagar(Uzhavar Sandhai ),Drumstick,Drumstick,Local,06-09-2026,3600,4000,3800
Tamil Nadu,Madurai,Anna nagar(Uzhavar Sandhai ),Mango(Raw-Ripe),Mango - Raw-Ripe,Local,06-09-2026,8000,11000,9500
Tamil Nadu,Madurai,Anna nagar(Uzhavar Sandhai ),Jasmine,Jasmine,Local,06-09-2026,30000,35000,32500
Tamil Nadu,Madurai,Anna nagar(Uzhavar Sandhai ),Indian Beans(Seam),Indian Beans (Seam),Local,06-09-2026,6600,6600,6600
Tamil Nadu,Madurai,Anna nagar(Uzhavar Sandhai ),Colacasia,Colacasia,Local,06-09-2026,5400,5400,5400
Tamil Nadu,Perambalur,Perambalur(Uzhavar Sandhai ),Coconut,Coconut,Local,06-09-2026,5000,6000,5500
Tamil Nadu,Perambalur,Perambalur(Uzhavar Sandhai ),Beetroot,Beetroot,Local,06-09-2026,4000,4800,4400
Tamil Nadu,Perambalur,Perambalur(Uzhavar Sandhai ),Grapes,Annabesahai,Local,06-09-2026,10000,12000,11000
Tamil Nadu,Perambalur,Perambalur(Uzhavar Sandhai ),Brinjal,Other,Local,06-09-2026,4800,5200,5000
Tamil Nadu,Perambalur,Perambalur(Uzhavar Sandhai ),Tomato,Deshi,Local,06-09-2026,3000,3500,3250
Tamil Nadu,Perambalur,Perambalur(Uzhavar Sandhai ),Bhindi(Ladies Finger),Bhindi,Local,06-09-2026,4000,4400,4200
Tamil Nadu,Perambalur,Perambalur(Uzhavar Sandhai ),Green Chilli,Green Chilly,Local,06-09-2026,4500,5000,4750
Tamil Nadu,Perambalur,Perambalur(Uzhavar Sandhai ),Ginger(Green),Green Ginger,Local,06-09-2026,15000,16000,15500
Tamil Nadu,Perambalur,Perambalur(Uzhavar Sandhai ),Thondekai,Thondekai,Local,06-09-2026,4200,4800,4500
Tamil Nadu,Perambalur,Perambalur(Uzhavar Sandhai ),Pomegranate,Pomogranate,Local,06-09-2026,18000,18000,18000
Tamil Nadu,Perambalur,Perambalur(Uzhavar Sandhai ),Elephant Yam(Suran)/Amorphophallus,Elephant Yam (Suran),Local,06-09-2026,5600,5600,5600
Tamil Nadu,Perambalur,Perambalur(Uzhavar Sandhai ),Lemon,Lemon,Local,06-09-2026,13000,15000,14000
Tamil Nadu,Perambalur,Perambalur(Uzhavar Sandhai ),Sweet Corn ,Sweet Corn ,Local,06-09-2026,4000,5000,4500
Tamil Nadu,Salem,Mecheri(Uzhavar Sandhai),Papaya,Papaya,Local,06-09-2026,2500,3000,2750
Tamil Nadu,Salem,Mecheri(Uzhavar Sandhai),Raddish,Raddish,Local,06-09-2026,2000,2500,2250
Tamil Nadu,Ranipet,Arcot(Uzhavar Sandhai ),Coconut,Coconut,Local,06-09-2026,4000,5000,4500
Tamil Nadu,Ranipet,Arcot(Uzhavar Sandhai ),Bitter gourd,Bitter Gourd,Local,06-09-2026,4000,4000,4000
Tamil Nadu,Ranipet,Arcot(Uzhavar Sandhai ),Ridgeguard(Tori),Ridgeguard(Tori),Local,06-09-2026,4000,4000,4000
Tamil Nadu,Ranipet,Arcot(Uzhavar Sandhai ),Banana - Green,Banana - Green,Local,06-09-2026,4000,5000,4500
Tamil Nadu,Ranipet,Arcot(Uzhavar Sandhai ),Green Avare(W),Green Avare (W),Local,06-09-2026,6000,6000,6000
Tamil Nadu,Ranipet,Arcot(Uzhavar Sandhai ),Tender Coconut,Tender Coconut,Local,06-09-2026,2500,3000,2750
Tamil Nadu,Ranipet,Arcot(Uzhavar Sandhai ),Elephant Yam(Suran)/Amorphophallus,Elephant Yam (Suran),Local,06-09-2026,6000,6000,6000
Tamil Nadu,Ranipet,Arcot(Uzhavar Sandhai ),Colacasia,Colacasia,Local,06-09-2026,4500,5000,4750
Tamil Nadu,Ranipet,Ranipettai(Uzhavar Sandhai ),Snakeguard,Snakeguard,Local,06-09-2026,2400,2400,2400
Tamil Nadu,Ranipet,Ranipettai(Uzhavar Sandhai ),Groundnut,Big (With Shell),Local,06-09-2026,6000,6000,6000
Tamil Nadu,Ranipet,Ranipettai(Uzhavar Sandhai ),Bottle gourd,Bottle Gourd,Local,06-09-2026,2000,2000,2000
Tamil Nadu,Ranipet,Ranipettai(Uzhavar Sandhai ),Bhindi(Ladies Finger),Bhindi,Local,06-09-2026,2400,2400,2400
Tamil Nadu,Ranipet,Ranipettai(Uzhavar Sandhai ),Amaranthus,Amaranthus,Local,06-09-2026,2400,2400,2400
Tamil Nadu,Ranipet,Ranipettai(Uzhavar Sandhai ),Tapioca,Tapioca,Local,06-09-2026,4000,4000,4000
Tamil Nadu,Ranipet,Ranipettai(Uzhavar Sandhai ),Mango(Raw-Ripe),Mango - Raw-Ripe,Local,06-09-2026,10000,10000,10000
Tamil Nadu,Ranipet,Ranipettai(Uzhavar Sandhai ),Indian Beans(Seam),Indian Beans (Seam),Local,06-09-2026,5500,5500,5500
Tamil Nadu,Salem,Ammapet(Uzhavar Sandhai ),Carrot,Pusakesar,Local,06-09-2026,6000,6500,6250
Tamil Nadu,Salem,Ammapet(Uzhavar Sandhai ),Snakeguard,Snakeguard,Local,06-09-2026,3200,3500,3350
Tamil Nadu,Salem,Ammapet(Uzhavar Sandhai ),Orange,Darjeeling,Local,06-09-2026,13000,14000,13500
Tamil Nadu,Salem,Ammapet(Uzhavar Sandhai ),Onion,Bellary,Local,06-09-2026,5600,6000,5800
Tamil Nadu,Salem,Ammapet(Uzhavar Sandhai ),Brinjal,Round,Local,06-09-2026,3200,3400,3300
Tamil Nadu,Salem,Ammapet(Uzhavar Sandhai ),Papaya,Papaya,Local,06-09-2026,3500,3500,3500
Tamil Nadu,Salem,Ammapet(Uzhavar Sandhai ),Pumpkin,Pumpkin,Local,06-09-2026,2200,2400,2300
Tamil Nadu,Salem,Ammapet(Uzhavar Sandhai ),Amaranthus,Amaranthus,Local,06-09-2026,2400,2800,2600
Tamil Nadu,Salem,Ammapet(Uzhavar Sandhai ),Banana - Green,Banana - Green,Local,06-09-2026,2200,2400,2300
Tamil Nadu,Salem,Ammapet(Uzhavar Sandhai ),Raddish,Raddish,Local,06-09-2026,2800,3000,2900
Tamil Nadu,Salem,Ammapet(Uzhavar Sandhai ),Guava,Guava Allahabad,Local,06-09-2026,5000,6000,5500
Tamil Nadu,Salem,Ammapet(Uzhavar Sandhai ),Elephant Yam(Suran)/Amorphophallus,Elephant Yam (Suran),Local,06-09-2026,3600,4000,3800
Tamil Nadu,Salem,Ammapet(Uzhavar Sandhai ),Amla(Nelli Kai),Amla,Local,06-09-2026,6600,7000,6800
Tamil Nadu,Salem,Ammapet(Uzhavar Sandhai ),Onion Green,Onion Green,Local,06-09-2026,5800,6400,6100
Tamil Nadu,Salem,Mettur(Uzhavar Sandhai ),Carrot,Pusakesar,Local,06-09-2026,6500,7000,6750
Tamil Nadu,Salem,Mettur(Uzhavar Sandhai ),Cabbage,Cabbage,Local,06-09-2026,2500,3000,2750
Tamil Nadu,Salem,Mettur(Uzhavar Sandhai ),Beetroot,Beetroot,Local,06-09-2026,6500,7000,6750
Tamil Nadu,Salem,Mettur(Uzhavar Sandhai ),Mousambi(Sweet Lime),Mousambi,Local,06-09-2026,2500,3000,2750
Tamil Nadu,Salem,Mettur(Uzhavar Sandhai ),Cluster beans,Cluster Beans,Local,06-09-2026,3000,3500,3250
Tamil Nadu,Salem,Mettur(Uzhavar Sandhai ),Pumpkin,Pumpkin,Local,06-09-2026,1500,2000,1750
Tamil Nadu,Salem,Mettur(Uzhavar Sandhai ),Bhindi(Ladies Finger),Bhindi,Local,06-09-2026,2000,2500,2250
Tamil Nadu,Salem,Mettur(Uzhavar Sandhai ),Green Chilli,Green Chilly,Local,06-09-2026,4000,4500,4250
Tamil Nadu,Salem,Mettur(Uzhavar Sandhai ),Banana - Green,Banana - Green,Local,06-09-2026,2500,3000,2750
Tamil Nadu,Salem,Mettur(Uzhavar Sandhai ),Beans,Beans (Whole),Local,06-09-2026,7000,8000,7500
Tamil Nadu,Salem,Mettur(Uzhavar Sandhai ),Lemon,Lemon,Local,06-09-2026,10000,12000,11000
Tamil Nadu,Salem,Mettur(Uzhavar Sandhai ),Onion Green,Onion Green,Local,06-09-2026,6000,6500,6250
Tamil Nadu,Salem,Mettur(Uzhavar Sandhai ),Rose(Local),Rose (Local),Local,06-09-2026,13000,15000,14000
Tamil Nadu,Salem,Sooramangalam(Uzhavar Sandhai ),Brinjal,Other,Local,06-09-2026,2800,3000,2900
Tamil Nadu,Salem,Sooramangalam(Uzhavar Sandhai ),Water Melon,Water Melon,Local,06-09-2026,2000,2500,2250
Tamil Nadu,Salem,Sooramangalam(Uzhavar Sandhai ),Pumpkin,Pumpkin,Local,06-09-2026,1500,1800,1650
Tamil Nadu,Salem,Sooramangalam(Uzhavar Sandhai ),Banana - Green,Banana - Green,Local,06-09-2026,2000,2400,2200
Tamil Nadu,Salem,Sooramangalam(Uzhavar Sandhai ),Thondekai,Thondekai,Local,06-09-2026,3500,4000,3750
Tamil Nadu,Salem,Sooramangalam(Uzhavar Sandhai ),Green Avare(W),Other,Local,06-09-2026,5400,5600,5500
Tamil Nadu,Salem,Sooramangalam(Uzhavar Sandhai ),Drumstick,Drumstick,Local,06-09-2026,2500,3000,2750
Tamil Nadu,Salem,Sooramangalam(Uzhavar Sandhai ),Mango(Raw-Ripe),Mango - Raw-Ripe,Local,06-09-2026,3500,4000,3750
Tamil Nadu,Salem,Sooramangalam(Uzhavar Sandhai ),Kakada,Kakada,Local,06-09-2026,27000,28000,27500
Tamil Nadu,Salem,Sooramangalam(Uzhavar Sandhai ),Onion Green,Onion Green,Local,06-09-2026,6000,6200,6100
Tamil Nadu,Salem,Sooramangalam(Uzhavar Sandhai ),Baby Corn,Baby Corn,Grade A,06-09-2026,2500,3000,2750
Tamil Nadu,Thiruchirappalli,Thuraiyur APMC,Onion,Bellary,Local,06-09-2026,5500,6500,6000
Tamil Nadu,Thiruchirappalli,Thuraiyur APMC,Coriander(Leaves),I Sort,Local,06-09-2026,2200,2700,2450
Tamil Nadu,Thiruchirappalli,Thuraiyur APMC,Papaya,Papaya,Local,06-09-2026,3000,4000,3500
Tamil Nadu,Thiruchirappalli,Thuraiyur APMC,Tomato,Other,Local,06-09-2026,3000,3500,3250
Tamil Nadu,Thiruchirappalli,Thuraiyur APMC,Drumstick,Drumstick,Local,06-09-2026,3500,4000,3750
Tamil Nadu,Thiruchirappalli,Thuraiyur APMC,Tender Coconut,Tender Coconut,Local,06-09-2026,5000,5500,5250
Tamil Nadu,Salem,Thammampatti (Uzhavar Sandhai ),Chikoos(Sapota),Sapota,Local,06-09-2026,4000,4000,4000
Tamil Nadu,Salem,Thammampatti (Uzhavar Sandhai ),Bitter gourd,Bitter Gourd,Local,06-09-2026,4500,5000,4750
Tamil Nadu,Salem,Thammampatti (Uzhavar Sandhai ),Green Chilli,Green Chilly,Local,06-09-2026,3500,4000,3750
Tamil Nadu,Salem,Thammampatti (Uzhavar Sandhai ),Elephant Yam(Suran)/Amorphophallus,Elephant Yam (Suran),Local,06-09-2026,2000,2500,2250
Tamil Nadu,Salem,Thathakapatti(Uzhavar Sandhai ),Groundnut,Big (With Shell),Local,06-09-2026,7000,8000,7500
Tamil Nadu,Salem,Thathakapatti(Uzhavar Sandhai ),Cauliflower,Ranchi,Local,06-09-2026,2000,2500,2250
Tamil Nadu,Salem,Thathakapatti(Uzhavar Sandhai ),Cluster beans,Cluster Beans,Local,06-09-2026,3000,3400,3200
Tamil Nadu,Salem,Thathakapatti(Uzhavar Sandhai ),Bitter gourd,Bitter Gourd,Local,06-09-2026,5000,5500,5250
Tamil Nadu,Salem,Thathakapatti(Uzhavar Sandhai ),Bhindi(Ladies Finger),Bhindi,Local,06-09-2026,2500,2800,2650
Tamil Nadu,Salem,Thathakapatti(Uzhavar Sandhai ),Green Chilli,Green Chilly,Local,06-09-2026,3800,4000,3900
Tamil Nadu,Salem,Thathakapatti(Uzhavar Sandhai ),Cowpea(Veg),Cowpea (Veg),Local,06-09-2026,4000,5000,4500
Tamil Nadu,Salem,Thathakapatti(Uzhavar Sandhai ),Raddish,Raddish,Local,06-09-2026,2000,2400,2200
Tamil Nadu,Salem,Thathakapatti(Uzhavar Sandhai ),Drumstick,Drumstick,Local,06-09-2026,2500,3000,2750
Tamil Nadu,Salem,Thathakapatti(Uzhavar Sandhai ),Amla(Nelli Kai),Amla,Local,06-09-2026,7000,7500,7250
Tamil Nadu,Salem,Thathakapatti(Uzhavar Sandhai ),Mint(Pudina),Mint(Pudina),Local,06-09-2026,3000,3400,3200
Tamil Nadu,Salem,Thathakapatti(Uzhavar Sandhai ),Rose(Local),Rose (Local),Local,06-09-2026,10000,12000,11000
Tamil Nadu,Theni,Chinnamanur(Uzhavar Sandhai ),Tomato,Local,Local,06-09-2026,2800,2800,2800
Tamil Nadu,Theni,Chinnamanur(Uzhavar Sandhai ),Bitter gourd,Other,Local,06-09-2026,3600,3600,3600
Tamil Nadu,Theni,Chinnamanur(Uzhavar Sandhai ),Ridgeguard(Tori),Ridgeguard(Tori),Local,06-09-2026,3600,3600,3600
Tamil Nadu,Theni,Chinnamanur(Uzhavar Sandhai ),Yam(Ratalu),Yam (Ratalu),Local,06-09-2026,6000,6000,6000
Tamil Nadu,Theni,Chinnamanur(Uzhavar Sandhai ),Onion Green,Onion Green,Local,06-09-2026,7000,8400,7700
Tamil Nadu,Theni,Kambam(Uzhavar Sandhai ),Coconut,Coconut,Local,06-09-2026,5600,5600,5600
Tamil Nadu,Theni,Kambam(Uzhavar Sandhai ),Onion,Bellary,Local,06-09-2026,6000,6000,6000
Tamil Nadu,Theni,Kambam(Uzhavar Sandhai ),Potato,Other,Local,06-09-2026,2800,2800,2800
Tamil Nadu,Theni,Kambam(Uzhavar Sandhai ),Coriander(Leaves),I Sort,Local,06-09-2026,2600,2600,2600
Tamil Nadu,Theni,Kambam(Uzhavar Sandhai ),Bhindi(Ladies Finger),Bhindi,Local,06-09-2026,3000,3000,3000
Tamil Nadu,Theni,Kambam(Uzhavar Sandhai ),Thondekai,Thondekai,Local,06-09-2026,3800,3800,3800
Tamil Nadu,Theni,Theni(Uzhavar Sandhai ),Betal Leaves,Mysore,Local,06-09-2026,25000,25000,25000
Tamil Nadu,Theni,Theni(Uzhavar Sandhai ),Pineapple,Pine Apple,Local,06-09-2026,8000,8000,8000
Tamil Nadu,Theni,Theni(Uzhavar Sandhai ),Bitter gourd,Bitter Gourd,Local,06-09-2026,5500,5500,5500
Tamil Nadu,Theni,Theni(Uzhavar Sandhai ),Ginger(Green),Green Ginger,Local,06-09-2026,7000,14000,10500
Tamil Nadu,Theni,Theni(Uzhavar Sandhai ),Thondekai,Thondekai,Local,06-09-2026,3500,3500,3500
Tamil Nadu,Theni,Theni(Uzhavar Sandhai ),Capsicum,Capsicum,Local,06-09-2026,5000,5000,5000
Tamil Nadu,Theni,Theni(Uzhavar Sandhai ),Green Avare(W),Other,Local,06-09-2026,5000,6500,5750
Tamil Nadu,Theni,Theni(Uzhavar Sandhai ),Drumstick,Drumstick,Local,06-09-2026,2000,3000,2500
Tamil Nadu,Theni,Theni(Uzhavar Sandhai ),Knool Khol,Knool Khol,Local,06-09-2026,3000,3000,3000
Tamil Nadu,Theni,Theni(Uzhavar Sandhai ),Indian Beans(Seam),Indian Beans (Seam),Local,06-09-2026,4800,4800,4800
Tamil Nadu,Theni,Theni(Uzhavar Sandhai ),Turnip,Turnip,Local,06-09-2026,4800,4800,4800
Tamil Nadu,Theni,Theni(Uzhavar Sandhai ),Baby Corn,Baby Corn,Grade A,06-09-2026,5000,5000,5000
Tamil Nadu,Thirunelveli,Kandiyaperi(Uzhavar Sandhai ),Coconut,Coconut,Local,06-09-2026,5600,6000,5800
Tamil Nadu,Thirunelveli,Kandiyaperi(Uzhavar Sandhai ),Coriander(Leaves),I Sort,Local,06-09-2026,3500,4000,3750
Tamil Nadu,Thirunelveli,Kandiyaperi(Uzhavar Sandhai ),Bhindi(Ladies Finger),Bhindi,Local,06-09-2026,2800,3200,3000
Tamil Nadu,Thirunelveli,Palayamkottai(Uzhavar Sandhai ),Ridgeguard(Tori),Ridgeguard(Tori),Local,06-09-2026,3500,4000,3750
Tamil Nadu,Thirunelveli,Palayamkottai(Uzhavar Sandhai ),Grapes,Annabesahai,Local,06-09-2026,11000,12000,11500
Tamil Nadu,Thirunelveli,Palayamkottai(Uzhavar Sandhai ),Cauliflower,Ranchi,Local,06-09-2026,4400,4600,4500
Tamil Nadu,Thirunelveli,Palayamkottai(Uzhavar Sandhai ),Brinjal,Other,Local,06-09-2026,2500,3000,2750
Tamil Nadu,Thirunelveli,Palayamkottai(Uzhavar Sandhai ),Papaya,Papaya,Local,06-09-2026,3500,4000,3750
Tamil Nadu,Thirunelveli,Palayamkottai(Uzhavar Sandhai ),Pumpkin,Pumpkin,Local,06-09-2026,800,1000,900
Tamil Nadu,Thirunelveli,Palayamkottai(Uzhavar Sandhai ),Amaranthus,Amaranthus,Local,06-09-2026,1000,1500,1250
Tamil Nadu,Thirunelveli,Palayamkottai(Uzhavar Sandhai ),Tapioca,Tapioca,Local,06-09-2026,3000,3500,3250
Tamil Nadu,Thirunelveli,Palayamkottai(Uzhavar Sandhai ),Drumstick,Drumstick,Local,06-09-2026,3000,3200,3100
Tamil Nadu,Thirunelveli,Palayamkottai(Uzhavar Sandhai ),Elephant Yam(Suran)/Amorphophallus,Elephant Yam (Suran),Local,06-09-2026,4000,4500,4250
Tamil Nadu,Thirunelveli,Palayamkottai(Uzhavar Sandhai ),Lemon,Lemon,Local,06-09-2026,15000,17000,16000
Tamil Nadu,Thirunelveli,Palayamkottai(Uzhavar Sandhai ),Amla(Nelli Kai),Amla,Local,06-09-2026,5000,5500,5250
Tamil Nadu,Thirunelveli,Palayamkottai(Uzhavar Sandhai ),Onion Green,Onion Green,Local,06-09-2026,7000,7600,7300
Tamil Nadu,Thirupur,Kangayam(Uzhavar Sandhai ),Snakeguard,Snakeguard,Local,06-09-2026,3600,4200,3900
Tamil Nadu,Thirupur,Kangayam(Uzhavar Sandhai ),Papaya,Papaya,Local,06-09-2026,2500,2700,2600
Tamil Nadu,Thirupur,Kangayam(Uzhavar Sandhai ),Amaranthus,Amaranthus,Local,06-09-2026,2500,3000,2750
Tamil Nadu,Thirupur,Kangayam(Uzhavar Sandhai ),Green Avare(W),Green Avare (W),Local,06-09-2026,6000,6500,6250
Tamil Nadu,Thirupur,Kangayam(Uzhavar Sandhai ),Drumstick,Drumstick,Local,06-09-2026,2000,2500,2250
Tamil Nadu,Thirupur,Kangayam(Uzhavar Sandhai ),Tender Coconut,Tender Coconut,Local,06-09-2026,3000,3500,3250
Tamil Nadu,Thirupur,Tiruppur (North) (Uzhavar Sandhai ),Cauliflower,Ranchi,Local,06-09-2026,3500,4000,3750
Tamil Nadu,Thirupur,Tiruppur (North) (Uzhavar Sandhai ),Coriander(Leaves),I Sort,Local,06-09-2026,2500,3000,2750
Tamil Nadu,Thirupur,Tiruppur (North) (Uzhavar Sandhai ),Cluster beans,Cluster Beans,Local,06-09-2026,3500,4000,3750
Tamil Nadu,Thirupur,Tiruppur (North) (Uzhavar Sandhai ),Beans,Beans (Whole),Local,06-09-2026,7000,8000,7500
Tamil Nadu,Thirupur,Tiruppur (North) (Uzhavar Sandhai ),Ginger(Green),Green Ginger,Local,06-09-2026,13000,14000,13500
Tamil Nadu,Thirupur,Tiruppur (North) (Uzhavar Sandhai ),Guava,Guava Allahabad,Local,06-09-2026,4500,5000,4750
Tamil Nadu,Thirupur,Tiruppur (North) (Uzhavar Sandhai ),Onion Green,Onion Green,Local,06-09-2026,7000,8000,7500
Tamil Nadu,Thirupur,Tiruppur (North) (Uzhavar Sandhai ),Mint(Pudina),Mint(Pudina),Local,06-09-2026,2000,2500,2250
Tamil Nadu,Thiruvannamalai,Chengam(Uzhavar Sandhai ),Carrot,Pusakesar,Local,06-09-2026,7000,8000,7500
Tamil Nadu,Thiruvannamalai,Chengam(Uzhavar Sandhai ),Snakeguard,Snakeguard,Local,06-09-2026,3300,4000,3650
Tamil Nadu,Thiruvannamalai,Chengam(Uzhavar Sandhai ),Ridgeguard(Tori),Ridgeguard(Tori),Local,06-09-2026,5000,6000,5500
Tamil Nadu,Thiruvannamalai,Chengam(Uzhavar Sandhai ),Onion,Bellary,Local,06-09-2026,4200,5000,4600
Tamil Nadu,Thiruvannamalai,Chengam(Uzhavar Sandhai ),Cluster beans,Cluster Beans,Local,06-09-2026,3300,4000,3650
Tamil Nadu,Thiruvannamalai,Chengam(Uzhavar Sandhai ),Ashgourd,Gouard,Local,06-09-2026,2000,2500,2250
Tamil Nadu,Thiruvannamalai,Chengam(Uzhavar Sandhai ),Pumpkin,Pumpkin,Local,06-09-2026,2000,2500,2250
Tamil Nadu,Thiruvannamalai,Chengam(Uzhavar Sandhai ),Ginger(Green),Green Ginger,Local,06-09-2026,16000,20000,18000
Tamil Nadu,Thiruvannamalai,Chengam(Uzhavar Sandhai ),Thondekai,Thondekai,Local,06-09-2026,5000,6000,5500
Tamil Nadu,Thiruvannamalai,Chengam(Uzhavar Sandhai ),Tamarind Fruit,Tamarind Fruit,Local,06-09-2026,8000,10000,9000
Tamil Nadu,Thiruvannamalai,Chengam(Uzhavar Sandhai ),Mint(Pudina),Mint(Pudina),Local,06-09-2026,3300,4000,3650
Tamil Nadu,Thiruvannamalai,Tamarainagar(Uzhavar Sandhai ),Sweet Potato,Hosur Red,Local,06-09-2026,4500,5600,5050
Tamil Nadu,Thiruvannamalai,Tamarainagar(Uzhavar Sandhai ),Banana,Besrai,Local,06-09-2026,5000,6000,5500
Tamil Nadu,Thiruvannamalai,Tamarainagar(Uzhavar Sandhai ),Papaya,Papaya,Local,06-09-2026,3500,4000,3750
Tamil Nadu,Thiruvannamalai,Tamarainagar(Uzhavar Sandhai ),Water Melon,Water Melon,Local,06-09-2026,2000,2500,2250
Tamil Nadu,Thiruvannamalai,Tamarainagar(Uzhavar Sandhai ),Pumpkin,Pumpkin,Local,06-09-2026,2500,3000,2750
Tamil Nadu,Thiruvannamalai,Tamarainagar(Uzhavar Sandhai ),Bhindi(Ladies Finger),Bhindi,Local,06-09-2026,2000,2500,2250
Tamil Nadu,Thiruvannamalai,Tamarainagar(Uzhavar Sandhai ),Amaranthus,Amaranthus,Local,06-09-2026,4500,5500,5000
Tamil Nadu,Thiruvannamalai,Tamarainagar(Uzhavar Sandhai ),Raddish,Raddish,Local,06-09-2026,2500,3000,2750
Tamil Nadu,Thiruvannamalai,Tamarainagar(Uzhavar Sandhai ),Thondekai,Thondekai,Local,06-09-2026,3000,3600,3300
Tamil Nadu,Thiruvannamalai,Tamarainagar(Uzhavar Sandhai ),Marigold(Calcutta),Marigold(Calcutta),Local,06-09-2026,20000,25000,22500
Tamil Nadu,Thiruvannamalai,Tamarainagar(Uzhavar Sandhai ),Tamarind Fruit,Tamarind Fruit,Local,06-09-2026,10000,12000,11000
Tamil Nadu,Thiruvannamalai,Tamarainagar(Uzhavar Sandhai ),Rose(Local),Rose (Local),Local,06-09-2026,15000,20000,17500
Tamil Nadu,Thiruvannamalai,Vandavasi(Uzhavar Sandhai ),Onion,Bellary,Local,06-09-2026,5000,6000,5500
Tamil Nadu,Thiruvannamalai,Vandavasi(Uzhavar Sandhai ),Banana - Green,Banana - Green,Local,06-09-2026,1600,2000,1800
Tamil Nadu,Thiruvannamalai,Vandavasi(Uzhavar Sandhai ),Chow Chow,Chow Chow,Local,06-09-2026,2500,3000,2750
Tamil Nadu,Thiruvannamalai,Vandavasi(Uzhavar Sandhai ),Knool Khol,Knool Khol,Local,06-09-2026,3600,4200,3900
Tamil Nadu,Thiruvarur,Muthupettai(Uzhavar Sandhai ),Cabbage,Cabbage,Local,06-09-2026,3400,3400,3400
Tamil Nadu,Thiruvarur,Muthupettai(Uzhavar Sandhai ),Bitter gourd,Bitter Gourd,Local,06-09-2026,5400,5400,5400
Tamil Nadu,Thiruvarur,Muthupettai(Uzhavar Sandhai ),Green Chilli,Green Chilly,Local,06-09-2026,4800,4800,4800
Tamil Nadu,Thiruvarur,Muthupettai(Uzhavar Sandhai ),Banana - Green,Banana - Green,Local,06-09-2026,4000,4000,4000
Tamil Nadu,Thiruvarur,Muthupettai(Uzhavar Sandhai ),Coconut,Coconut,Local,06-09-2026,4000,4000,4000
Tamil Nadu,Thiruvarur,Muthupettai(Uzhavar Sandhai ),Mango(Raw-Ripe),Mango - Raw-Ripe,Local,06-09-2026,9000,9000,9000
Tamil Nadu,Thiruvarur,Muthupettai(Uzhavar Sandhai ),Mint(Pudina),Mint(Pudina),Local,06-09-2026,5000,5000,5000
Tamil Nadu,Coimbatore,Sulur(Uzhavar Sandhai ),Coconut,Coconut,Local,06-09-2026,5500,6000,5750
Tamil Nadu,Coimbatore,Sulur(Uzhavar Sandhai ),Potato,Other,Local,06-09-2026,4500,5500,5000
Tamil Nadu,Coimbatore,Sulur(Uzhavar Sandhai ),Amaranthus,Amaranthus,Local,06-09-2026,4500,5000,4750
Tamil Nadu,Coimbatore,Sulur(Uzhavar Sandhai ),Green Chilli,Green Chilly,Local,06-09-2026,4000,4500,4250
Tamil Nadu,Coimbatore,Sulur(Uzhavar Sandhai ),Beans,Beans (Whole),Local,06-09-2026,6000,7000,6500
Tamil Nadu,Coimbatore,Sulur(Uzhavar Sandhai ),Green Avare(W),Green Avare (W),Local,06-09-2026,5000,5500,5250
Tamil Nadu,Coimbatore,Sulur(Uzhavar Sandhai ),Elephant Yam(Suran)/Amorphophallus,Elephant Yam (Suran),Local,06-09-2026,4000,4500,4250
Tamil Nadu,Coimbatore,Sulur(Uzhavar Sandhai ),Lemon,Lemon,Local,06-09-2026,18000,19000,18500
Tamil Nadu,Pudukkottai,Gandarvakottai(Uzhavar Sandhai ),Banana,Red Banana,Local,06-09-2026,6000,7000,6500
Tamil Nadu,Pudukkottai,Gandarvakottai(Uzhavar Sandhai ),Potato,Red Nanital,Local,06-09-2026,6500,7000,6750
Tamil Nadu,Pudukkottai,Gandarvakottai(Uzhavar Sandhai ),Bitter gourd,Bitter Gourd,Local,06-09-2026,7000,8000,7500
Tamil Nadu,Pudukkottai,Gandarvakottai(Uzhavar Sandhai ),Bottle gourd,Bottle Gourd,Local,06-09-2026,2000,2500,2250
Tamil Nadu,Pudukkottai,Gandarvakottai(Uzhavar Sandhai ),Pumpkin,Pumpkin,Local,06-09-2026,800,1000,900
Tamil Nadu,Pudukkottai,Gandarvakottai(Uzhavar Sandhai ),Bhindi(Ladies Finger),Bhindi,Local,06-09-2026,2000,2500,2250
Tamil Nadu,Pudukkottai,Gandarvakottai(Uzhavar Sandhai ),Drumstick,Drumstick,Local,06-09-2026,4500,5000,4750
Tamil Nadu,Cuddalore,Panruti(Uzhavar Sandhai ),Snakeguard,Snakeguard,Local,06-09-2026,3000,3000,3000
Tamil Nadu,Cuddalore,Panruti(Uzhavar Sandhai ),Potato,Red Nanital,Local,06-09-2026,4000,4000,4000
Tamil Nadu,Cuddalore,Panruti(Uzhavar Sandhai ),Cluster beans,Cluster Beans,Local,06-09-2026,3500,3500,3500
Tamil Nadu,Cuddalore,Panruti(Uzhavar Sandhai ),Bhindi(Ladies Finger),Bhindi,Local,06-09-2026,3000,3000,3000
Tamil Nadu,Cuddalore,Panruti(Uzhavar Sandhai ),Drumstick,Drumstick,Local,06-09-2026,3500,3500,3500
Tamil Nadu,Cuddalore,Panruti(Uzhavar Sandhai ),Mint(Pudina),Mint(Pudina),Local,06-09-2026,5000,5000,5000
Tamil Nadu,Cuddalore,Vadalur(Uzhavar Sandhai ),Carrot,Pusakesar,Local,06-09-2026,6000,6000,6000
Tamil Nadu,Cuddalore,Vadalur(Uzhavar Sandhai ),Beetroot,Beetroot,Local,06-09-2026,4000,5000,4500
Tamil Nadu,Cuddalore,Vadalur(Uzhavar Sandhai ),Bhindi(Ladies Finger),Bhindi,Local,06-09-2026,3000,3000,3000
Tamil Nadu,Cuddalore,Vadalur(Uzhavar Sandhai ),Green Chilli,Green Chilly,Local,06-09-2026,5000,5000,5000
Tamil Nadu,Cuddalore,Vadalur(Uzhavar Sandhai ),Banana - Green,Banana - Green,Local,06-09-2026,3000,3000,3000
Tamil Nadu,Cuddalore,Vadalur(Uzhavar Sandhai ),Mango(Raw-Ripe),Mango - Raw-Ripe,Local,06-09-2026,5000,5000,5000
Tamil Nadu,Dharmapuri,AJattihalli(Uzhavar Sandhai ),Snakeguard,Snakeguard,Local,06-09-2026,2500,3000,2750
Tamil Nadu,Dharmapuri,AJattihalli(Uzhavar Sandhai ),Cucumbar(Kheera),Cucumbar,Local,06-09-2026,4500,4500,4500
Tamil Nadu,Dharmapuri,AJattihalli(Uzhavar Sandhai ),Onion,Bellary,Local,06-09-2026,5400,6200,5800
Tamil Nadu,Dharmapuri,AJattihalli(Uzhavar Sandhai ),Brinjal,Other,Local,06-09-2026,1600,2000,1800
Tamil Nadu,Dharmapuri,AJattihalli(Uzhavar Sandhai ),Bottle gourd,Bottle Gourd,Local,06-09-2026,1600,1600,1600
Tamil Nadu,Dharmapuri,AJattihalli(Uzhavar Sandhai ),Thondekai,Thondekai,Local,06-09-2026,4500,4500,4500
Tamil Nadu,Dharmapuri,AJattihalli(Uzhavar Sandhai ),Chow Chow,Chow Chow,Local,06-09-2026,4800,4800,4800
Tamil Nadu,Dharmapuri,AJattihalli(Uzhavar Sandhai ),Lime,Lime,Local,06-09-2026,5000,5000,5000
Tamil Nadu,Thanjavur,Peravurani(Uzhavar Sandhai),Carrot,Pusakesar,Local,06-09-2026,7400,7400,7400
Tamil Nadu,Thanjavur,Peravurani(Uzhavar Sandhai),Brinjal,Round,Local,06-09-2026,3500,4600,4050
Tamil Nadu,Thanjavur,Peravurani(Uzhavar Sandhai),Mango(Raw-Ripe),Mango - Raw-Ripe,Local,06-09-2026,6000,6000,6000
Tamil Nadu,Thanjavur,Peravurani(Uzhavar Sandhai),Lemon,Lemon,Local,06-09-2026,12000,12000,12000
Tamil Nadu,Karur,Pallapatti (Uzhavar Sandhai ),Coconut,Coconut,Local,06-09-2026,5500,6000,5750
Tamil Nadu,Karur,Pallapatti (Uzhavar Sandhai ),Snakeguard,Snakeguard,Local,06-09-2026,3500,4000,3750
Tamil Nadu,Karur,Pallapatti (Uzhavar Sandhai ),Bottle gourd,Bottle Gourd,Local,06-09-2026,2200,2500,2350
Tamil Nadu,Karur,Pallapatti (Uzhavar Sandhai ),Ashgourd,Gouard,Local,06-09-2026,2200,2500,2350
Tamil Nadu,Karur,Pallapatti (Uzhavar Sandhai ),Amaranthus,Amaranthus,Local,06-09-2026,2500,3000,2750
Tamil Nadu,Karur,Pallapatti (Uzhavar Sandhai ),Green Chilli,Green Chilly,Local,06-09-2026,5000,6000,5500
Tamil Nadu,Karur,Pallapatti (Uzhavar Sandhai ),Tapioca,Tapioca,Local,06-09-2026,2500,3000,2750
Tamil Nadu,Karur,Pallapatti (Uzhavar Sandhai ),Drumstick,Drumstick,Local,06-09-2026,2500,3000,2750
Tamil Nadu,Karur,Pallapatti (Uzhavar Sandhai ),Lime,Lime,Local,06-09-2026,3500,4000,3750
Tamil Nadu,Karur,Pallapatti (Uzhavar Sandhai ),Amla(Nelli Kai),Amla,Local,06-09-2026,7500,8000,7750
Tamil Nadu,Karur,Velayuthampalayam(Uzhavar Sandhai ),Cluster beans,Cluster Beans,Local,06-09-2026,2800,3500,3150
Tamil Nadu,Karur,Velayuthampalayam(Uzhavar Sandhai ),Raddish,Raddish,Local,06-09-2026,2400,3000,2700
Tamil Nadu,Karur,Velayuthampalayam(Uzhavar Sandhai ),Ginger(Green),Green Ginger,Local,06-09-2026,16000,18000,17000
Tamil Nadu,Karur,Velayuthampalayam(Uzhavar Sandhai ),Lemon,Lemon,Local,06-09-2026,26000,28000,27000
Tamil Nadu,Karur,Vengamedu(Uzhavar Sandhai ),Banana,Red Banana,Local,06-09-2026,5000,6000,5500
Tamil Nadu,Karur,Vengamedu(Uzhavar Sandhai ),Drumstick,Drumstick,Local,06-09-2026,2500,3000,2750
Tamil Nadu,Karur,Vengamedu(Uzhavar Sandhai ),Mint(Pudina),Mint(Pudina),Local,06-09-2026,5500,6000,5750
Tamil Nadu,Salem,Attayampatti(Uzhavar Sandhai ),Coconut,Coconut,Local,06-09-2026,6500,6500,6500
Tamil Nadu,Salem,Attayampatti(Uzhavar Sandhai ),Banana,Red Banana,Local,06-09-2026,8000,8000,8000
Tamil Nadu,Salem,Attayampatti(Uzhavar Sandhai ),Coriander(Leaves),I Sort,Local,06-09-2026,2000,2500,2250
Tamil Nadu,Salem,Attayampatti(Uzhavar Sandhai ),Ashgourd,Gouard,Local,06-09-2026,2000,2000,2000
Tamil Nadu,Salem,Attayampatti(Uzhavar Sandhai ),Banana - Green,Banana - Green,Local,06-09-2026,2400,2800,2600
Tamil Nadu,Salem,Attayampatti(Uzhavar Sandhai ),Green Avare(W),Green Avare (W),Local,06-09-2026,5000,6000,5500
Tamil Nadu,Salem,Attayampatti(Uzhavar Sandhai ),Drumstick,Drumstick,Local,06-09-2026,3000,3000,3000
Tamil Nadu,Salem,Attayampatti(Uzhavar Sandhai ),Guava,Guava Allahabad,Local,06-09-2026,6000,6000,6000
Tamil Nadu,Salem,Attayampatti(Uzhavar Sandhai ),Lemon,Lemon,Local,06-09-2026,5000,8000,6500
Tamil Nadu,Sivaganga,Sivagangai (Uzhavar Sandhai ),Cluster beans,Cluster Beans,Local,06-09-2026,3200,3400,3300
Tamil Nadu,Sivaganga,Sivagangai (Uzhavar Sandhai ),Banana - Green,Banana - Green,Local,06-09-2026,3000,3000,3000
Tamil Nadu,Sivaganga,Sivagangai (Uzhavar Sandhai ),Beans,Beans (Whole),Local,06-09-2026,8200,9200,8700
Tamil Nadu,Sivaganga,Sivagangai (Uzhavar Sandhai ),Ginger(Green),Green Ginger,Local,06-09-2026,13000,20000,16500
Tamil Nadu,Sivaganga,Sivagangai (Uzhavar Sandhai ),Knool Khol,Knool Khol,Local,06-09-2026,3200,3800,3500
Tamil Nadu,Sivaganga,Sivagangai (Uzhavar Sandhai ),Lemon,Lemon,Local,06-09-2026,22000,24000,23000
Tamil Nadu,Sivaganga,Sivagangai (Uzhavar Sandhai ),Onion Green,Onion Green,Local,06-09-2026,7600,8200,7900
Tamil Nadu,Sivaganga,Devakottai (Uzhavar Sandhai ),Cabbage,Cabbage,Local,06-09-2026,3000,3200,3100
Tamil Nadu,Sivaganga,Devakottai (Uzhavar Sandhai ),Potato,Other,Local,06-09-2026,3000,3400,3200
Tamil Nadu,Sivaganga,Devakottai (Uzhavar Sandhai ),Papaya,Papaya,Local,06-09-2026,4800,5400,5100
Tamil Nadu,Sivaganga,Devakottai (Uzhavar Sandhai ),Ashgourd,Gouard,Local,06-09-2026,2200,2500,2350
Tamil Nadu,Sivaganga,Devakottai (Uzhavar Sandhai ),Chow Chow,Chow Chow,Local,06-09-2026,3200,3500,3350
Tamil Nadu,Sivaganga,Devakottai (Uzhavar Sandhai ),Onion Green,Onion Green,Local,06-09-2026,7400,8200,7800
Tamil Nadu,Salem,Edapadi (Uzhavar Sandhai ),Cauliflower,Ranchi,Local,06-09-2026,2800,3000,2900
Tamil Nadu,Salem,Edapadi (Uzhavar Sandhai ),Coriander(Leaves),I Sort,Local,06-09-2026,1800,2000,1900
Tamil Nadu,Salem,Edapadi (Uzhavar Sandhai ),Papaya,Papaya,Local,06-09-2026,2800,3000,2900
Tamil Nadu,Salem,Edapadi (Uzhavar Sandhai ),Tomato,Other,Local,06-09-2026,2400,2700,2550
Tamil Nadu,Salem,Edapadi (Uzhavar Sandhai ),Amaranthus,Amaranthus,Local,06-09-2026,2200,2600,2400
Tamil Nadu,Salem,Edapadi (Uzhavar Sandhai ),Beans,Beans (Whole),Local,06-09-2026,8500,9000,8750
Tamil Nadu,Salem,Edapadi (Uzhavar Sandhai ),Ginger(Green),Green Ginger,Local,06-09-2026,15000,16000,15500
Tamil Nadu,Salem,Edapadi (Uzhavar Sandhai ),Guava,Guava Allahabad,Local,06-09-2026,4500,5000,4750
Tamil Nadu,Salem,Edapadi (Uzhavar Sandhai ),Mint(Pudina),Mint(Pudina),Local,06-09-2026,2800,3000,2900
Tamil Nadu,Salem,Elampillai(Uzhavar Sandhai ),Cabbage,Cabbage,Local,06-09-2026,3000,3400,3200
Tamil Nadu,Salem,Elampillai(Uzhavar Sandhai ),Groundnut,Big (With Shell),Local,06-09-2026,6500,7000,6750
Tamil Nadu,Salem,Elampillai(Uzhavar Sandhai ),Onion,Bellary,Local,06-09-2026,6000,6500,6250
Tamil Nadu,Salem,Elampillai(Uzhavar Sandhai ),Bitter gourd,Other,Local,06-09-2026,4800,5000,4900
Tamil Nadu,Salem,Elampillai(Uzhavar Sandhai ),Bottle gourd,Bottle Gourd,Local,06-09-2026,2000,2400,2200
Tamil Nadu,Salem,Elampillai(Uzhavar Sandhai ),Ashgourd,Gouard,Local,06-09-2026,2000,2200,2100
Tamil Nadu,Salem,Elampillai(Uzhavar Sandhai ),Bhindi(Ladies Finger),Bhindi,Local,06-09-2026,2000,2500,2250
Tamil Nadu,Salem,Elampillai(Uzhavar Sandhai ),Green Chilli,Green Chilly,Local,06-09-2026,3800,4000,3900
Tamil Nadu,Salem,Elampillai(Uzhavar Sandhai ),Coconut,Coconut,Local,06-09-2026,6000,6500,6250
Tamil Nadu,Salem,Elampillai(Uzhavar Sandhai ),Capsicum,Capsicum,Local,06-09-2026,5000,6000,5500
Tamil Nadu,Salem,Elampillai(Uzhavar Sandhai ),Green Avare(W),Other,Local,06-09-2026,5000,5500,5250
Tamil Nadu,Salem,Elampillai(Uzhavar Sandhai ),Chow Chow,Chow Chow,Local,06-09-2026,4000,4500,4250
Tamil Nadu,Salem,Elampillai(Uzhavar Sandhai ),Knool Khol,Knool Khol,Local,06-09-2026,3500,4000,3750
Tamil Nadu,Salem,Elampillai(Uzhavar Sandhai ),Mint(Pudina),Mint(Pudina),Local,06-09-2026,2500,3000,2750
Tamil Nadu,Salem,Hasthampatti(Uzhavar Sandhai ),Carrot,Pusakesar,Local,06-09-2026,6500,7000,6750
Tamil Nadu,Salem,Hasthampatti(Uzhavar Sandhai ),Snakeguard,Snakeguard,Local,06-09-2026,3600,3800,3700
Tamil Nadu,Salem,Hasthampatti(Uzhavar Sandhai ),Coriander(Leaves),I Sort,Local,06-09-2026,1600,1800,1700
Tamil Nadu,Salem,Hasthampatti(Uzhavar Sandhai ),Tomato,Local,Local,06-09-2026,2000,2500,2250
Tamil Nadu,Salem,Hasthampatti(Uzhavar Sandhai ),Beans,Beans (Whole),Local,06-09-2026,8000,8500,8250
Tamil Nadu,Salem,Hasthampatti(Uzhavar Sandhai ),Colacasia,Colacasia,Local,06-09-2026,6000,6500,6250
Tamil Nadu,Salem,Jalagandapuram(Uzhavar Sandhai ),Snakeguard,Snakeguard,Local,06-09-2026,3500,3800,3650
Tamil Nadu,Salem,Jalagandapuram(Uzhavar Sandhai ),Papaya,Papaya,Local,06-09-2026,3000,3500,3250
Tamil Nadu,Salem,Jalagandapuram(Uzhavar Sandhai ),Tomato,Other,Local,06-09-2026,2400,2800,2600
Tamil Nadu,Salem,Jalagandapuram(Uzhavar Sandhai ),Cluster beans,Cluster Beans,Local,06-09-2026,3000,3400,3200
Tamil Nadu,Salem,Jalagandapuram(Uzhavar Sandhai ),Cowpea(Veg),Cowpea (Veg),Local,06-09-2026,4500,5000,4750
Tamil Nadu,Salem,Jalagandapuram(Uzhavar Sandhai ),Drumstick,Drumstick,Local,06-09-2026,2000,2500,2250
Tamil Nadu,Salem,Jalagandapuram(Uzhavar Sandhai ),Tender Coconut,Tender Coconut,Local,06-09-2026,3000,3500,3250
Tamil Nadu,Sivaganga,Singampunari(Uzhavar Sandhai ),Tomato,Other,Local,06-09-2026,2800,3200,3000
Tamil Nadu,Sivaganga,Singampunari(Uzhavar Sandhai ),Ashgourd,Gouard,Local,06-09-2026,1800,2200,2000
Tamil Nadu,Sivaganga,Singampunari(Uzhavar Sandhai ),Bhindi(Ladies Finger),Bhindi,Local,06-09-2026,3000,3400,3200
Tamil Nadu,Sivaganga,Singampunari(Uzhavar Sandhai ),Ridgeguard(Tori),Ridgeguard(Tori),Local,06-09-2026,4400,5200,4800
Tamil Nadu,Sivaganga,Singampunari(Uzhavar Sandhai ),Raddish,Raddish,Local,06-09-2026,2600,3000,2800
Tamil Nadu,Sivaganga,Singampunari(Uzhavar Sandhai ),Green Avare(W),Other,Local,06-09-2026,5400,6200,5800
Tamil Nadu,Sivaganga,Singampunari(Uzhavar Sandhai ),Lemon,Lemon,Local,06-09-2026,22000,24000,23000
Tamil Nadu,Sivaganga,Singampunari(Uzhavar Sandhai ),Onion Green,Onion Green,Local,06-09-2026,7600,8200,7900
Tamil Nadu,Sivaganga,Karaikudi(Uzhavar Sandhai ),Onion,Bellary,Local,06-09-2026,6000,6800,6400
Tamil Nadu,Sivaganga,Karaikudi(Uzhavar Sandhai ),Tomato,Deshi,Local,06-09-2026,3000,3600,3300
Tamil Nadu,Sivaganga,Karaikudi(Uzhavar Sandhai ),Cluster beans,Cluster Beans,Local,06-09-2026,3400,3600,3500
Tamil Nadu,Sivaganga,Karaikudi(Uzhavar Sandhai ),Bitter gourd,Bitter Gourd,Local,06-09-2026,5500,6500,6000
Tamil Nadu,Sivaganga,Karaikudi(Uzhavar Sandhai ),Ridgeguard(Tori),Ridgeguard(Tori),Local,06-09-2026,5500,6500,6000
Tamil Nadu,Sivaganga,Karaikudi(Uzhavar Sandhai ),Pumpkin,Pumpkin,Local,06-09-2026,2000,2400,2200
Tamil Nadu,Sivaganga,Karaikudi(Uzhavar Sandhai ),Beans,Beans (Whole),Local,06-09-2026,7500,9500,8500
Tamil Nadu,Sivaganga,Tirupatthur(Uzhavar Sandhai ),Potato,Red Nanital,Local,06-09-2026,3200,3500,3350
Tamil Nadu,Sivaganga,Tirupatthur(Uzhavar Sandhai ),Onion Green,Onion Green,Local,06-09-2026,8000,8500,8250
Tamil Nadu,Thanjavur,Pattukottai(Uzhavar Sandhai ),Beetroot,Beetroot,Local,06-09-2026,5000,5000,5000
Tamil Nadu,Thanjavur,Pattukottai(Uzhavar Sandhai ),Banana,Besrai,Local,06-09-2026,3500,3500,3500
Tamil Nadu,Thanjavur,Pattukottai(Uzhavar Sandhai ),Tomato,Deshi,Local,06-09-2026,4000,4000,4000
Tamil Nadu,Thanjavur,Pattukottai(Uzhavar Sandhai ),Cluster beans,Cluster Beans,Local,06-09-2026,4000,4000,4000
Tamil Nadu,Thanjavur,Pattukottai(Uzhavar Sandhai ),Bottle gourd,Bottle Gourd,Local,06-09-2026,2600,2600,2600
Tamil Nadu,Thanjavur,Pattukottai(Uzhavar Sandhai ),Green Chilli,Green Chilly,Local,06-09-2026,5400,5400,5400
Tamil Nadu,Thanjavur,Pattukottai(Uzhavar Sandhai ),Ginger(Green),Green Ginger,Local,06-09-2026,12000,18000,15000
Tamil Nadu,Thanjavur,Pattukottai(Uzhavar Sandhai ),Drumstick,Drumstick,Local,06-09-2026,4400,4400,4400
Tamil Nadu,Thanjavur,Thanjavur(Uzhavar Sandhai ),Ridgeguard(Tori),Ridgeguard(Tori),Local,06-09-2026,5000,5000,5000
Tamil Nadu,Thanjavur,Thanjavur(Uzhavar Sandhai ),Mousambi(Sweet Lime),Mousambi,Local,06-09-2026,5000,5000,5000
Tamil Nadu,Thanjavur,Thanjavur(Uzhavar Sandhai ),Tomato,Deshi,Local,06-09-2026,2600,2600,2600
Tamil Nadu,Thanjavur,Thanjavur(Uzhavar Sandhai ),Cluster beans,Cluster Beans,Local,06-09-2026,3600,3600,3600
Tamil Nadu,Thanjavur,Thanjavur(Uzhavar Sandhai ),Pumpkin,Pumpkin,Local,06-09-2026,2000,2000,2000
Tamil Nadu,Thanjavur,Thanjavur(Uzhavar Sandhai ),Beans,Beans (Whole),Local,06-09-2026,7600,7600,7600
Tamil Nadu,Thanjavur,Thanjavur(Uzhavar Sandhai ),Guava,Guava Allahabad,Local,06-09-2026,8000,8000,8000
Tamil Nadu,Thiruchirappalli,KKNagar(Uzhavar Sandhai ),Cabbage,Cabbage,Local,06-09-2026,3200,3200,3200
Tamil Nadu,Thiruchirappalli,KKNagar(Uzhavar Sandhai ),Cucumbar(Kheera),Cucumbar,Local,06-09-2026,4600,4600,4600
Tamil Nadu,Thiruchirappalli,KKNagar(Uzhavar Sandhai ),Grapes,Annabesahai,Local,06-09-2026,13000,13000,13000
Tamil Nadu,Thiruchirappalli,KKNagar(Uzhavar Sandhai ),Onion,Bellary,Local,06-09-2026,6000,6600,6300
Tamil Nadu,Thiruchirappalli,KKNagar(Uzhavar Sandhai ),Garlic,Garlic,Local,06-09-2026,26000,26000,26000
Tamil Nadu,Thiruchirappalli,KKNagar(Uzhavar Sandhai ),Chili Red,Bold,Local,06-09-2026,24000,24000,24000
Tamil Nadu,Thiruchirappalli,KKNagar(Uzhavar Sandhai ),Papaya,Papaya,Local,06-09-2026,6000,6000,6000
Tamil Nadu,Thiruchirappalli,KKNagar(Uzhavar Sandhai ),Tomato,Deshi,Local,06-09-2026,3000,3200,3100
Tamil Nadu,Thiruchirappalli,KKNagar(Uzhavar Sandhai ),Green Chilli,Green Chilly,Local,06-09-2026,4400,4400,4400
Tamil Nadu,Thiruchirappalli,KKNagar(Uzhavar Sandhai ),Green Avare(W),Other,Local,06-09-2026,6600,6600,6600
Tamil Nadu,Thiruchirappalli,KKNagar(Uzhavar Sandhai ),Tamarind Fruit,Tamarind Fruit,Local,06-09-2026,18000,18000,18000
Tamil Nadu,Thiruchirappalli,KKNagar(Uzhavar Sandhai ),Yam(Ratalu),Yam (Ratalu),Local,06-09-2026,8000,8000,8000
Tamil Nadu,Thiruchirappalli,KKNagar(Uzhavar Sandhai ),Lemon,Lemon,Local,06-09-2026,20000,20000,20000
Tamil Nadu,Thiruchirappalli,Lalgudi(Uzhavar Sandhai ),Coconut,Coconut,Local,06-09-2026,7000,7000,7000
Tamil Nadu,Thiruchirappalli,Lalgudi(Uzhavar Sandhai ),Carrot,Pusakesar,Local,06-09-2026,7000,7000,7000
Tamil Nadu,Thiruchirappalli,Lalgudi(Uzhavar Sandhai ),Snakeguard,Snakeguard,Local,06-09-2026,4600,4600,4600
Tamil Nadu,Thiruchirappalli,Lalgudi(Uzhavar Sandhai ),Cauliflower,Ranchi,Local,06-09-2026,4000,4000,4000
Tamil Nadu,Thiruchirappalli,Lalgudi(Uzhavar Sandhai ),Brinjal,Other,Local,06-09-2026,5000,5000,5000
Tamil Nadu,Thiruchirappalli,Lalgudi(Uzhavar Sandhai ),Ashgourd,Gouard,Local,06-09-2026,2000,2000,2000
Tamil Nadu,Thiruchirappalli,Lalgudi(Uzhavar Sandhai ),Banana - Green,Banana - Green,Local,06-09-2026,3000,3000,3000
Tamil Nadu,Thiruchirappalli,Lalgudi(Uzhavar Sandhai ),Beans,Beans (Whole),Local,06-09-2026,9000,9000,9000
Tamil Nadu,Thiruchirappalli,Lalgudi(Uzhavar Sandhai ),Green Avare(W),Other,Local,06-09-2026,7000,7000,7000
Tamil Nadu,Thiruchirappalli,Lalgudi(Uzhavar Sandhai ),Chow Chow,Chow Chow,Local,06-09-2026,4000,4000,4000
Tamil Nadu,Thiruchirappalli,Lalgudi(Uzhavar Sandhai ),Guava,Guava Allahabad,Local,06-09-2026,8000,8000,8000
Tamil Nadu,Thiruchirappalli,Lalgudi(Uzhavar Sandhai ),Yam(Ratalu),Yam (Ratalu),Local,06-09-2026,7000,7000,7000
Tamil Nadu,Thiruchirappalli,Lalgudi(Uzhavar Sandhai ),Colacasia,Colacasia,Local,06-09-2026,5600,5600,5600
Tamil Nadu,Thiruchirappalli,Manachanallur(Uzhavar Sandhai ),Beetroot,Beetroot,Local,06-09-2026,4000,4600,4300
Tamil Nadu,Thiruchirappalli,Manachanallur(Uzhavar Sandhai ),Potato,Other,Local,06-09-2026,2400,2800,2600
Tamil Nadu,Thiruchirappalli,Manachanallur(Uzhavar Sandhai ),Raddish,Raddish,Local,06-09-2026,3000,3500,3250
Tamil Nadu,Thiruchirappalli,Manachanallur(Uzhavar Sandhai ),Green Avare(W),Other,Local,06-09-2026,6000,6600,6300
Tamil Nadu,Thiruchirappalli,Manachanallur(Uzhavar Sandhai ),Chow Chow,Chow Chow,Local,06-09-2026,3000,3600,3300
Tamil Nadu,Thiruchirappalli,Manachanallur(Uzhavar Sandhai ),Drumstick,Drumstick,Local,06-09-2026,3500,4000,3750
Tamil Nadu,Thiruchirappalli,Manachanallur(Uzhavar Sandhai ),Tender Coconut,Tender Coconut,Local,06-09-2026,4000,5000,4500
Tamil Nadu,Thiruchirappalli,Manachanallur(Uzhavar Sandhai ),Lemon,Lemon,Local,06-09-2026,13000,15000,14000
Tamil Nadu,Thiruchirappalli,Manachanallur(Uzhavar Sandhai ),Onion Green,Onion Green,Local,06-09-2026,7000,8000,7500
Tamil Nadu,Thiruchirappalli,Manapparai(Uzhavar Sandhai ),Grapes,Annabesahai,Local,06-09-2026,10000,10000,10000
Tamil Nadu,Thiruchirappalli,Manapparai(Uzhavar Sandhai ),Papaya,Papaya,Local,06-09-2026,4000,4000,4000
Tamil Nadu,Thiruchirappalli,Manapparai(Uzhavar Sandhai ),Bitter gourd,Other,Local,06-09-2026,6000,6000,6000
Tamil Nadu,Thiruchirappalli,Manapparai(Uzhavar Sandhai ),Pumpkin,Pumpkin,Local,06-09-2026,2000,2000,2000
Tamil Nadu,Thiruchirappalli,Musiri(Uzhavar Sandhai ),Coconut,Coconut,Local,06-09-2026,6000,6500,6250
Tamil Nadu,Thiruchirappalli,Musiri(Uzhavar Sandhai ),Carrot,Pusakesar,Local,06-09-2026,6000,6500,6250
Tamil Nadu,Thiruchirappalli,Musiri(Uzhavar Sandhai ),Papaya,Papaya,Local,06-09-2026,3500,4000,3750
Tamil Nadu,Thiruchirappalli,Musiri(Uzhavar Sandhai ),Bottle gourd,Bottle Gourd,Local,06-09-2026,2000,2500,2250
Tamil Nadu,Thiruchirappalli,Musiri(Uzhavar Sandhai ),Knool Khol,Knool Khol,Local,06-09-2026,3000,3600,3300
Tamil Nadu,Thiruchirappalli,Musiri(Uzhavar Sandhai ),Indian Beans(Seam),Indian Beans (Seam),Local,06-09-2026,6000,7000,6500
Tamil Nadu,Thiruchirappalli,Musiri(Uzhavar Sandhai ),Amla(Nelli Kai),Amla,Local,06-09-2026,7000,8000,7500
Tamil Nadu,Thiruchirappalli,Musiri(Uzhavar Sandhai ),Mint(Pudina),Mint(Pudina),Local,06-09-2026,5000,5600,5300
Tamil Nadu,Thiruchirappalli,Thiruverumbur(Uzhavar Sandhai ),Sweet Potato,Hosur Red,Local,06-09-2026,5000,5000,5000
Tamil Nadu,Thiruchirappalli,Thiruverumbur(Uzhavar Sandhai ),Carrot,Pusakesar,Local,06-09-2026,7000,7000,7000
Tamil Nadu,Thiruchirappalli,Thiruverumbur(Uzhavar Sandhai ),Snakeguard,Snakeguard,Local,06-09-2026,3600,3600,3600
Tamil Nadu,Thiruchirappalli,Thiruverumbur(Uzhavar Sandhai ),Beetroot,Beetroot,Local,06-09-2026,5000,5000,5000
Tamil Nadu,Thiruchirappalli,Thiruverumbur(Uzhavar Sandhai ),Ridgeguard(Tori),Ridgeguard(Tori),Local,06-09-2026,5000,5000,5000
Tamil Nadu,Thiruchirappalli,Thiruverumbur(Uzhavar Sandhai ),Tomato,Other,Local,06-09-2026,3000,3000,3000
Tamil Nadu,Thiruchirappalli,Thiruverumbur(Uzhavar Sandhai ),Bottle gourd,Bottle Gourd,Local,06-09-2026,3000,3000,3000
Tamil Nadu,Thiruchirappalli,Thiruverumbur(Uzhavar Sandhai ),Green Chilli,Green Chilly,Local,06-09-2026,4800,4800,4800
Tamil Nadu,Thiruchirappalli,Thiruverumbur(Uzhavar Sandhai ),Indian Beans(Seam),Indian Beans (Seam),Local,06-09-2026,6000,6000,6000
Tamil Nadu,Virudhunagar,Rajapalayam(Uzhavar Sandhai ),Coconut,Coconut,Local,06-09-2026,5000,6000,5500
Tamil Nadu,Virudhunagar,Rajapalayam(Uzhavar Sandhai ),Coriander(Leaves),I Sort,Local,06-09-2026,4000,4500,4250
Tamil Nadu,Virudhunagar,Rajapalayam(Uzhavar Sandhai ),Pumpkin,Pumpkin,Local,06-09-2026,2000,2500,2250
Tamil Nadu,Virudhunagar,Rajapalayam(Uzhavar Sandhai ),Amaranthus,Amaranthus,Local,06-09-2026,2500,3000,2750
Tamil Nadu,Virudhunagar,Rajapalayam(Uzhavar Sandhai ),Ginger(Green),Green Ginger,Local,06-09-2026,10000,12000,11000
Tamil Nadu,Virudhunagar,Rajapalayam(Uzhavar Sandhai ),Knool Khol,Knool Khol,Local,06-09-2026,5000,6000,5500
Tamil Nadu,Virudhunagar,Rajapalayam(Uzhavar Sandhai ),Colacasia,Colacasia,Local,06-09-2026,6000,7000,6500
Tamil Nadu,Virudhunagar,Rajapalayam(Uzhavar Sandhai ),Onion Green,Onion Green,Local,06-09-2026,6500,7500,7000
Tamil Nadu,Virudhunagar,Rajapalayam(Uzhavar Sandhai ),Mint(Pudina),Mint(Pudina),Local,06-09-2026,4500,5500,5000
Tamil Nadu,Virudhunagar,Sathur(Uzhavar Sandhai ),Snakeguard,Snakeguard,Local,06-09-2026,4500,5000,4750
Tamil Nadu,Virudhunagar,Sathur(Uzhavar Sandhai ),Beetroot,Beetroot,Local,06-09-2026,4500,5000,4750
Tamil Nadu,Virudhunagar,Sathur(Uzhavar Sandhai ),Onion,Bellary,Local,06-09-2026,4500,5000,4750
Tamil Nadu,Virudhunagar,Sathur(Uzhavar Sandhai ),Potato,Red Nanital,Local,06-09-2026,3500,4000,3750
Tamil Nadu,Virudhunagar,Sathur(Uzhavar Sandhai ),Amaranthus,Amaranthus,Local,06-09-2026,2500,3000,2750
Tamil Nadu,Virudhunagar,Sathur(Uzhavar Sandhai ),Green Avare(W),Green Avare (W),Local,06-09-2026,9000,10000,9500
Tamil Nadu,Virudhunagar,Sathur(Uzhavar Sandhai ),Drumstick,Drumstick,Local,06-09-2026,4500,5000,4750
Tamil Nadu,Virudhunagar,Sivakasi(Uzhavar Sandhai ),Coconut,Coconut,Local,06-09-2026,6000,7000,6500
Tamil Nadu,Virudhunagar,Sivakasi(Uzhavar Sandhai ),Ridgeguard(Tori),Ridgeguard(Tori),Local,06-09-2026,4500,5000,4750
Tamil Nadu,Virudhunagar,Sivakasi(Uzhavar Sandhai ),Papaya,Papaya,Local,06-09-2026,2500,3000,2750
Tamil Nadu,Virudhunagar,Sivakasi(Uzhavar Sandhai ),Bottle gourd,Bottle Gourd,Local,06-09-2026,1700,2000,1850
Tamil Nadu,Virudhunagar,Sivakasi(Uzhavar Sandhai ),Pumpkin,Pumpkin,Local,06-09-2026,1700,2000,1850
Tamil Nadu,Virudhunagar,Sivakasi(Uzhavar Sandhai ),Ginger(Green),Green Ginger,Local,06-09-2026,14000,15000,14500
Tamil Nadu,Virudhunagar,Sivakasi(Uzhavar Sandhai ),Green Avare(W),Green Avare (W),Local,06-09-2026,4500,5000,4750
Tamil Nadu,Virudhunagar,Sivakasi(Uzhavar Sandhai ),Chow Chow,Chow Chow,Local,06-09-2026,3500,4000,3750
Tamil Nadu,Virudhunagar,Sivakasi(Uzhavar Sandhai ),Onion Green,Onion Green,Local,06-09-2026,7000,8000,7500
Tamil Nadu,Virudhunagar,Thalavaipuram(Uzhavar Sandhai ),Banana,Besrai,Local,06-09-2026,3200,4000,3600
Tamil Nadu,Virudhunagar,Thalavaipuram(Uzhavar Sandhai ),Coriander(Leaves),I Sort,Local,06-09-2026,3600,4500,4050
Tamil Nadu,Virudhunagar,Thalavaipuram(Uzhavar Sandhai ),Papaya,Papaya,Local,06-09-2026,2800,3500,3150
Tamil Nadu,Virudhunagar,Thalavaipuram(Uzhavar Sandhai ),Ashgourd,Gouard,Local,06-09-2026,2500,3000,2750
Tamil Nadu,Virudhunagar,Thalavaipuram(Uzhavar Sandhai ),Onion Green,Onion Green,Local,06-09-2026,6500,8000,7250
Tamil Nadu,Virudhunagar,Virudhunagar(Uzhavar Sandhai ),Coconut,Coconut,Local,06-09-2026,5400,5500,5450
Tamil Nadu,Virudhunagar,Virudhunagar(Uzhavar Sandhai ),Ashgourd,Gouard,Local,06-09-2026,2200,2300,2250
Tamil Nadu,Virudhunagar,Virudhunagar(Uzhavar Sandhai ),Bhindi(Ladies Finger),Bhindi,Local,06-09-2026,2400,2600,2500
Tamil Nadu,Chengalpattu,Madhuranthagam(Uzhavar Sandhai ),Coconut,Coconut,Local,06-09-2026,3000,4000,3500
Tamil Nadu,Chengalpattu,Madhuranthagam(Uzhavar Sandhai ),Onion,Bellary,Local,06-09-2026,6000,6000,6000
Tamil Nadu,Chengalpattu,Madhuranthagam(Uzhavar Sandhai ),Bottle gourd,Bottle Gourd,Local,06-09-2026,3000,3000,3000
Tamil Nadu,Chengalpattu,Medavakkam(Uzhavar Sandhai ),Brinjal,Round,Local,06-09-2026,4000,6000,5000
Tamil Nadu,Chengalpattu,Medavakkam(Uzhavar Sandhai ),Banana - Green,Banana - Green,Local,06-09-2026,3500,3500,3500
Tamil Nadu,Chengalpattu,Pallavaram(Uzhavar Sandhai ),Sweet Potato,Hosur Red,Local,06-09-2026,6000,7000,6500
Tamil Nadu,Chengalpattu,Pallavaram(Uzhavar Sandhai ),Groundnut,Big (With Shell),Local,06-09-2026,9000,10000,9500
Tamil Nadu,Chengalpattu,Pallavaram(Uzhavar Sandhai ),Garlic,Garlic,Local,06-09-2026,25000,28000,26500
Tamil Nadu,Chengalpattu,Pallavaram(Uzhavar Sandhai ),Cauliflower,Ranchi,Local,06-09-2026,2500,3000,2750
Tamil Nadu,Chengalpattu,Pallavaram(Uzhavar Sandhai ),Coriander(Leaves),I Sort,Local,06-09-2026,5000,6000,5500
Tamil Nadu,Chengalpattu,Pallavaram(Uzhavar Sandhai ),Tomato,Deshi,Local,06-09-2026,2000,2500,2250
Tamil Nadu,Chengalpattu,Pallavaram(Uzhavar Sandhai ),Ashgourd,Gouard,Local,06-09-2026,2000,2500,2250
Tamil Nadu,Chengalpattu,Pallavaram(Uzhavar Sandhai ),Ridgeguard(Tori),Ridgeguard(Tori),Local,06-09-2026,6000,7000,6500
Tamil Nadu,Chengalpattu,Pallavaram(Uzhavar Sandhai ),Green Chilli,Green Chilly,Local,06-09-2026,5000,6000,5500
Tamil Nadu,Chengalpattu,Pallavaram(Uzhavar Sandhai ),Cowpea(Veg),Cowpea (Veg),Local,06-09-2026,6000,7000,6500
Tamil Nadu,Chengalpattu,Pallavaram(Uzhavar Sandhai ),Raddish,Raddish,Local,06-09-2026,3500,4000,3750
Tamil Nadu,Chengalpattu,Pallavaram(Uzhavar Sandhai ),Ginger(Green),Green Ginger,Local,06-09-2026,15000,17000,16000
Tamil Nadu,Chengalpattu,Pallavaram(Uzhavar Sandhai ),Capsicum,Capsicum,Local,06-09-2026,6000,7000,6500
Tamil Nadu,Chengalpattu,Pallavaram(Uzhavar Sandhai ),Knool Khol,Knool Khol,Local,06-09-2026,4000,5000,4500
Tamil Nadu,Chengalpattu,Pallavaram(Uzhavar Sandhai ),Sweet Corn ,Sweet Corn ,Local,06-09-2026,4000,5000,4500
Tamil Nadu,Nagercoil (Kannyiakumari),Myladi(Uzhavar Sandhai ),Onion,Bellary,Local,06-09-2026,5500,6000,5750
Tamil Nadu,Nagercoil (Kannyiakumari),Myladi(Uzhavar Sandhai ),Cauliflower,Ranchi,Local,06-09-2026,4500,5000,4750
Tamil Nadu,Nagercoil (Kannyiakumari),Myladi(Uzhavar Sandhai ),Brinjal,Round,Local,06-09-2026,5500,6000,5750
Tamil Nadu,Nagercoil (Kannyiakumari),Myladi(Uzhavar Sandhai ),Ashgourd,Gouard,Local,06-09-2026,2200,2500,2350
Tamil Nadu,Nagercoil (Kannyiakumari),Myladi(Uzhavar Sandhai ),Bhindi(Ladies Finger),Bhindi,Local,06-09-2026,5500,6000,5750
Tamil Nadu,Nagercoil (Kannyiakumari),Myladi(Uzhavar Sandhai ),Amaranthus,Amaranthus,Local,06-09-2026,1200,1500,1350
Tamil Nadu,Nagercoil (Kannyiakumari),Myladi(Uzhavar Sandhai ),Beans,Beans (Whole),Local,06-09-2026,11000,12000,11500
Tamil Nadu,Nagercoil (Kannyiakumari),Myladi(Uzhavar Sandhai ),Onion Green,Onion Green,Local,06-09-2026,7000,7500,7250
Tamil Nadu,Chengalpattu,Jameenrayapettai(Uzhavar Sandhai ),Cabbage,Cabbage,Local,06-09-2026,2500,3000,2750
Tamil Nadu,Chengalpattu,Jameenrayapettai(Uzhavar Sandhai ),Apple,American,Local,06-09-2026,23000,24000,23500
Tamil Nadu,Chengalpattu,Jameenrayapettai(Uzhavar Sandhai ),Orange,Darjeeling,Local,06-09-2026,12000,13000,12500
Tamil Nadu,Chengalpattu,Jameenrayapettai(Uzhavar Sandhai ),Coriander(Leaves),I Sort,Local,06-09-2026,5000,6000,5500
Tamil Nadu,Chengalpattu,Jameenrayapettai(Uzhavar Sandhai ),Papaya,Papaya,Local,06-09-2026,4000,5000,4500
Tamil Nadu,Chengalpattu,Jameenrayapettai(Uzhavar Sandhai ),Bhindi(Ladies Finger),Bhindi,Local,06-09-2026,3500,4000,3750
Tamil Nadu,Chengalpattu,Jameenrayapettai(Uzhavar Sandhai ),Beans,Beans (Whole),Local,06-09-2026,9000,10000,9500
Tamil Nadu,Chengalpattu,Jameenrayapettai(Uzhavar Sandhai ),Tapioca,Tapioca,Local,06-09-2026,3500,4000,3750
Tamil Nadu,Chengalpattu,Jameenrayapettai(Uzhavar Sandhai ),Chow Chow,Chow Chow,Local,06-09-2026,3500,4000,3750
Tamil Nadu,Chengalpattu,Jameenrayapettai(Uzhavar Sandhai ),Marigold(Calcutta),Marigold(Calcutta),Local,06-09-2026,14000,16000,15000
Tamil Nadu,Chengalpattu,Jameenrayapettai(Uzhavar Sandhai ),Amla(Nelli Kai),Amla,Local,06-09-2026,10000,12000,11000
Karnataka,Koppal,Kustagi APMC,Groundnut,Gejje,FAQ,06-09-2026,7900,7900,7900
Maharashtra,Chattrapati Sambhajinagar,APMC Chattrapati Sambhajinagar ,Drumstick,Other,Local,06-09-2026,2400,3200,2800
Maharashtra,Chattrapati Sambhajinagar,APMC Chattrapati Sambhajinagar ,Ridgeguard(Tori),Other,Local,06-09-2026,2000,3200,2600
Maharashtra,Chattrapati Sambhajinagar,APMC Chattrapati Sambhajinagar ,Tomato,Other,Local,06-09-2026,700,1200,950
Maharashtra,Chattrapati Sambhajinagar,APMC Chattrapati Sambhajinagar ,Mousambi(Sweet Lime),Other,Local,06-09-2026,1400,2300,1850
Maharashtra,Chattrapati Sambhajinagar,APMC Chattrapati Sambhajinagar ,Papaya,Other,Local,06-09-2026,2500,3700,3100
Maharashtra,Chattrapati Sambhajinagar,APMC Chattrapati Sambhajinagar ,Carrot,Other,Local,06-09-2026,1000,2400,1700
Maharashtra,Chattrapati Sambhajinagar,APMC Chattrapati Sambhajinagar ,Cabbage,Other,Local,06-09-2026,600,700,650
Maharashtra,Chattrapati Sambhajinagar,APMC Paithan ,Bajra(Pearl Millet/Cumbu),Other,Non-FAQ,06-09-2026,2341,2341,2341
Maharashtra,Chattrapati Sambhajinagar,APMC Paithan ,Green Gram(Moong)(Whole),Other,FAQ,06-09-2026,9500,9500,9500
Maharashtra,Jalgaon,APMC Bhusaval ,Lime,Other,Local,06-09-2026,5000,13000,6500
Maharashtra,Jalgaon,APMC Bhusaval ,Carrot,Other,Local,06-09-2026,2000,2200,2200
Maharashtra,Jalgaon,APMC Bhusaval ,Coriander(Leaves),Other,Local,06-09-2026,1500,2200,2000
Maharashtra,Jalgaon,APMC Bhusaval ,Little gourd(Kundru),Other,Local,06-09-2026,1200,2000,1500
Maharashtra,Jalgaon,APMC Parola ,Green Gram(Moong)(Whole),Other,Non-FAQ,06-09-2026,8700,8700,8700
Tamil Nadu,Villupuram,Tindivanam APMC,Sweet Potato,Hosur Red,Local,06-09-2026,4500,4500,4500
Tamil Nadu,Villupuram,Tindivanam APMC,Cabbage,Cabbage,Local,06-09-2026,3500,3500,3500
Tamil Nadu,Villupuram,Tindivanam APMC,Coriander(Leaves),I Sort,Local,06-09-2026,4000,4000,4000
Tamil Nadu,Villupuram,Tindivanam APMC,Cluster beans,Cluster Beans,Local,06-09-2026,4000,4000,4000
Tamil Nadu,Villupuram,Tindivanam APMC,Ashgourd,Gouard,Local,06-09-2026,1500,1500,1500
Tamil Nadu,Villupuram,Tindivanam APMC,Chow Chow,Chow Chow,Local,06-09-2026,4600,4600,4600
Tamil Nadu,Villupuram,Tindivanam APMC,Drumstick,Drumstick,Local,06-09-2026,4000,4000,4000
Tamil Nadu,Villupuram,Tindivanam APMC,Mango(Raw-Ripe),Mango - Raw-Ripe,Local,06-09-2026,6000,6000,6000
Tamil Nadu,Villupuram,Tindivanam APMC,Marigold(Calcutta),Marigold(Calcutta),Local,06-09-2026,25000,25000,25000
Tamil Nadu,Villupuram,Ulundurpettai APMC,Brinjal,Round,Local,06-09-2026,5000,5000,5000
Tamil Nadu,Villupuram,Ulundurpettai APMC,Tomato,Deshi,Local,06-09-2026,2000,2000,2000
Tamil Nadu,Villupuram,Ulundurpettai APMC,Amaranthus,Amaranthus,Local,06-09-2026,2500,2500,2500
Tamil Nadu,Villupuram,Ulundurpettai APMC,Thondekai,Thondekai,Local,06-09-2026,5000,5000,5000
Tamil Nadu,Villupuram,Ulundurpettai APMC,Tender Coconut,Tender Coconut,Local,06-09-2026,3000,3000,3000
Tamil Nadu,Villupuram,Ulundurpettai APMC,Onion Green,Onion Green,Local,06-09-2026,7000,7000,7000
Tripura,North Tripura,Panisagar APMC,Cowpea(Veg),Cowpea (Veg),Medium,06-09-2026,3400,3500,3450
Tripura,North Tripura,Panisagar APMC,Green Chilli,Green Chilly,Medium,06-09-2026,7900,8000,7950
Uttar Pradesh,Aligarh,Aligarh APMC,Bajra(Pearl Millet/Cumbu),Other,FAQ,06-09-2026,1900,1930,1913.58
Maharashtra,Kolhapur,APMC Kolhapur ,Brinjal,Other,Local,06-09-2026,1500,3500,2500
Uttar Pradesh,Farukhabad,Kayamganj APMC,Rice,Common,FAQ,06-09-2026,2700,2700,2700
Madhya Pradesh,Rewa,Chaakghat APMC,Wheat,Wheat,FAQ,06-09-2026,2570,2570,2570
Gujarat,Amreli,Damnagar APMC,Lemon,Lemon,Local,06-09-2026,2500,2500,2500
Gujarat,Amreli,Damnagar APMC,Bottle gourd,Bottle Gourd,Local,06-09-2026,2000,2000,2000
Gujarat,Amreli,Damnagar APMC,Coriander(Leaves),Coriander,Local,06-09-2026,3000,3000,3000
Gujarat,Amreli,Damnagar APMC,Green Chilli,Green Chilly,Local,06-09-2026,4000,4000,4000
Gujarat,Rajkot,Gondal(Veg.market Gondal) APMC,Apple,Apple,Local,06-09-2026,3000,18000,10500
Gujarat,Rajkot,Gondal(Veg.market Gondal) APMC,Mousambi(Sweet Lime),Mousambi,Local,06-09-2026,2000,3000,2500
Tamil Nadu,Madurai,Chokkikulam(Uzhavar Sandhai ),Cucumbar(Kheera),Cucumbar,Local,06-09-2026,4000,5000,4500
Tamil Nadu,Madurai,Chokkikulam(Uzhavar Sandhai ),Banana,Besrai,Local,06-09-2026,4000,5000,4500
Tamil Nadu,Madurai,Chokkikulam(Uzhavar Sandhai ),Grapes,Annabesahai,Local,06-09-2026,11000,12000,11500
Tamil Nadu,Madurai,Chokkikulam(Uzhavar Sandhai ),Potato,Red Nanital,Local,06-09-2026,5000,5500,5250
Tamil Nadu,Madurai,Chokkikulam(Uzhavar Sandhai ),Papaya,Papaya,Local,06-09-2026,4500,5000,4750
Tamil Nadu,Madurai,Chokkikulam(Uzhavar Sandhai ),Tomato,Deshi,Local,06-09-2026,2800,3200,3000
Tamil Nadu,Madurai,Chokkikulam(Uzhavar Sandhai ),Ashgourd,Gouard,Local,06-09-2026,1600,2000,1800
Tamil Nadu,Madurai,Chokkikulam(Uzhavar Sandhai ),Bhindi(Ladies Finger),Bhindi,Local,06-09-2026,2800,3200,3000
Tamil Nadu,Madurai,Chokkikulam(Uzhavar Sandhai ),Tapioca,Tapioca,Local,06-09-2026,3600,4000,3800
Tamil Nadu,Madurai,Chokkikulam(Uzhavar Sandhai ),Green Avare(W),Green Avare (W),Local,06-09-2026,6000,9000,7500
Tamil Nadu,Madurai,Chokkikulam(Uzhavar Sandhai ),Mango(Raw-Ripe),Mango - Raw-Ripe,Local,06-09-2026,9000,10000,9500
Tamil Nadu,Madurai,Chokkikulam(Uzhavar Sandhai ),Lemon,Lemon,Local,06-09-2026,20000,24000,22000
Tamil Nadu,Madurai,Chokkikulam(Uzhavar Sandhai ),Mashrooms,Mashrooms,Local,06-09-2026,25000,30000,27500
Tamil Nadu,Madurai,Chokkikulam(Uzhavar Sandhai ),Amla(Nelli Kai),Amla,Local,06-09-2026,7000,8000,7500
Keralam,Ernakulam,Kunnukara  VFPCK Market,Banana,Nendra Bale,Grade A,06-09-2026,5700,5900,5800
Uttar Pradesh,Saharanpur,Saharanpur APMC,Onion,Other,FAQ,06-09-2026,2300,2350,2325
Telangana,Warangal,Warangal APMC,Carrot,Carrot,FAQ,06-09-2026,4000,4500,4250
Telangana,Warangal,Warangal APMC,Ridgeguard(Tori),Ridgeguard(Tori),FAQ,06-09-2026,1600,2000,1800
Telangana,Warangal,Warangal APMC,French Beans(Frasbean),French Beans (Frasbean),FAQ,06-09-2026,7500,8000,7750
Telangana,Warangal,Warangal APMC,Yam(Ratalu),Yam (Ratalu),FAQ,06-09-2026,4000,4500,4250
Telangana,Bhadradri Kothagudem,Yellandu APMC,Maize,Local,Local,06-09-2026,2200,2400,2300
Uttar Pradesh,Rampur,Tanda(Rampur) APMC,Onion,Other,FAQ,06-09-2026,2500,2500,2500
Keralam,Palakad,vadakarapathy Market,Bottle gourd,Bottle Gourd,FAQ,06-09-2026,1500,2500,2000
Keralam,Palakad,vadakarapathy Market,Green Avare(W),Green Avare (W),FAQ,06-09-2026,5000,6000,5500
Keralam,Palakad,vadakarapathy Market,Ridgeguard(Tori),Ridgeguard(Tori),FAQ,06-09-2026,3000,4000,3500
Keralam,Palakad,vadakarapathy Market,Lemon,Lemon,FAQ,06-09-2026,7000,8000,7500
Uttar Pradesh,Agra,Fatehabad APMC,Green Gram(Moong)(Whole),Other,FAQ,06-09-2026,6850,6850,6850
Uttar Pradesh,Bareilly,Anwala APMC,Maize,Other,FAQ,06-09-2026,2000,2000,2000
Maharashtra,Pune,APMC Pune ,Papaya,Other,Local,06-09-2026,1000,3000,2000
Maharashtra,Pune,APMC Pune ,Seetapal,Other,Local,06-09-2026,2000,8000,5000
Maharashtra,Pune,APMC Pune ,Amla(Nelli Kai),Other,Local,06-09-2026,3000,6000,4500
Maharashtra,Pune,APMC Pune ,Beetroot,Other,Local,06-09-2026,600,2500,1550
Maharashtra,Pune,APMC Pune ,Carrot,Other,Local,06-09-2026,1000,2500,1750
Maharashtra,Pune,APMC Pune ,Mango(Raw-Ripe),Other,Local,06-09-2026,1000,9000,5000
Maharashtra,Pune,APMC Pune ,Onion Green,Other,Local,06-09-2026,6,20,13
Maharashtra,Pune,APMC Pune ,Peas Wet,Other,Local,06-09-2026,4000,6000,5000
Andhra Pradesh,Kurnool,Yemmiganur APMC,Castor Seed,Castor seed,Local,06-09-2026,6210,6210,6210
Uttar Pradesh,Etawah,Etawah APMC,Potato,Other,FAQ,06-09-2026,500,500,500
Uttar Pradesh,Kanpur,Kanpur(Grain) APMC,Onion,Other,FAQ,06-09-2026,3500,3500,3500
Maharashtra,Pune,Pune(Khadiki) ,Bhindi(Ladies Finger),Other,Local,06-09-2026,1700,2000,1850
Maharashtra,Pune,Pune(Khadiki) ,Beans,Other,Local,06-09-2026,1700,2000,1850
Maharashtra,Pune,Pune(Khadiki) ,Bitter gourd,Other,Local,06-09-2026,1500,1800,1650
Maharashtra,Pune,Pune(Khadiki) ,Coriander(Leaves),Other,Local,06-09-2026,2,3,2
Maharashtra,Pune,Pune(Khadiki) ,Ridgeguard(Tori),Other,Local,06-09-2026,1300,1700,1500
Maharashtra,Pune,Pune(Khadiki) ,Brinjal,Other,Local,06-09-2026,1400,1700,1550
Uttar Pradesh,Sambhal,Muradabad APMC,Onion,Other,FAQ,06-09-2026,2500,2500,2500
Uttar Pradesh,Varanasi,Varanasi APMC,Fish,Other,FAQ,06-09-2026,4000,4000,4000
Keralam,Thiruvananthapuram,Parassala Market,Cowpea(Veg),Cowpea (Veg),Local,06-09-2026,7800,8200,8000
Keralam,Thiruvananthapuram,Parassala Market,Banana,Red Banana,Local,06-09-2026,6500,7000,6800
Uttarakhand,Haridwar,Roorkee APMC,Bhindi(Ladies Finger),Other,Local,06-09-2026,1000,1500,1300
Uttarakhand,Haridwar,Roorkee APMC,Potato,Other,Medium,06-09-2026,800,1200,1000
Uttarakhand,Haridwar,Roorkee APMC,Banana,Other,Medium,06-09-2026,800,1200,1000
Maharashtra,Pune,Pune(Moshi) ,Pineapple,Other,Local,06-09-2026,5000,5000,5000
Maharashtra,Pune,Pune(Moshi) ,Pomegranate,Other,Local,06-09-2026,8000,10000,9000
Maharashtra,Pune,Pune(Moshi) ,Pear(Marasebu),Other,Local,06-09-2026,10000,10000,10000
Maharashtra,Pune,Pune(Moshi) ,Carrot,Other,Local,06-09-2026,2500,3000,2750
Maharashtra,Pune,Pune(Moshi) ,Onion,Local,Local,06-09-2026,3000,4000,3500
Maharashtra,Pune,Pune(Moshi) ,Bitter gourd,Other,Local,06-09-2026,3000,4000,3500
Maharashtra,Pune,Pune(Moshi) ,Garlic,Other,Local,06-09-2026,10000,10000,10000
Maharashtra,Pune,Pune(Moshi) ,Sweet Potato,Other,Local,06-09-2026,4000,4000,4000
Maharashtra,Pune,Pune(Moshi) ,Tomato,Local,Local,06-09-2026,500,1000,750
Maharashtra,Pune,Pune(Moshi) ,Green Chilli,Other,Local,06-09-2026,3000,4000,3500
Maharashtra,Pune,Pune(Moshi) ,Potato,Local,Local,06-09-2026,900,1000,950
Maharashtra,Pune,Pune(Moshi) ,Cauliflower,Other,Local,06-09-2026,2000,3000,2500
Tamil Nadu,Erode,Thalavadi(Uzhavar Sandhai ),Snakeguard,Snakeguard,Local,06-09-2026,3000,3500,3250
Tamil Nadu,Erode,Thalavadi(Uzhavar Sandhai ),Beetroot,Beetroot,Local,06-09-2026,2600,3000,2800
Tamil Nadu,Erode,Thalavadi(Uzhavar Sandhai ),Coriander(Leaves),I Sort,Local,06-09-2026,3500,4000,3750
Tamil Nadu,Erode,Thalavadi(Uzhavar Sandhai ),Papaya,Papaya,Local,06-09-2026,1800,2200,2000
Tamil Nadu,Erode,Thalavadi(Uzhavar Sandhai ),Pumpkin,Pumpkin,Local,06-09-2026,1000,1200,1100
Tamil Nadu,Erode,Thalavadi(Uzhavar Sandhai ),Amaranthus,Amaranthus,Local,06-09-2026,3500,4000,3750
Tamil Nadu,Erode,Thalavadi(Uzhavar Sandhai ),Lemon,Lemon,Local,06-09-2026,7000,7500,7250
Tamil Nadu,Cuddalore,Viruthachalam(Uzhavar Sandhai ),Carrot,Pusakesar,Local,06-09-2026,8000,8000,8000
Tamil Nadu,Cuddalore,Viruthachalam(Uzhavar Sandhai ),Cluster beans,Cluster Beans,Local,06-09-2026,3000,3000,3000
Tamil Nadu,Cuddalore,Viruthachalam(Uzhavar Sandhai ),Amaranthus,Amaranthus,Local,06-09-2026,2000,2500,2250
Tamil Nadu,Cuddalore,Viruthachalam(Uzhavar Sandhai ),Mint(Pudina),Mint(Pudina),Local,06-09-2026,5000,5000,5000
Keralam,Alappuzha,Madhavapuram Market,Ashgourd,Other,FAQ,06-09-2026,4000,4500,4200
Maharashtra,Satara,APMC Satara ,Potato,Other,Local,06-09-2026,1000,1400,1200
Maharashtra,Satara,APMC Satara ,Cabbage,Other,Local,06-09-2026,1000,1500,1250
Maharashtra,Satara,APMC Satara ,Chilly Capsicum,Other,Local,06-09-2026,1000,2000,1500
Maharashtra,Satara,APMC Satara ,Peas Wet,Other,Local,06-09-2026,5000,6000,5500
Tamil Nadu,Krishnagiri,Krishnagiri(Uzhavar Sandhai ),Cabbage,Cabbage,Local,06-09-2026,2800,3000,2900
Tamil Nadu,Krishnagiri,Krishnagiri(Uzhavar Sandhai ),Bottle gourd,Bottle Gourd,Local,06-09-2026,1200,1600,1400
Tamil Nadu,Krishnagiri,Krishnagiri(Uzhavar Sandhai ),Thondekai,Thondekai,Local,06-09-2026,4500,5000,4750
Tamil Nadu,Krishnagiri,Krishnagiri(Uzhavar Sandhai ),Capsicum,Capsicum,Local,06-09-2026,5000,6000,5500
Tamil Nadu,Krishnagiri,Krishnagiri(Uzhavar Sandhai ),Chow Chow,Chow Chow,Local,06-09-2026,3500,4000,3750
Tamil Nadu,Krishnagiri,Krishnagiri(Uzhavar Sandhai ),Tender Coconut,Tender Coconut,Local,06-09-2026,3500,4000,3750
Tamil Nadu,Krishnagiri,Krishnagiri(Uzhavar Sandhai ),Mint(Pudina),Mint(Pudina),Local,06-09-2026,2000,2400,2200
Tamil Nadu,Krishnagiri,Krishnagiri(Uzhavar Sandhai ),Sweet Corn ,Sweet Corn ,Local,06-09-2026,2500,3000,2750
Maharashtra,Solapur,APMC Mangal Wedha ,Bhindi(Ladies Finger),Other,Local,06-09-2026,500,2800,1500
Maharashtra,Solapur,APMC Mangal Wedha ,Cucumbar(Kheera),Other,Local,06-09-2026,2000,6500,2700
Tamil Nadu,Nagapattinam,Nagapattinam(Uzhavar Sandhai ),Banana,Poovan,Local,06-09-2026,4100,5000,4550
Tamil Nadu,Nagapattinam,Nagapattinam(Uzhavar Sandhai ),Potato,Red Nanital,Local,06-09-2026,3700,4200,3950
Tamil Nadu,Nagapattinam,Nagapattinam(Uzhavar Sandhai ),Ashgourd,Gouard,Local,06-09-2026,3100,3100,3100
Tamil Nadu,Nagapattinam,Nagapattinam(Uzhavar Sandhai ),Green Chilli,Green Chilly,Local,06-09-2026,3300,3500,3400
Tamil Nadu,Nagapattinam,Nagapattinam(Uzhavar Sandhai ),Drumstick,Drumstick,Local,06-09-2026,3800,3800,3800
Tamil Nadu,Nagapattinam,Nagapattinam(Uzhavar Sandhai ),Mint(Pudina),Mint(Pudina),Local,06-09-2026,3700,3700,3700
Tamil Nadu,Tenkasi,Sankarankoil(Uzhavar Sandhai ),Coconut,Coconut,Local,06-09-2026,6000,6500,6250
Tamil Nadu,Tenkasi,Sankarankoil(Uzhavar Sandhai ),Snakeguard,Snakeguard,Local,06-09-2026,4000,4000,4000
Tamil Nadu,Tenkasi,Sankarankoil(Uzhavar Sandhai ),Brinjal,Other,Local,06-09-2026,3000,3500,3250
Tamil Nadu,Tenkasi,Sankarankoil(Uzhavar Sandhai ),Pumpkin,Pumpkin,Local,06-09-2026,1500,1500,1500
Tamil Nadu,Tenkasi,Sankarankoil(Uzhavar Sandhai ),Banana - Green,Banana - Green,Local,06-09-2026,3500,4000,3750
Tamil Nadu,Tenkasi,Sankarankoil(Uzhavar Sandhai ),Tapioca,Tapioca,Local,06-09-2026,4000,4000,4000
Tamil Nadu,Tenkasi,Sankarankoil(Uzhavar Sandhai ),Onion Green,Onion Green,Local,06-09-2026,6500,8000,7250
Tamil Nadu,Tenkasi,Tenkasi(Uzhavar Sandhai ),Sweet Potato,Hosur Red,Local,06-09-2026,6000,6000,6000
Tamil Nadu,Tenkasi,Tenkasi(Uzhavar Sandhai ),Snakeguard,Snakeguard,Local,06-09-2026,3000,3000,3000
Tamil Nadu,Tenkasi,Tenkasi(Uzhavar Sandhai ),Ridgeguard(Tori),Ridgeguard(Tori),Local,06-09-2026,4000,4000,4000
Tamil Nadu,Tenkasi,Tenkasi(Uzhavar Sandhai ),Pumpkin,Pumpkin,Local,06-09-2026,1500,1500,1500
Tamil Nadu,Tenkasi,Tenkasi(Uzhavar Sandhai ),Bhindi(Ladies Finger),Bhindi,Local,06-09-2026,3000,3500,3250
Tamil Nadu,Tenkasi,Tenkasi(Uzhavar Sandhai ),Amaranthus,Amaranthus,Local,06-09-2026,1500,1500,1500
Tamil Nadu,Tenkasi,Tenkasi(Uzhavar Sandhai ),Capsicum,Capsicum,Local,06-09-2026,6000,6000,6000
Tamil Nadu,Tenkasi,Tenkasi(Uzhavar Sandhai ),Green Avare(W),Other,Local,06-09-2026,4000,4000,4000
Tamil Nadu,Tenkasi,Tenkasi(Uzhavar Sandhai ),Guava,Guava Allahabad,Local,06-09-2026,6000,6000,6000
Tamil Nadu,Tenkasi,Tenkasi(Uzhavar Sandhai ),Mashrooms,Mashrooms,Local,06-09-2026,21000,21000,21000
Tamil Nadu,Pudukkottai,Pudukottai(Uzhavar Sandhai ),Beetroot,Beetroot,Local,06-09-2026,4000,4500,4250
Tamil Nadu,Pudukkottai,Pudukottai(Uzhavar Sandhai ),Potato,Other,Local,06-09-2026,5000,6000,5500
Tamil Nadu,Pudukkottai,Pudukottai(Uzhavar Sandhai ),Coriander(Leaves),I Sort,Local,06-09-2026,4000,5000,4500
Tamil Nadu,Pudukkottai,Pudukottai(Uzhavar Sandhai ),Papaya,Papaya,Local,06-09-2026,3000,4000,3500
Tamil Nadu,Pudukkottai,Pudukottai(Uzhavar Sandhai ),Amaranthus,Amaranthus,Local,06-09-2026,1500,2000,1750
Tamil Nadu,Pudukkottai,Pudukottai(Uzhavar Sandhai ),Green Chilli,Green Chilly,Local,06-09-2026,6000,7000,6500
Tamil Nadu,Pudukkottai,Pudukottai(Uzhavar Sandhai ),Cowpea(Veg),Cowpea (Veg),Local,06-09-2026,1500,2000,1750
Tamil Nadu,Pudukkottai,Pudukottai(Uzhavar Sandhai ),Banana - Green,Banana - Green,Local,06-09-2026,2500,3000,2750
Tamil Nadu,Pudukkottai,Pudukottai(Uzhavar Sandhai ),Thondekai,Thondekai,Local,06-09-2026,4000,5000,4500
Tamil Nadu,Pudukkottai,Pudukottai(Uzhavar Sandhai ),Guava,Guava Allahabad,Local,06-09-2026,7000,8000,7500
Tamil Nadu,Pudukkottai,Pudukottai(Uzhavar Sandhai ),Elephant Yam(Suran)/Amorphophallus,Elephant Yam (Suran),Local,06-09-2026,5000,6000,5500
Tamil Nadu,Pudukkottai,Pudukottai(Uzhavar Sandhai ),Colacasia,Colacasia,Local,06-09-2026,5000,6000,5500
Tamil Nadu,Pudukkottai,Pudukottai(Uzhavar Sandhai ),Onion Green,Onion Green,Local,06-09-2026,8000,9000,8500
Tamil Nadu,Thanjavur,Kumbakonam (Uzhavar Sandhai ),Coconut,Coconut,Local,06-09-2026,6000,6000,6000
Tamil Nadu,Thanjavur,Kumbakonam (Uzhavar Sandhai ),Carrot,Pusakesar,Local,06-09-2026,6000,7800,6900
Tamil Nadu,Thanjavur,Kumbakonam (Uzhavar Sandhai ),Cucumbar(Kheera),Cucumbar,Local,06-09-2026,6000,6000,6000
Tamil Nadu,Thanjavur,Kumbakonam (Uzhavar Sandhai ),Banana,Besrai,Local,06-09-2026,4000,4000,4000
Tamil Nadu,Thanjavur,Kumbakonam (Uzhavar Sandhai ),Ashgourd,Gouard,Local,06-09-2026,2400,2400,2400
Tamil Nadu,Thanjavur,Kumbakonam (Uzhavar Sandhai ),Green Avare(W),Green Avare (W),Local,06-09-2026,7200,8400,7800
Tamil Nadu,Thanjavur,Kumbakonam (Uzhavar Sandhai ),Yam(Ratalu),Yam (Ratalu),Local,06-09-2026,9600,9600,9600
Tamil Nadu,Thanjavur,Kumbakonam (Uzhavar Sandhai ),Mashrooms,Mashrooms,Local,06-09-2026,30000,30000,30000
Tamil Nadu,Thanjavur,Kumbakonam (Uzhavar Sandhai ),Onion Green,Onion Green,Local,06-09-2026,7200,8400,7800
Tamil Nadu,The Nilgiris,Udhagamandalam(Uzhavar Sandhai ),Snakeguard,Snakeguard,Local,06-09-2026,3000,3600,3300
Tamil Nadu,The Nilgiris,Udhagamandalam(Uzhavar Sandhai ),Beetroot,Beetroot,Local,06-09-2026,4500,5000,4750
Tamil Nadu,The Nilgiris,Udhagamandalam(Uzhavar Sandhai ),Pineapple,Pine Apple,Local,06-09-2026,8000,9000,8500
Tamil Nadu,The Nilgiris,Udhagamandalam(Uzhavar Sandhai ),Bitter gourd,Bitter Gourd,Local,06-09-2026,4500,4800,4650
Tamil Nadu,The Nilgiris,Udhagamandalam(Uzhavar Sandhai ),Thondekai,Thondekai,Local,06-09-2026,3000,3500,3250
Tamil Nadu,The Nilgiris,Udhagamandalam(Uzhavar Sandhai ),Green Avare(W),Green Avare (W),Local,06-09-2026,5500,6000,5750
Tamil Nadu,The Nilgiris,Udhagamandalam(Uzhavar Sandhai ),Chow Chow,Chow Chow,Local,06-09-2026,2000,2500,2250
Tamil Nadu,The Nilgiris,Udhagamandalam(Uzhavar Sandhai ),Drumstick,Drumstick,Local,06-09-2026,2800,3200,3000
Tamil Nadu,The Nilgiris,Udhagamandalam(Uzhavar Sandhai ),Mango(Raw-Ripe),Mango - Raw-Ripe,Local,06-09-2026,8000,10000,9000
Tamil Nadu,The Nilgiris,Udhagamandalam(Uzhavar Sandhai ),Guava,Guava Allahabad,Local,06-09-2026,7000,8000,7500
Tamil Nadu,The Nilgiris,Udhagamandalam(Uzhavar Sandhai ),Amla(Nelli Kai),Amla,Local,06-09-2026,8000,9000,8500
Tamil Nadu,The Nilgiris,Udhagamandalam(Uzhavar Sandhai ),Onion Green,Onion Green,Local,06-09-2026,7000,7500,7250
Tamil Nadu,Theni,Andipatti(Uzhavar Sandhai ),Coconut,Coconut,Local,06-09-2026,5400,5600,5500
Tamil Nadu,Theni,Andipatti(Uzhavar Sandhai ),Cabbage,Cabbage,Local,06-09-2026,2600,2800,2700
Tamil Nadu,Theni,Andipatti(Uzhavar Sandhai ),Bitter gourd,Other,Local,06-09-2026,3400,3600,3500
Tamil Nadu,Theni,Andipatti(Uzhavar Sandhai ),Bottle gourd,Bottle Gourd,Local,06-09-2026,2000,2200,2100
Tamil Nadu,Theni,Bodinayakanur(Uzhavar Sandhai ),Snakeguard,Snakeguard,Local,06-09-2026,2400,2400,2400
Tamil Nadu,Theni,Bodinayakanur(Uzhavar Sandhai ),Banana,Besrai,Local,06-09-2026,6000,6000,6000
Tamil Nadu,Theni,Bodinayakanur(Uzhavar Sandhai ),Papaya,Papaya,Local,06-09-2026,3000,3000,3000
Tamil Nadu,Theni,Bodinayakanur(Uzhavar Sandhai ),Bitter gourd,Bitter Gourd,Local,06-09-2026,3600,3600,3600
Tamil Nadu,Theni,Bodinayakanur(Uzhavar Sandhai ),Ashgourd,Gouard,Local,06-09-2026,1500,1500,1500
Tamil Nadu,Theni,Bodinayakanur(Uzhavar Sandhai ),Green Chilli,Green Chilly,Local,06-09-2026,4500,4500,4500
Tamil Nadu,Theni,Bodinayakanur(Uzhavar Sandhai ),Thondekai,Thondekai,Local,06-09-2026,3800,3800,3800
Tamil Nadu,Thiruvarur,Needamangalam(Uzhavar Sandhai ),Brinjal,Round,Local,06-09-2026,4000,4000,4000
Tamil Nadu,Thiruvarur,Needamangalam(Uzhavar Sandhai ),Pumpkin,Pumpkin,Local,06-09-2026,2800,2800,2800
Tamil Nadu,Thiruvarur,Needamangalam(Uzhavar Sandhai ),Banana - Green,Banana - Green,Local,06-09-2026,4000,4000,4000
Tamil Nadu,Thiruvarur,Needamangalam(Uzhavar Sandhai ),Mango(Raw-Ripe),Mango - Raw-Ripe,Local,06-09-2026,9000,9000,9000
Tamil Nadu,Thiruvarur,Tiruvarur(Uzhavar Sandhai ),Ridgeguard(Tori),Ridgeguard(Tori),Local,06-09-2026,4500,4500,4500
Tamil Nadu,Thiruvarur,Tiruvarur(Uzhavar Sandhai ),Pumpkin,Pumpkin,Local,06-09-2026,2800,2800,2800
Tamil Nadu,Thiruvarur,Tiruvarur(Uzhavar Sandhai ),Amaranthus,Amaranthus,Local,06-09-2026,1500,2000,1750
Tamil Nadu,Thiruvarur,Tiruvarur(Uzhavar Sandhai ),Lemon,Lemon,Local,06-09-2026,16000,16000,16000
Uttar Pradesh,Bahraich,Bahraich APMC,Paddy(Common),Other,FAQ,06-09-2026,2000,2000,2000
West Bengal,Murshidabad,Kasimbazar APMC,Wheat,Sonalika,FAQ,06-09-2026,2700,2800,2750
NCT of Delhi,Delhi,"Fish,Poultry & Egg Market, Gazipur APMC",Hen,Boiler/Firm(White),Local,06-09-2026,3000,3800,3400
Tamil Nadu,Virudhunagar,Aruppukottai(Uzhavar Sandhai ),Brinjal,Round,Local,06-09-2026,4500,5000,4750
Tamil Nadu,Virudhunagar,Aruppukottai(Uzhavar Sandhai ),Raddish,Raddish,Local,06-09-2026,3000,3500,3250
Tamil Nadu,Virudhunagar,Aruppukottai(Uzhavar Sandhai ),Ginger(Green),Green Ginger,Local,06-09-2026,17000,18000,17500
Tamil Nadu,Virudhunagar,Aruppukottai(Uzhavar Sandhai ),Drumstick,Drumstick,Local,06-09-2026,3500,4000,3750
Tamil Nadu,Virudhunagar,Aruppukottai(Uzhavar Sandhai ),Lime,Lime,Local,06-09-2026,15000,16000,15500
Tamil Nadu,Virudhunagar,Aruppukottai(Uzhavar Sandhai ),Elephant Yam(Suran)/Amorphophallus,Elephant Yam (Suran),Local,06-09-2026,4500,5000,4750
Tamil Nadu,Virudhunagar,Aruppukottai(Uzhavar Sandhai ),Lemon,Lemon,Local,06-09-2026,19000,20000,19500
Tamil Nadu,Virudhunagar,Aruppukottai(Uzhavar Sandhai ),Onion Green,Onion Green,Local,06-09-2026,7500,8000,7750
Tamil Nadu,Villupuram,Gingee(Uzhavar Sandhai ),Beetroot,Beetroot,Local,06-09-2026,4500,4500,4500
Tamil Nadu,Villupuram,Gingee(Uzhavar Sandhai ),Ashgourd,Gouard,Local,06-09-2026,2500,2500,2500
Tamil Nadu,Villupuram,Gingee(Uzhavar Sandhai ),Green Chilli,Green Chilly,Local,06-09-2026,5000,5000,5000
Tamil Nadu,Villupuram,Gingee(Uzhavar Sandhai ),Banana - Green,Banana - Green,Local,06-09-2026,4000,4000,4000
Tamil Nadu,Villupuram,Gingee(Uzhavar Sandhai ),Thondekai,Thondekai,Local,06-09-2026,3500,3500,3500
Tamil Nadu,Villupuram,Gingee(Uzhavar Sandhai ),Guava,Guava Allahabad,Local,06-09-2026,6000,7000,6500
Tamil Nadu,Villupuram,Gingee(Uzhavar Sandhai ),Yam(Ratalu),Yam (Ratalu),Local,06-09-2026,6000,6000,6000
Tamil Nadu,Villupuram,Gingee(Uzhavar Sandhai ),Colacasia,Colacasia,Local,06-09-2026,6000,6000,6000
Uttar Pradesh,Bareilly,Bareilly APMC,Firewood,Firewood,FAQ,06-09-2026,400,400,400
Uttar Pradesh,Barabanki,Barabanki APMC,Wood,Other,FAQ,06-09-2026,500,500,500
Tamil Nadu,Thiruvarur,Valangaiman APMC,Bitter gourd,Bitter Gourd,Local,06-09-2026,5000,5000,5000
Tamil Nadu,Thiruvarur,Valangaiman APMC,Pumpkin,Pumpkin,Local,06-09-2026,2400,2400,2400
Tamil Nadu,Thiruvarur,Valangaiman APMC,Bhindi(Ladies Finger),Bhindi,Local,06-09-2026,4000,4000,4000
Tamil Nadu,Thiruvarur,Valangaiman APMC,Amaranthus,Amaranthus,Local,06-09-2026,2000,2000,2000
Tamil Nadu,Virudhunagar,Kariyapatti(Uzhavar Sandhai ),Cabbage,Cabbage,Local,06-09-2026,3500,4000,3750
Tamil Nadu,Virudhunagar,Kariyapatti(Uzhavar Sandhai ),Brinjal,Round,Local,06-09-2026,4500,5000,4750
Tamil Nadu,Virudhunagar,Kariyapatti(Uzhavar Sandhai ),Chikoos(Sapota),Sapota,Local,06-09-2026,3500,4000,3750
Tamil Nadu,Virudhunagar,Kariyapatti(Uzhavar Sandhai ),Papaya,Papaya,Local,06-09-2026,3000,3500,3250
Tamil Nadu,Virudhunagar,Kariyapatti(Uzhavar Sandhai ),Pumpkin,Pumpkin,Local,06-09-2026,2500,3000,2750
Tamil Nadu,Virudhunagar,Kariyapatti(Uzhavar Sandhai ),Amaranthus,Amaranthus,Local,06-09-2026,3000,3500,3250
Tamil Nadu,Virudhunagar,Kariyapatti(Uzhavar Sandhai ),Beans,Beans (Whole),Local,06-09-2026,9500,10000,9750
Tamil Nadu,Virudhunagar,Kariyapatti(Uzhavar Sandhai ),Raddish,Raddish,Local,06-09-2026,3000,3500,3250
Uttar Pradesh,Bulandshahar,Buland Shahr APMC,Tomato,Other,FAQ,06-09-2026,2000,2000,2000
Uttar Pradesh,Gautam Budh Nagar,Dankaur APMC,Paddy(Common),SuperFine(Basmati),FAQ,06-09-2026,4010,4060,4034.86
Madhya Pradesh,Dhar,Manawar(F&V) APMC,Onion,Onion,Grade B,06-09-2026,2800,3500,2900
Madhya Pradesh,Dhar,Manawar(F&V) APMC,Potato,Potato,Grade B,06-09-2026,1150,1200,1167
Madhya Pradesh,Dhar,Manawar(F&V) APMC,Brinjal,Brinjal,Grade B,06-09-2026,700,850,727
Tamil Nadu,Vellore,Katpadi (Uzhavar Sandhai ),Sweet Potato,Hosur Red,Local,06-09-2026,3000,3000,3000
Tamil Nadu,Vellore,Katpadi (Uzhavar Sandhai ),Snakeguard,Snakeguard,Local,06-09-2026,3000,3000,3000
Tamil Nadu,Vellore,Katpadi (Uzhavar Sandhai ),Apple,American,Local,06-09-2026,25000,25000,25000
Tamil Nadu,Vellore,Katpadi (Uzhavar Sandhai ),Onion,Bellary,Local,06-09-2026,6000,6000,6000
Tamil Nadu,Vellore,Katpadi (Uzhavar Sandhai ),Papaya,Papaya,Local,06-09-2026,4000,4500,4250
Tamil Nadu,Vellore,Katpadi (Uzhavar Sandhai ),Tomato,Deshi,Local,06-09-2026,3000,3000,3000
Tamil Nadu,Vellore,Katpadi (Uzhavar Sandhai ),Cowpea(Veg),Cowpea (Veg),Local,06-09-2026,5000,5000,5000
Tamil Nadu,Vellore,Katpadi (Uzhavar Sandhai ),Beans,Beans (Whole),Local,06-09-2026,9000,9000,9000
Tamil Nadu,Vellore,Katpadi (Uzhavar Sandhai ),Tapioca,Tapioca,Local,06-09-2026,3500,3500,3500
Tamil Nadu,Vellore,Katpadi (Uzhavar Sandhai ),Coconut,Coconut,Local,06-09-2026,3000,3500,3250
Tamil Nadu,Vellore,Katpadi (Uzhavar Sandhai ),Knool Khol,Knool Khol,Local,06-09-2026,2000,2000,2000
Tamil Nadu,Vellore,Katpadi (Uzhavar Sandhai ),Guava,Guava Allahabad,Local,06-09-2026,4500,5000,4750
Tamil Nadu,Vellore,Katpadi (Uzhavar Sandhai ),Colacasia,Colacasia,Local,06-09-2026,4000,4000,4000
Tamil Nadu,Madurai,Thirumangalam(Uzhavar Sandhai ),Coconut,Coconut,Local,06-09-2026,6000,7000,6500
Tamil Nadu,Madurai,Thirumangalam(Uzhavar Sandhai ),Amaranthus,Amaranthus,Local,06-09-2026,3000,3600,3300
Tamil Nadu,Madurai,Thirumangalam(Uzhavar Sandhai ),Raddish,Raddish,Local,06-09-2026,2500,2800,2650
Tamil Nadu,Madurai,Thirumangalam(Uzhavar Sandhai ),Green Avare(W),Green Avare (W),Local,06-09-2026,8000,9000,8500
Tamil Nadu,Madurai,Thirumangalam(Uzhavar Sandhai ),Elephant Yam(Suran)/Amorphophallus,Elephant Yam (Suran),Local,06-09-2026,4000,4500,4250
Tamil Nadu,Madurai,Thirumangalam(Uzhavar Sandhai ),Yam(Ratalu),Yam (Ratalu),Local,06-09-2026,6000,7000,6500
Tamil Nadu,Madurai,Thirumangalam(Uzhavar Sandhai ),Amla(Nelli Kai),Amla,Local,06-09-2026,7000,8000,7500
Tamil Nadu,Madurai,Melur(Uzhavar Sandhai ),Sweet Potato,Hosur Red,Local,06-09-2026,5500,6000,5750
Tamil Nadu,Madurai,Melur(Uzhavar Sandhai ),Onion,Bellary,Local,06-09-2026,6000,6500,6250
Tamil Nadu,Madurai,Melur(Uzhavar Sandhai ),Green Chilli,Green Chilly,Local,06-09-2026,4500,5000,4750
Tamil Nadu,Madurai,Melur(Uzhavar Sandhai ),Colacasia,Colacasia,Local,06-09-2026,5000,6000,5500
Tamil Nadu,Salem,Vazhapadi(Uzhavar Sandhai),Snakeguard,Snakeguard,Local,06-09-2026,2500,3000,2750
Tamil Nadu,Salem,Vazhapadi(Uzhavar Sandhai),Ridgeguard(Tori),Ridgeguard(Tori),Local,06-09-2026,3500,4000,3750
Tamil Nadu,Salem,Vazhapadi(Uzhavar Sandhai),Onion,Bellary,Local,06-09-2026,5500,6000,5750
Tamil Nadu,Salem,Vazhapadi(Uzhavar Sandhai),Garlic,Garlic,Local,06-09-2026,25000,25000,25000
Tamil Nadu,Salem,Vazhapadi(Uzhavar Sandhai),Green Chilli,Green Chilly,Local,06-09-2026,4000,4500,4250
Tamil Nadu,Salem,Vazhapadi(Uzhavar Sandhai),Ginger(Green),Green Ginger,Local,06-09-2026,10000,16000,13000
Tamil Nadu,Salem,Vazhapadi(Uzhavar Sandhai),Drumstick,Drumstick,Local,06-09-2026,2000,2000,2000
Tamil Nadu,Karur,Gandhigramam(Uzhavar Sandhai),Beetroot,Beetroot,Local,06-09-2026,6500,7000,6750
Tamil Nadu,Karur,Gandhigramam(Uzhavar Sandhai),Banana,Other,Local,06-09-2026,5000,6000,5500
Tamil Nadu,Karur,Gandhigramam(Uzhavar Sandhai),Coriander(Leaves),I Sort,Local,06-09-2026,5500,6000,5750
Tamil Nadu,Karur,Gandhigramam(Uzhavar Sandhai),Pumpkin,Pumpkin,Local,06-09-2026,2000,2500,2250
Tamil Nadu,Karur,Gandhigramam(Uzhavar Sandhai),Lemon,Lemon,Local,06-09-2026,25000,28000,26500
Tamil Nadu,Karur,Gandhigramam(Uzhavar Sandhai),Onion Green,Onion Green,Local,06-09-2026,7500,8000,7750
Tamil Nadu,Karur,Gandhigramam(Uzhavar Sandhai),Baby Corn,Baby Corn,Grade A,06-09-2026,3500,4000,3750
Karnataka,Bengaluru South,Ramanagara APMC,Beans,Beans (Whole),Local,06-09-2026,4000,6000,5000
Karnataka,Bengaluru South,Ramanagara APMC,Raddish,Raddish,Local,06-09-2026,2000,3500,3000
Karnataka,Bengaluru South,Ramanagara APMC,Capsicum,Capsicum,Local,06-09-2026,3000,4500,4000
Karnataka,Bengaluru South,Ramanagara APMC,Green Avare(W),Green Avare (W),Local,06-09-2026,3400,4000,3600
Tamil Nadu,Pudukkottai,Aranthangi(Uzhavar Sandhai ),Banana,Karpura,Local,06-09-2026,4500,5000,4750
Tamil Nadu,Pudukkottai,Aranthangi(Uzhavar Sandhai ),Bhindi(Ladies Finger),Bhindi,Local,06-09-2026,3500,4000,3750
Tamil Nadu,Pudukkottai,Aranthangi(Uzhavar Sandhai ),Drumstick,Drumstick,Local,06-09-2026,5000,6000,5500
Tamil Nadu,Pudukkottai,Aranthangi(Uzhavar Sandhai ),Lemon,Lemon,Local,06-09-2026,13000,14000,13500
Tamil Nadu,Pudukkottai,Aranthangi(Uzhavar Sandhai ),Onion Green,Onion Green,Local,06-09-2026,7000,8000,7500
Keralam,Malappuram,Parappanangadi VFPCK Market,Banana,Nendra Bale,Local,06-09-2026,4600,4800,4700
Tamil Nadu,Nagapattinam,Vedaranyam(Uzhavar Sandhai),Ridgeguard(Tori),Ridgeguard(Tori),Local,06-09-2026,5000,5000,5000
Tamil Nadu,Nagapattinam,Vedaranyam(Uzhavar Sandhai),Onion,Bellary,Local,06-09-2026,3000,3500,3250
Tamil Nadu,Nagapattinam,Vedaranyam(Uzhavar Sandhai),Tomato,Deshi,Local,06-09-2026,3600,3600,3600
Tamil Nadu,Nagapattinam,Vedaranyam(Uzhavar Sandhai),Bitter gourd,Bitter Gourd,Local,06-09-2026,4000,4500,4250
Tamil Nadu,Nagapattinam,Vedaranyam(Uzhavar Sandhai),Bottle gourd,Bottle Gourd,Local,06-09-2026,2800,2800,2800
Tamil Nadu,Nagapattinam,Vedaranyam(Uzhavar Sandhai),Green Chilli,Green Chilly,Local,06-09-2026,3800,4500,4150
Tamil Nadu,Nagapattinam,Vedaranyam(Uzhavar Sandhai),Drumstick,Drumstick,Local,06-09-2026,3000,3500,3250
Tamil Nadu,Vellore,Perampet(Uzhavar Sandhai),Carrot,Pusakesar,Local,06-09-2026,5000,5600,5300
Tamil Nadu,Vellore,Perampet(Uzhavar Sandhai),Tomato,Deshi,Local,06-09-2026,2000,2400,2200
Tamil Nadu,Vellore,Perampet(Uzhavar Sandhai),Cluster beans,Cluster Beans,Local,06-09-2026,3000,3600,3300
Tamil Nadu,Vellore,Perampet(Uzhavar Sandhai),Bottle gourd,Bottle Gourd,Local,06-09-2026,2000,2000,2000
Tamil Nadu,Vellore,Perampet(Uzhavar Sandhai),Beans,Beans (Whole),Local,06-09-2026,6000,7000,6500
Tamil Nadu,Vellore,Perampet(Uzhavar Sandhai),Ginger(Green),Green Ginger,Local,06-09-2026,19000,20000,19500
Uttar Pradesh,Ayodhya,Ayodhya APMC,Wheat,Other,FAQ,06-09-2026,2500,2500,2500
Maharashtra,Pune,Pune(Pimpri) ,Bottle gourd,Other,Local,06-09-2026,2000,2000,2000
Maharashtra,Pune,Pune(Pimpri) ,Tomato,Local,Local,06-09-2026,1000,1600,1300
Tamil Nadu,Karur,Kulithalai(Uzhavar Sandhai ),Carrot,Pusakesar,Local,06-09-2026,6000,7000,6500
Tamil Nadu,Karur,Kulithalai(Uzhavar Sandhai ),Ridgeguard(Tori),Ridgeguard(Tori),Local,06-09-2026,4600,5000,4800
Tamil Nadu,Karur,Kulithalai(Uzhavar Sandhai ),Brinjal,Other,Local,06-09-2026,2800,3200,3000
Tamil Nadu,Karur,Kulithalai(Uzhavar Sandhai ),Chikoos(Sapota),Sapota,Local,06-09-2026,4500,5000,4750
Tamil Nadu,Karur,Kulithalai(Uzhavar Sandhai ),Tomato,Deshi,Local,06-09-2026,2800,3000,2900
Tamil Nadu,Karur,Kulithalai(Uzhavar Sandhai ),Pumpkin,Pumpkin,Local,06-09-2026,2500,3000,2750
Tamil Nadu,Karur,Kulithalai(Uzhavar Sandhai ),Green Chilli,Green Chilly,Local,06-09-2026,4600,5000,4800
Tamil Nadu,Karur,Kulithalai(Uzhavar Sandhai ),Beans,Beans (Whole),Local,06-09-2026,7000,8000,7500
Tamil Nadu,Karur,Kulithalai(Uzhavar Sandhai ),Thondekai,Thondekai,Local,06-09-2026,4500,5000,4750
Tamil Nadu,Karur,Kulithalai(Uzhavar Sandhai ),Turnip,Turnip,Local,06-09-2026,4000,5000,4500
Tamil Nadu,Chengalpattu,Guduvancheri(Uzhavar Sandhai ),Tomato,Other,Local,06-09-2026,2500,3000,2750
Tamil Nadu,Chengalpattu,Guduvancheri(Uzhavar Sandhai ),Ashgourd,Gouard,Local,06-09-2026,2000,2500,2250
Tamil Nadu,Chengalpattu,Guduvancheri(Uzhavar Sandhai ),Thondekai,Thondekai,Local,06-09-2026,4000,5000,4500
Tamil Nadu,Chengalpattu,Guduvancheri(Uzhavar Sandhai ),Drumstick,Drumstick,Local,06-09-2026,6000,7000,6500
Tamil Nadu,Thirupur,Dharapuram(Uzhavar Sandhai ),Coconut,Coconut,Local,06-09-2026,5500,6000,5750
Tamil Nadu,Thirupur,Dharapuram(Uzhavar Sandhai ),Snakeguard,Snakeguard,Local,06-09-2026,3500,4000,3750
Tamil Nadu,Thirupur,Dharapuram(Uzhavar Sandhai ),Brinjal,Round,Local,06-09-2026,5000,5500,5250
Tamil Nadu,Thirupur,Dharapuram(Uzhavar Sandhai ),Bhindi(Ladies Finger),Bhindi,Local,06-09-2026,4500,5000,4750
Tamil Nadu,Thirupur,Dharapuram(Uzhavar Sandhai ),Green Chilli,Green Chilly,Local,06-09-2026,4500,5000,4750
Tamil Nadu,Thirupur,Dharapuram(Uzhavar Sandhai ),Beans,Beans (Whole),Local,06-09-2026,7500,8000,7750
Tamil Nadu,Thirupur,Dharapuram(Uzhavar Sandhai ),Ginger(Green),Green Ginger,Local,06-09-2026,15000,16000,15500
Tamil Nadu,Thirupur,Dharapuram(Uzhavar Sandhai ),Chow Chow,Chow Chow,Local,06-09-2026,3000,3500,3250
Tamil Nadu,Thirupur,Dharapuram(Uzhavar Sandhai ),Mint(Pudina),Mint(Pudina),Local,06-09-2026,2500,3000,2750
Tamil Nadu,Thirupur,Palladam(Uzhavar Sandhai ),Banana,Karpura,Local,06-09-2026,5000,6000,5500
Tamil Nadu,Thirupur,Palladam(Uzhavar Sandhai ),Coriander(Leaves),I Sort,Local,06-09-2026,3500,4000,3750
Tamil Nadu,Thirupur,Palladam(Uzhavar Sandhai ),Pumpkin,Pumpkin,Local,06-09-2026,1500,2000,1750
Tamil Nadu,Thirupur,Palladam(Uzhavar Sandhai ),Ginger(Green),Green Ginger,Local,06-09-2026,15000,16000,15500
Tamil Nadu,Thirupur,Palladam(Uzhavar Sandhai ),Drumstick,Drumstick,Local,06-09-2026,2500,3000,2750
Telangana,Ranga Reddy,"Saroornagar,RBZ",Cluster beans,Cluster Beans,Medium,06-09-2026,2800,2800,2800
Telangana,Ranga Reddy,"Saroornagar,RBZ",Cauliflower,Cauliflower,Medium,06-09-2026,2100,2100,2100
Telangana,Ranga Reddy,"Saroornagar,RBZ",Onion,Other,Medium,06-09-2026,4000,4000,4000
Telangana,Ranga Reddy,"Saroornagar,RBZ",Snakeguard,Snakeguard,Medium,06-09-2026,2300,2300,2300
Uttar Pradesh,Ghaziabad,Hapur APMC,Firewood,Firewood,FAQ,06-09-2026,500,500,500
Uttar Pradesh,Bulandshahar,Jahangirabad APMC,Paddy(Common),Other,FAQ,06-09-2026,3651,3651,3651
Uttar Pradesh,Prayagraj,Lediyari APMC,Broken Rice,Broken Rice,FAQ,06-09-2026,1600,1600,1600
Tamil Nadu,Kallakuruchi,Kallakurichi(Uzhavar Sandhai ),Snakeguard,Snakeguard,Local,06-09-2026,4000,4000,4000
Tamil Nadu,Kallakuruchi,Kallakurichi(Uzhavar Sandhai ),Tapioca,Tapioca,Local,06-09-2026,3000,3000,3000
Tamil Nadu,Kallakuruchi,Kallakurichi(Uzhavar Sandhai ),Drumstick,Drumstick,Local,06-09-2026,3000,3000,3000
Tamil Nadu,Kallakuruchi,Kallakurichi(Uzhavar Sandhai ),Karbuja(Musk Melon),Karbhuja,Local,06-09-2026,5000,5000,5000
Tamil Nadu,Kallakuruchi,Kallakurichi(Uzhavar Sandhai ),Colacasia,Colacasia,Local,06-09-2026,4000,4000,4000
Andhra Pradesh,Eluru,Kaikaluru APMC,Paddy(Common),MTU-1001,Local,06-09-2026,2440,2440,2440
Andhra Pradesh,Srikakulam,Jalumuru APMC,Paddy(Common),1121,FAQ,06-09-2026,2369,2369,2369
Andhra Pradesh,Bapatla,Chirala APMC,Paddy(Common),B P T,Local,06-09-2026,2400,2500,2450
Andhra Pradesh,Srikakulam,Kothabommali APMC,Paddy(Common),Paddy,Local,06-09-2026,3500,3500,3500
Andhra Pradesh,Markapuram,Kanigiri APMC,Red gram/Arhar/Tur(whole),(Whole),Local,06-09-2026,8600,8800,8700
Andhra Pradesh,Kakinada,Pithapuram APMC,Paddy(Common),B P T,FAQ,06-09-2026,2369,2389,2379
Uttar Pradesh,Balrampur,Panchpedwa APMC,Wood,Other,FAQ,06-09-2026,610,610,610
Andhra Pradesh,Anakapally,Yellamanchili APMC,Paddy(Common),1001,Local,06-09-2026,2390,2450,2400
Tripura,South Tripura,Kalsi APMC,Bitter gourd,Other,FAQ,06-09-2026,5800,5900,5850
Tripura,South Tripura,Kalsi APMC,Brinjal,Other,FAQ,06-09-2026,1250,1380,1320
Tamil Nadu,Salem,Athur(Uzhavar Sandhai ),Cabbage,Cabbage,Local,06-09-2026,2500,3000,2750
Tamil Nadu,Salem,Athur(Uzhavar Sandhai ),Cauliflower,Ranchi,Local,06-09-2026,3000,3500,3250
Tamil Nadu,Salem,Athur(Uzhavar Sandhai ),Papaya,Papaya,Local,06-09-2026,3500,4000,3750
Tamil Nadu,Salem,Athur(Uzhavar Sandhai ),Mousambi(Sweet Lime),Mousambi,Local,06-09-2026,6000,7000,6500
Tamil Nadu,Salem,Athur(Uzhavar Sandhai ),Bitter gourd,Other,Local,06-09-2026,4500,5000,4750
Tamil Nadu,Salem,Athur(Uzhavar Sandhai ),Bhindi(Ladies Finger),Bhindi,Local,06-09-2026,2500,2800,2650
Tamil Nadu,Salem,Athur(Uzhavar Sandhai ),Green Chilli,Green Chilly,Local,06-09-2026,3500,4000,3750
Tamil Nadu,Salem,Athur(Uzhavar Sandhai ),Green Avare(W),Green Avare (W),Local,06-09-2026,7000,7500,7250
Tamil Nadu,Salem,Athur(Uzhavar Sandhai ),Chow Chow,Chow Chow,Local,06-09-2026,3500,4000,3750
Tamil Nadu,Salem,Athur(Uzhavar Sandhai ),Lemon,Lemon,Local,06-09-2026,7500,8000,7750
Tamil Nadu,Salem,Athur(Uzhavar Sandhai ),Tube Rose(Loose),Tube Rose (Loose),Local,06-09-2026,16000,24000,20000
Tamil Nadu,Theni,Periyakulam(Uzhavar Sandhai ),Cabbage,Cabbage,Local,06-09-2026,2600,2800,2700
Tamil Nadu,Theni,Periyakulam(Uzhavar Sandhai ),Papaya,Papaya,Local,06-09-2026,3000,3000,3000
Tamil Nadu,Theni,Periyakulam(Uzhavar Sandhai ),Bottle gourd,Bottle Gourd,Local,06-09-2026,2000,2200,2100
Tamil Nadu,Theni,Periyakulam(Uzhavar Sandhai ),Pumpkin,Pumpkin,Local,06-09-2026,1600,1800,1700
Tamil Nadu,Theni,Periyakulam(Uzhavar Sandhai ),Chow Chow,Chow Chow,Local,06-09-2026,2400,2600,2500
Tamil Nadu,Virudhunagar,Srivilliputhur(Uzhavar Sandhai ),Cabbage,Cabbage,Local,06-09-2026,3000,3500,3250
Tamil Nadu,Virudhunagar,Srivilliputhur(Uzhavar Sandhai ),Snakeguard,Snakeguard,Local,06-09-2026,3500,4000,3750
Tamil Nadu,Virudhunagar,Srivilliputhur(Uzhavar Sandhai ),Ridgeguard(Tori),Ridgeguard(Tori),Local,06-09-2026,4500,5000,4750
Tamil Nadu,Virudhunagar,Srivilliputhur(Uzhavar Sandhai ),Banana,Besrai,Local,06-09-2026,3500,4000,3750
Tamil Nadu,Virudhunagar,Srivilliputhur(Uzhavar Sandhai ),Brinjal,Round,Local,06-09-2026,3500,4000,3750
Tamil Nadu,Virudhunagar,Srivilliputhur(Uzhavar Sandhai ),Papaya,Papaya,Local,06-09-2026,2500,3000,2750
Tamil Nadu,Virudhunagar,Srivilliputhur(Uzhavar Sandhai ),Green Chilli,Green Chilly,Local,06-09-2026,4500,5000,4750
Tamil Nadu,Virudhunagar,Srivilliputhur(Uzhavar Sandhai ),Banana - Green,Banana - Green,Local,06-09-2026,2500,3000,2750
Tamil Nadu,Virudhunagar,Srivilliputhur(Uzhavar Sandhai ),Green Avare(W),Green Avare (W),Local,06-09-2026,5000,6000,5500
Tamil Nadu,Virudhunagar,Srivilliputhur(Uzhavar Sandhai ),Chow Chow,Chow Chow,Local,06-09-2026,3500,4000,3750
Tamil Nadu,Virudhunagar,Srivilliputhur(Uzhavar Sandhai ),Guava,Guava Allahabad,Local,06-09-2026,4500,5000,4750
Tamil Nadu,Virudhunagar,Srivilliputhur(Uzhavar Sandhai ),Tender Coconut,Tender Coconut,Local,06-09-2026,2000,2500,2250
Uttar Pradesh,Kanpur Dehat,Rura APMC,Wheat,Other,FAQ,06-09-2026,2500,2500,2500
Uttar Pradesh,Rampur,Rampur APMC,Firewood,Firewood,FAQ,06-09-2026,400,450,416.91
Uttar Pradesh,Ayodhya,Rudauli APMC,Wheat,Dara,FAQ,06-09-2026,2475,2475,2475
Uttar Pradesh,Barabanki,Safdarganj APMC,Garlic,Other,FAQ,06-09-2026,4200,4200,4200
Uttar Pradesh,Rampur,Shahabad APMC,Firewood,Firewood,FAQ,06-09-2026,470,470,470
Uttar Pradesh,Hardoi,Sandila APMC,Wood,Other,FAQ,06-09-2026,620,620,620
Punjab,Sangrur,Bhawanigarh APMC,Bhindi(Ladies Finger),Other,Medium,06-09-2026,2500,2700,2600
Punjab,Sangrur,Bhawanigarh APMC,Coriander(Leaves),Coriander,Medium,06-09-2026,5000,5200,5100
Punjab,Sangrur,Bhawanigarh APMC,Cucumbar(Kheera),Other,Local,06-09-2026,2500,3500,3000
Punjab,Sangrur,Bhawanigarh APMC,Garlic,Other,Grade Range-2,06-09-2026,12000,12400,12200
Punjab,Sangrur,Bhawanigarh APMC,Onion,Other,Medium,06-09-2026,3500,4000,3750
West Bengal,North 24 Parganas,Habra APMC,Brinjal,Brinjal,FAQ,06-09-2026,3500,3500,3500
West Bengal,Murshidabad,Jangipur APMC,Paddy(Common),I.R. 36,FAQ,06-09-2026,2400,2500,2450
West Bengal,Murshidabad,Jangipur APMC,Potato,Jyoti,FAQ,06-09-2026,1350,1450,1400
West Bengal,Bankura,Khatra APMC,Cucumbar(Kheera),Cucumbar,FAQ,06-09-2026,2500,3200,3000
West Bengal,Bankura,Khatra APMC,Brinjal,Round/Long,FAQ,06-09-2026,2800,3500,3200
West Bengal,Paschim Bardhaman,Durgapur APMC,Mustard Oil,Other,FAQ,06-09-2026,17500,18500,18000
West Bengal,Paschim Bardhaman,Durgapur APMC,Mustard,Other,FAQ,06-09-2026,6250,6500,6400
West Bengal,Paschim Bardhaman,Durgapur APMC,Rice,Fine,FAQ,06-09-2026,4685,4850,4750
West Bengal,Paschim Bardhaman,Durgapur APMC,Wheat,Kalyan,FAQ,06-09-2026,2600,2800,2750
Tamil Nadu,Coimbatore,Vadavalli(Uzhavar Sandhai ),Sweet Potato,Hosur Red,Local,06-09-2026,4500,5000,4750
Tamil Nadu,Coimbatore,Vadavalli(Uzhavar Sandhai ),Cabbage,Cabbage,Local,06-09-2026,2000,2400,2200
Tamil Nadu,Coimbatore,Vadavalli(Uzhavar Sandhai ),Cucumbar(Kheera),Cucumbar,Local,06-09-2026,3400,3800,3600
Tamil Nadu,Coimbatore,Vadavalli(Uzhavar Sandhai ),Coriander(Leaves),I Sort,Local,06-09-2026,3500,4000,3750
Tamil Nadu,Coimbatore,Vadavalli(Uzhavar Sandhai ),Cluster beans,Cluster Beans,Local,06-09-2026,3200,3600,3400
Tamil Nadu,Coimbatore,Vadavalli(Uzhavar Sandhai ),Ashgourd,Gouard,Local,06-09-2026,1800,2000,1900
Tamil Nadu,Coimbatore,Vadavalli(Uzhavar Sandhai ),Green Chilli,Green Chilly,Local,06-09-2026,3800,4400,4100
Tamil Nadu,Coimbatore,Vadavalli(Uzhavar Sandhai ),Capsicum,Capsicum,Local,06-09-2026,4400,4800,4600
Tamil Nadu,Coimbatore,Vadavalli(Uzhavar Sandhai ),Guava,Guava Allahabad,Local,06-09-2026,4500,5500,5000
Tamil Nadu,Coimbatore,Vadavalli(Uzhavar Sandhai ),Elephant Yam(Suran)/Amorphophallus,Elephant Yam (Suran),Local,06-09-2026,3400,4000,3700
Tamil Nadu,Coimbatore,Vadavalli(Uzhavar Sandhai ),Lemon,Lemon,Local,06-09-2026,18000,19000,18500
Tamil Nadu,Coimbatore,Vadavalli(Uzhavar Sandhai ),Amla(Nelli Kai),Amla,Local,06-09-2026,8500,9000,8750
West Bengal,Darjeeling,Karsiyang(Matigara) APMC,Onion,Nasik,FAQ,06-09-2026,5900,6100,6000
Tamil Nadu,Dindigul,Vedasanthur(Uzhavar Sandhai ),Bottle gourd,Bottle Gourd,Local,06-09-2026,1000,1200,1100
Tamil Nadu,Dindigul,Vedasanthur(Uzhavar Sandhai ),Pumpkin,Pumpkin,Local,06-09-2026,1200,1600,1400
Haryana,Kaithal,Dhand APMC,Potato,Other,Medium,06-09-2026,1000,1100,1090
Tamil Nadu,Coimbatore,Udumalpet APMC,Sweet Potato,Hosur Red,Local,06-09-2026,6000,6500,6250
Tamil Nadu,Coimbatore,Udumalpet APMC,Cucumbar(Kheera),Cucumbar,Local,06-09-2026,4000,5000,4500
Tamil Nadu,Coimbatore,Udumalpet APMC,Bitter gourd,Bitter Gourd,Local,06-09-2026,5000,6500,5750
Tamil Nadu,Coimbatore,Udumalpet APMC,Ashgourd,Gouard,Local,06-09-2026,1500,2000,1750
Tamil Nadu,Coimbatore,Udumalpet APMC,Bhindi(Ladies Finger),Bhindi,Local,06-09-2026,4000,4500,4250
Tamil Nadu,Coimbatore,Udumalpet APMC,Green Chilli,Green Chilly,Local,06-09-2026,4000,5000,4500
Tamil Nadu,Coimbatore,Udumalpet APMC,Capsicum,Capsicum,Local,06-09-2026,8000,9000,8500
Tamil Nadu,Coimbatore,Udumalpet APMC,Guava,Guava Allahabad,Local,06-09-2026,6000,7000,6500
Tamil Nadu,Coimbatore,Udumalpet APMC,Elephant Yam(Suran)/Amorphophallus,Elephant Yam (Suran),Local,06-09-2026,5500,7000,6250
Tamil Nadu,Coimbatore,Udumalpet APMC,Onion Green,Onion Green,Local,06-09-2026,6000,8000,7000
West Bengal,Darjeeling,Siliguri APMC,Green Chilli,Green Chilly,FAQ,06-09-2026,5000,5500,5200
Tamil Nadu,Erode,Gobichettipalayam(Uzhavar Sandhai ),Beetroot,Beetroot,Local,06-09-2026,6000,6500,6250
Tamil Nadu,Erode,Gobichettipalayam(Uzhavar Sandhai ),Onion,Bellary,Local,06-09-2026,5500,6000,5750
Tamil Nadu,Erode,Gobichettipalayam(Uzhavar Sandhai ),Potato,Other,Local,06-09-2026,3600,4000,3800
Tamil Nadu,Erode,Gobichettipalayam(Uzhavar Sandhai ),Ridgeguard(Tori),Ridgeguard(Tori),Local,06-09-2026,4000,4600,4300
Tamil Nadu,Erode,Gobichettipalayam(Uzhavar Sandhai ),Brinjal,Round,Local,06-09-2026,5000,5500,5250
Tamil Nadu,Erode,Gobichettipalayam(Uzhavar Sandhai ),Pumpkin,Pumpkin,Local,06-09-2026,2500,3000,2750
Tamil Nadu,Erode,Gobichettipalayam(Uzhavar Sandhai ),Beans,Beans (Whole),Local,06-09-2026,7000,7400,7200
Tamil Nadu,Erode,Gobichettipalayam(Uzhavar Sandhai ),Green Avare(W),Green Avare (W),Local,06-09-2026,5000,5400,5200
Tamil Nadu,Erode,Gobichettipalayam(Uzhavar Sandhai ),Lemon,Lemon,Local,06-09-2026,11000,12000,11500
Tamil Nadu,Erode,Gobichettipalayam(Uzhavar Sandhai ),Onion Green,Onion Green,Local,06-09-2026,7000,8000,7500
Tamil Nadu,Erode,Gobichettipalayam(Uzhavar Sandhai ),Mint(Pudina),Mint(Pudina),Local,06-09-2026,3000,3400,3200
West Bengal,Puruliya,Balarampur APMC,Masur Dal,Masur Dal,FAQ,06-09-2026,8900,10800,9800
West Bengal,Puruliya,Balarampur APMC,Ridgeguard(Tori),Other,Local,06-09-2026,2500,3000,2800
West Bengal,Puruliya,Balarampur APMC,Onion,Other,FAQ,06-09-2026,4200,4800,4500
Tamil Nadu,Erode,Sampath Nagar(Uzhavar Sandhai ),Carrot,Pusakesar,Local,06-09-2026,6000,6200,6100
Tamil Nadu,Erode,Sampath Nagar(Uzhavar Sandhai ),Cabbage,Cabbage,Local,06-09-2026,2000,2200,2100
Tamil Nadu,Erode,Sampath Nagar(Uzhavar Sandhai ),Groundnut,Big (With Shell),Local,06-09-2026,5500,6000,5750
Tamil Nadu,Erode,Sampath Nagar(Uzhavar Sandhai ),Grapes,Annabesahai,Local,06-09-2026,11000,11500,11250
Tamil Nadu,Erode,Sampath Nagar(Uzhavar Sandhai ),Green Peas,Green Peas,Local,06-09-2026,20000,21000,20500
Tamil Nadu,Erode,Sampath Nagar(Uzhavar Sandhai ),Cowpea(Veg),Cowpea (Veg),Local,06-09-2026,3000,3500,3250
Tamil Nadu,Erode,Sampath Nagar(Uzhavar Sandhai ),Pomegranate,Pomogranate,Local,06-09-2026,15000,16000,15500
Tamil Nadu,Erode,Sampath Nagar(Uzhavar Sandhai ),Tender Coconut,Tender Coconut,Local,06-09-2026,3000,4000,3500
Tamil Nadu,Erode,Sampath Nagar(Uzhavar Sandhai ),Kakada,Kakada,Local,06-09-2026,30000,32000,31000
Tamil Nadu,Erode,Sampath Nagar(Uzhavar Sandhai ),Amla(Nelli Kai),Amla,Local,06-09-2026,10000,11000,10500
Himachal Pradesh,Kullu,SMY Bandrol,Peas Wet,Other,FAQ,06-09-2026,3000,9500,6000
Madhya Pradesh,Gwalior,Lashkar APMC,Wheat,Mill Quality,FAQ,06-09-2026,2310,2310,2310
West Bengal,Jhargram,Jhargram APMC,Brinjal,Brinjal,FAQ,06-09-2026,3200,3600,3400
West Bengal,Jhargram,Jhargram APMC,Sweet Pumpkin,Other,FAQ,06-09-2026,2200,2600,2400
Tripura,Khowai,Kalyanpur APMC,Ridgeguard(Tori),Ridgeguard(Tori),FAQ,06-09-2026,4500,4700,4600
Tripura,Khowai,Kalyanpur APMC,Green Chilli,Green Chilly,FAQ,06-09-2026,12000,13000,12500
Tripura,Khowai,Kalyanpur APMC,Potato,Jalander,FAQ,06-09-2026,1700,1800,1750
Tripura,Khowai,Kalyanpur APMC,Goat,Goat,FAQ,06-09-2026,3500,4000,3700
Tripura,Khowai,Kalyanpur APMC,Hen,Local,FAQ,06-09-2026,490,500,495
Tamil Nadu,Vellore,Pallikonda(Uzhavar Sandhai),Coconut,Coconut,Local,06-09-2026,3500,4000,3750
Tamil Nadu,Vellore,Pallikonda(Uzhavar Sandhai),Carrot,Pusakesar,Local,06-09-2026,4000,4500,4250
Tamil Nadu,Vellore,Pallikonda(Uzhavar Sandhai),Cucumbar(Kheera),Cucumbar,Local,06-09-2026,4000,4000,4000
Tamil Nadu,Vellore,Pallikonda(Uzhavar Sandhai),Banana,Other,Local,06-09-2026,5000,6000,5500
Tamil Nadu,Vellore,Pallikonda(Uzhavar Sandhai),Papaya,Papaya,Local,06-09-2026,3500,4000,3750
Tamil Nadu,Vellore,Pallikonda(Uzhavar Sandhai),Pumpkin,Pumpkin,Local,06-09-2026,2500,3000,2750
Tamil Nadu,Vellore,Pallikonda(Uzhavar Sandhai),Raddish,Raddish,Local,06-09-2026,2500,2500,2500
Tamil Nadu,Vellore,Pallikonda(Uzhavar Sandhai),Chow Chow,Chow Chow,Local,06-09-2026,3000,3000,3000
Tamil Nadu,Vellore,Pallikonda(Uzhavar Sandhai),Drumstick,Drumstick,Local,06-09-2026,3000,3500,3250
Tamil Nadu,Vellore,Pallikonda(Uzhavar Sandhai),Tender Coconut,Tender Coconut,Local,06-09-2026,3500,4000,3750
Tamil Nadu,Vellore,Pallikonda(Uzhavar Sandhai),Lemon,Lemon,Local,06-09-2026,8000,9000,8500
Tamil Nadu,Vellore,Pallikonda(Uzhavar Sandhai),Colacasia,Colacasia,Local,06-09-2026,4000,4000,4000
Tamil Nadu,Vellore,Pallikonda(Uzhavar Sandhai),Custard Apple(Sharifa),Custard Apple(Sharifa),Local,06-09-2026,4500,5000,4750
Tamil Nadu,Vellore,Pallikonda(Uzhavar Sandhai),Mint(Pudina),Mint(Pudina),Local,06-09-2026,3500,3500,3500
Tamil Nadu,Pudukkottai,Ponnamaravathi(Uzhavar Sandhai),Coriander(Leaves),I Sort,Local,06-09-2026,4500,5000,4750
Tamil Nadu,Pudukkottai,Ponnamaravathi(Uzhavar Sandhai),Bitter gourd,Bitter Gourd,Local,06-09-2026,6500,7000,6750
Tamil Nadu,Pudukkottai,Ponnamaravathi(Uzhavar Sandhai),Lemon,Lemon,Local,06-09-2026,17500,18000,17750
Odisha,Kalahandi,Bhawanipatna APMC,Pumpkin,Pumpkin,Local,06-09-2026,2100,2100,2100
Keralam,Malappuram,Manjeri Market,Amaranthus,Other,Local,06-09-2026,2950,3050,3000
Keralam,Malappuram,Manjeri Market,Bhindi(Ladies Finger),Other,Local,06-09-2026,3950,4050,4000
Keralam,Malappuram,Manjeri Market,Beetroot,Other,Local,06-09-2026,3950,4050,4000
Tamil Nadu,Nagapattinam,Mayiladuthurai(Uzhavar Sandhai ),Beetroot,Beetroot,Local,06-09-2026,5000,5000,5000
Tamil Nadu,Nagapattinam,Mayiladuthurai(Uzhavar Sandhai ),Cauliflower,Ranchi,Local,06-09-2026,4500,5000,4750
Tamil Nadu,Nagapattinam,Mayiladuthurai(Uzhavar Sandhai ),Coriander(Leaves),I Sort,Local,06-09-2026,3500,4000,3750
Tamil Nadu,Nagapattinam,Mayiladuthurai(Uzhavar Sandhai ),Bitter gourd,Bitter Gourd,Local,06-09-2026,5500,6000,5750
Tamil Nadu,Nagapattinam,Mayiladuthurai(Uzhavar Sandhai ),Amaranthus,Amaranthus,Local,06-09-2026,1500,2000,1750
Tamil Nadu,Nagapattinam,Mayiladuthurai(Uzhavar Sandhai ),Banana - Green,Banana - Green,Local,06-09-2026,3000,3500,3250
Tamil Nadu,Nagapattinam,Mayiladuthurai(Uzhavar Sandhai ),Raddish,Raddish,Local,06-09-2026,2500,3000,2750
Tamil Nadu,Nagapattinam,Mayiladuthurai(Uzhavar Sandhai ),Lime,Lime,Local,06-09-2026,3500,4000,3750
Tamil Nadu,Nagapattinam,Mayiladuthurai(Uzhavar Sandhai ),Tender Coconut,Tender Coconut,Local,06-09-2026,2000,2500,2250
Tamil Nadu,Nagapattinam,Mayiladuthurai(Uzhavar Sandhai ),Mint(Pudina),Mint(Pudina),Local,06-09-2026,4000,4500,4250
Tamil Nadu,Pudukkottai,Viralimalai(Uzhavar Sandhai ),Coconut,Coconut,Local,06-09-2026,3000,4000,3500
Tamil Nadu,Pudukkottai,Viralimalai(Uzhavar Sandhai ),Ashgourd,Gouard,Local,06-09-2026,1000,1500,1250
Tamil Nadu,Pudukkottai,Viralimalai(Uzhavar Sandhai ),Banana - Green,Banana - Green,Local,06-09-2026,2500,3000,2750
Tamil Nadu,Pudukkottai,Viralimalai(Uzhavar Sandhai ),Raddish,Raddish,Local,06-09-2026,3000,4000,3500
Tamil Nadu,Ramanathapuram,Paramakudi(Uzhavar Sandhai ),Beetroot,Beetroot,Local,06-09-2026,4500,5000,4750
Tamil Nadu,Ramanathapuram,Paramakudi(Uzhavar Sandhai ),Brinjal,Round,Local,06-09-2026,6000,6500,6250
Tamil Nadu,Ramanathapuram,Paramakudi(Uzhavar Sandhai ),Bottle gourd,Bottle Gourd,Local,06-09-2026,2500,2800,2650
Tamil Nadu,Ramanathapuram,Paramakudi(Uzhavar Sandhai ),Ginger(Green),Green Ginger,Local,06-09-2026,15000,16000,15500
Tamil Nadu,Ramanathapuram,Paramakudi(Uzhavar Sandhai ),Drumstick,Drumstick,Local,06-09-2026,5500,6000,5750
Tamil Nadu,Ramanathapuram,Paramakudi(Uzhavar Sandhai ),Tube Flower,Tube Flower,Local,06-09-2026,60000,70000,65000
Tamil Nadu,Ramanathapuram,Paramakudi(Uzhavar Sandhai ),Elephant Yam(Suran)/Amorphophallus,Elephant Yam (Suran),Local,06-09-2026,6000,7000,6500
Tamil Nadu,Ramanathapuram,Ramanathapuram(Uzhavar Sandhai ),Carrot,Pusakesar,Local,06-09-2026,7500,8000,7750
Tamil Nadu,Ramanathapuram,Ramanathapuram(Uzhavar Sandhai ),Cabbage,Cabbage,Local,06-09-2026,4200,4500,4350
Tamil Nadu,Ramanathapuram,Ramanathapuram(Uzhavar Sandhai ),Potato,Red Nanital,Local,06-09-2026,5200,5500,5350
Tamil Nadu,Ramanathapuram,Ramanathapuram(Uzhavar Sandhai ),Cauliflower,Ranchi,Local,06-09-2026,5500,6000,5750
Tamil Nadu,Ramanathapuram,Ramanathapuram(Uzhavar Sandhai ),Tomato,Deshi,Local,06-09-2026,3000,3500,3250
Tamil Nadu,Ramanathapuram,Ramanathapuram(Uzhavar Sandhai ),Ridgeguard(Tori),Ridgeguard(Tori),Local,06-09-2026,6000,6500,6250
Tamil Nadu,Ramanathapuram,Ramanathapuram(Uzhavar Sandhai ),Bhindi(Ladies Finger),Bhindi,Local,06-09-2026,6000,6500,6250
Tamil Nadu,Ramanathapuram,Ramanathapuram(Uzhavar Sandhai ),Green Chilli,Green Chilly,Local,06-09-2026,6000,6500,6250
Tamil Nadu,Ramanathapuram,Ramanathapuram(Uzhavar Sandhai ),Banana - Green,Banana - Green,Local,06-09-2026,3500,4000,3750
Tamil Nadu,Ramanathapuram,Ramanathapuram(Uzhavar Sandhai ),Knool Khol,Knool Khol,Local,06-09-2026,5500,6000,5750
Tamil Nadu,Pudukkottai,Alangudi(Uzhavar Sandhai ),Pumpkin,Pumpkin,Local,06-09-2026,1000,1500,1250
Tamil Nadu,Pudukkottai,Alangudi(Uzhavar Sandhai ),Bhindi(Ladies Finger),Bhindi,Local,06-09-2026,3000,3500,3250
Tamil Nadu,Pudukkottai,Alangudi(Uzhavar Sandhai ),Onion Green,Onion Green,Local,06-09-2026,8000,9000,8500
Tamil Nadu,Thiruvannamalai,Arani(Uzhavar Sandhai ),Carrot,Pusakesar,Local,06-09-2026,5000,6000,5500
Tamil Nadu,Thiruvannamalai,Arani(Uzhavar Sandhai ),Ashgourd,Gouard,Local,06-09-2026,2000,2500,2250
Tamil Nadu,Thiruvannamalai,Arani(Uzhavar Sandhai ),Thondekai,Thondekai,Local,06-09-2026,3500,4000,3750
Tamil Nadu,Thiruvannamalai,Arani(Uzhavar Sandhai ),Drumstick,Drumstick,Local,06-09-2026,3500,4200,3850
Tamil Nadu,Thiruvannamalai,Arani(Uzhavar Sandhai ),Guava,Guava Allahabad,Local,06-09-2026,4000,5000,4500
Tamil Nadu,Thiruvannamalai,Arani(Uzhavar Sandhai ),Tender Coconut,Tender Coconut,Local,06-09-2026,1500,2000,1750
Tamil Nadu,Thiruvannamalai,Arani(Uzhavar Sandhai ),Yam(Ratalu),Yam (Ratalu),Local,06-09-2026,5000,6000,5500
Tamil Nadu,Thiruvannamalai,Arani(Uzhavar Sandhai ),Lemon,Lemon,Local,06-09-2026,10000,12000,11000
Tamil Nadu,Thiruvannamalai,Arani(Uzhavar Sandhai ),Colacasia,Colacasia,Local,06-09-2026,3500,4200,3850
Andhra Pradesh,Srikakulam,Narasannapet APMC,Paddy(Common),Paddy,FAQ,06-09-2026,2369,2369,2369
Tamil Nadu,Thiruvannamalai,Polur(Uzhavar Sandhai ),Carrot,Pusakesar,Local,06-09-2026,5000,6000,5500
Tamil Nadu,Thiruvannamalai,Polur(Uzhavar Sandhai ),Beetroot,Beetroot,Local,06-09-2026,4000,4800,4400
Tamil Nadu,Thiruvannamalai,Polur(Uzhavar Sandhai ),Ashgourd,Gouard,Local,06-09-2026,1600,2000,1800
Tamil Nadu,Thiruvannamalai,Polur(Uzhavar Sandhai ),Green Chilli,Green Chilly,Local,06-09-2026,5000,6000,5500
Tamil Nadu,Thiruvannamalai,Polur(Uzhavar Sandhai ),Drumstick,Drumstick,Local,06-09-2026,3300,4000,3650
Tamil Nadu,Thiruvannamalai,Polur(Uzhavar Sandhai ),Jack Fruit(Ripe),Jack Fruit,Local,06-09-2026,1600,2000,1800
Tamil Nadu,Thiruvannamalai,Polur(Uzhavar Sandhai ),Lemon,Lemon,Local,06-09-2026,8000,10000,9000
Tamil Nadu,Thiruvannamalai,Tiruvannamalai(Uzhavar Sandhai ),Sweet Potato,Hosur Red,Local,06-09-2026,3500,4000,3750
Tamil Nadu,Thiruvannamalai,Tiruvannamalai(Uzhavar Sandhai ),Carrot,Pusakesar,Local,06-09-2026,5000,6000,5500
Tamil Nadu,Thiruvannamalai,Tiruvannamalai(Uzhavar Sandhai ),Groundnut,Big (With Shell),Local,06-09-2026,8000,10000,9000
Tamil Nadu,Thiruvannamalai,Tiruvannamalai(Uzhavar Sandhai ),Orange,Darjeeling,Local,06-09-2026,16000,18000,17000
Tamil Nadu,Thiruvannamalai,Tiruvannamalai(Uzhavar Sandhai ),Coriander(Leaves),I Sort,Local,06-09-2026,4000,5000,4500
Tamil Nadu,Thiruvannamalai,Tiruvannamalai(Uzhavar Sandhai ),Water Melon,Water Melon,Local,06-09-2026,1500,2000,1750
Tamil Nadu,Thiruvannamalai,Tiruvannamalai(Uzhavar Sandhai ),Mousambi(Sweet Lime),Mousambi,Local,06-09-2026,5000,6000,5500
Tamil Nadu,Thiruvannamalai,Tiruvannamalai(Uzhavar Sandhai ),Ashgourd,Gouard,Local,06-09-2026,2000,2500,2250
Tamil Nadu,Thiruvannamalai,Tiruvannamalai(Uzhavar Sandhai ),Beans,Beans (Whole),Local,06-09-2026,8000,10000,9000
Tamil Nadu,Thiruvannamalai,Tiruvannamalai(Uzhavar Sandhai ),Chow Chow,Chow Chow,Local,06-09-2026,3500,4000,3750
Tamil Nadu,Thiruvannamalai,Tiruvannamalai(Uzhavar Sandhai ),Tender Coconut,Tender Coconut,Local,06-09-2026,2500,3000,2750
Tamil Nadu,Thiruvannamalai,Tiruvannamalai(Uzhavar Sandhai ),Fig(Anjura/Anjeer),Anjura,Local,06-09-2026,7000,8000,7500
Tamil Nadu,Thiruvannamalai,Tiruvannamalai(Uzhavar Sandhai ),Marigold(Calcutta),Marigold(Calcutta),Local,06-09-2026,22000,24000,23000
Tamil Nadu,Thiruvannamalai,Tiruvannamalai(Uzhavar Sandhai ),Elephant Yam(Suran)/Amorphophallus,Elephant Yam (Suran),Local,06-09-2026,5000,6000,5500
Tamil Nadu,Thiruvannamalai,Tiruvannamalai(Uzhavar Sandhai ),Amla(Nelli Kai),Amla,Local,06-09-2026,10000,12000,11000
Tamil Nadu,Thiruvarur,Mannargudi I(Uzhavar Sandhai ),Orange,Darjeeling,Local,06-09-2026,18000,18000,18000
Tamil Nadu,Thiruvarur,Mannargudi I(Uzhavar Sandhai ),Grapes,Annabesahai,Local,06-09-2026,11000,11000,11000
Tamil Nadu,Thiruvarur,Mannargudi I(Uzhavar Sandhai ),Brinjal,Round,Local,06-09-2026,4200,4200,4200
Tamil Nadu,Thiruvarur,Mannargudi I(Uzhavar Sandhai ),Coriander(Leaves),I Sort,Local,06-09-2026,4000,4000,4000
Tamil Nadu,Thiruvarur,Mannargudi I(Uzhavar Sandhai ),Chikoos(Sapota),Sapota,Local,06-09-2026,7000,7000,7000
Tamil Nadu,Thiruvarur,Mannargudi I(Uzhavar Sandhai ),Mousambi(Sweet Lime),Mousambi,Local,06-09-2026,5000,5000,5000
Tamil Nadu,Thiruvarur,Mannargudi I(Uzhavar Sandhai ),Ridgeguard(Tori),Ridgeguard(Tori),Local,06-09-2026,4400,4400,4400
Tamil Nadu,Thiruvarur,Mannargudi I(Uzhavar Sandhai ),Beans,Beans (Whole),Local,06-09-2026,7600,7600,7600
Tamil Nadu,Thiruvarur,Mannargudi I(Uzhavar Sandhai ),Drumstick,Drumstick,Local,06-09-2026,4600,4600,4600
Tamil Nadu,Thiruvarur,Mannargudi II(Uzhavar Sandhai ),Cabbage,Cabbage,Local,06-09-2026,3400,3400,3400
Tamil Nadu,Thiruvarur,Mannargudi II(Uzhavar Sandhai ),Banana,Other,Local,06-09-2026,6000,6000,6000
Tamil Nadu,Thiruvarur,Mannargudi II(Uzhavar Sandhai ),Brinjal,Round,Local,06-09-2026,4200,4200,4200
Tamil Nadu,Thiruvarur,Mannargudi II(Uzhavar Sandhai ),Bhindi(Ladies Finger),Bhindi,Local,06-09-2026,3800,3800,3800
Tamil Nadu,Thiruvarur,Mannargudi II(Uzhavar Sandhai ),Coconut,Coconut,Local,06-09-2026,4000,4000,4000
Tamil Nadu,Thiruvarur,Tiruthuraipoondi(Uzhavar Sandhai ),Snakeguard,Snakeguard,Local,06-09-2026,3000,3000,3000
Tamil Nadu,Thiruvarur,Tiruthuraipoondi(Uzhavar Sandhai ),Cucumbar(Kheera),Cucumbar,Local,06-09-2026,7000,7000,7000
Tamil Nadu,Thiruvarur,Tiruthuraipoondi(Uzhavar Sandhai ),Groundnut,Big (With Shell),Local,06-09-2026,6000,6000,6000
Tamil Nadu,Thiruvarur,Tiruthuraipoondi(Uzhavar Sandhai ),Brinjal,Round,Local,06-09-2026,3800,3800,3800
Tamil Nadu,Thiruvarur,Tiruthuraipoondi(Uzhavar Sandhai ),Mango(Raw-Ripe),Mango - Raw-Ripe,Local,06-09-2026,4500,4500,4500
Tamil Nadu,Thiruvarur,Tiruthuraipoondi(Uzhavar Sandhai ),Tamarind Fruit,Tamarind Fruit,Local,06-09-2026,16000,16000,16000
Tamil Nadu,Thiruvarur,Tiruthuraipoondi(Uzhavar Sandhai ),Lemon,Lemon,Local,06-09-2026,15000,15000,15000
Tamil Nadu,Thiruvellore,Ambattur(Uzhavar Sandhai ),Coconut,Coconut,Local,06-09-2026,6000,6000,6000
Tamil Nadu,Thiruvellore,Ambattur(Uzhavar Sandhai ),Bhindi(Ladies Finger),Bhindi,Local,06-09-2026,4000,4000,4000
Tamil Nadu,Thiruvellore,Naravarikuppam(Uzhavar Sandhai ),Coconut,Coconut,Local,06-09-2026,6000,6000,6000
Tamil Nadu,Thiruvellore,Naravarikuppam(Uzhavar Sandhai ),Onion,Bellary,Local,06-09-2026,5000,5000,5000
Tamil Nadu,Thiruvellore,Naravarikuppam(Uzhavar Sandhai ),Brinjal,Round,Local,06-09-2026,4000,4000,4000
Tamil Nadu,Thiruvellore,Perambakkam(Uzhavar Sandhai ),Ridgeguard(Tori),Ridgeguard(Tori),Local,06-09-2026,5000,5000,5000
Tamil Nadu,Thiruvellore,Perambakkam(Uzhavar Sandhai ),Onion,Bellary,Local,06-09-2026,5000,5000,5000
Tamil Nadu,Thiruvellore,Perambakkam(Uzhavar Sandhai ),Cluster beans,Cluster Beans,Local,06-09-2026,3500,3500,3500
Tamil Nadu,Thiruvellore,Perambakkam(Uzhavar Sandhai ),Bhindi(Ladies Finger),Bhindi,Local,06-09-2026,4000,4000,4000
Tamil Nadu,Thiruvellore,Perambakkam(Uzhavar Sandhai ),Marigold(Calcutta),Marigold(Calcutta),Local,06-09-2026,14000,14000,14000
Tamil Nadu,Tuticorin,Kovilpatti(Uzhavar Sandhai ),Coconut,Coconut,Local,06-09-2026,6500,7000,6750
Tamil Nadu,Tuticorin,Kovilpatti(Uzhavar Sandhai ),Carrot,Pusakesar,Local,06-09-2026,6000,6500,6250
Tamil Nadu,Tuticorin,Kovilpatti(Uzhavar Sandhai ),Snakeguard,Snakeguard,Local,06-09-2026,3500,4000,3750
Tamil Nadu,Tuticorin,Kovilpatti(Uzhavar Sandhai ),Banana,Other,Local,06-09-2026,3500,4000,3750
Tamil Nadu,Tuticorin,Kovilpatti(Uzhavar Sandhai ),Brinjal,Other,Local,06-09-2026,3500,4000,3750
Tamil Nadu,Tuticorin,Kovilpatti(Uzhavar Sandhai ),Chikoos(Sapota),Sapota,Local,06-09-2026,5000,5500,5250
Tamil Nadu,Tuticorin,Kovilpatti(Uzhavar Sandhai ),Ridgeguard(Tori),Ridgeguard(Tori),Local,06-09-2026,5500,6000,5750
Tamil Nadu,Tuticorin,Kovilpatti(Uzhavar Sandhai ),Ashgourd,Gouard,Local,06-09-2026,2500,3000,2750
Tamil Nadu,Tuticorin,Kovilpatti(Uzhavar Sandhai ),Bhindi(Ladies Finger),Bhindi,Local,06-09-2026,3000,3500,3250
Tamil Nadu,Tuticorin,Kovilpatti(Uzhavar Sandhai ),Amaranthus,Amaranthus,Local,06-09-2026,1800,2000,1900
Tamil Nadu,Tuticorin,Kovilpatti(Uzhavar Sandhai ),Green Chilli,Green Chilly,Local,06-09-2026,5500,6000,5750
Tamil Nadu,Tuticorin,Kovilpatti(Uzhavar Sandhai ),Beans,Beans (Whole),Local,06-09-2026,8500,9000,8750
Tamil Nadu,Tuticorin,Kovilpatti(Uzhavar Sandhai ),Ginger(Green),Green Ginger,Local,06-09-2026,17000,17500,17250
Tamil Nadu,Tuticorin,Kovilpatti(Uzhavar Sandhai ),Raddish,Raddish,Local,06-09-2026,3500,4000,3750
Tamil Nadu,Tuticorin,Kovilpatti(Uzhavar Sandhai ),Thondekai,Thondekai,Local,06-09-2026,5000,5500,5250
Tamil Nadu,Tuticorin,Kovilpatti(Uzhavar Sandhai ),Mango(Raw-Ripe),Mango - Raw-Ripe,Local,06-09-2026,7000,7500,7250
Tamil Nadu,Tuticorin,Kovilpatti(Uzhavar Sandhai ),Lime,Lime,Local,06-09-2026,12000,12500,12250
Tamil Nadu,Vellore,Gudiyatham(Uzhavar Sandhai ),Snakeguard,Snakeguard,Local,06-09-2026,2400,2400,2400
Tamil Nadu,Vellore,Gudiyatham(Uzhavar Sandhai ),Ridgeguard(Tori),Ridgeguard(Tori),Local,06-09-2026,3000,3000,3000
Tamil Nadu,Vellore,Gudiyatham(Uzhavar Sandhai ),Brinjal,Other,Local,06-09-2026,2500,2500,2500
Tamil Nadu,Vellore,Gudiyatham(Uzhavar Sandhai ),Tomato,Deshi,Local,06-09-2026,2000,2400,2200
Tamil Nadu,Vellore,Gudiyatham(Uzhavar Sandhai ),Bitter gourd,Bitter Gourd,Local,06-09-2026,3600,3600,3600
Tamil Nadu,Vellore,Gudiyatham(Uzhavar Sandhai ),Bhindi(Ladies Finger),Bhindi,Local,06-09-2026,1800,1800,1800
Tamil Nadu,Vellore,Gudiyatham(Uzhavar Sandhai ),Lime,Lime,Local,06-09-2026,5000,5000,5000
Tamil Nadu,Vellore,Gudiyatham(Uzhavar Sandhai ),Yam(Ratalu),Yam (Ratalu),Local,06-09-2026,6600,6600,6600
Tamil Nadu,Vellore,Gudiyatham(Uzhavar Sandhai ),Mint(Pudina),Mint(Pudina),Local,06-09-2026,4000,4000,4000
Tamil Nadu,Vellore,Kahithapattarai(Uzhavar Sandhai ),Carrot,Pusakesar,Local,06-09-2026,4600,4600,4600
Tamil Nadu,Vellore,Kahithapattarai(Uzhavar Sandhai ),Cabbage,Cabbage,Local,06-09-2026,2500,2500,2500
Tamil Nadu,Vellore,Kahithapattarai(Uzhavar Sandhai ),Garlic,Garlic,Local,06-09-2026,22000,22000,22000
Tamil Nadu,Vellore,Kahithapattarai(Uzhavar Sandhai ),Tomato,Deshi,Local,06-09-2026,2800,2800,2800
Tamil Nadu,Vellore,Kahithapattarai(Uzhavar Sandhai ),Bitter gourd,Bitter Gourd,Local,06-09-2026,5000,5000,5000
Tamil Nadu,Vellore,Kahithapattarai(Uzhavar Sandhai ),Ashgourd,Gouard,Local,06-09-2026,2000,2000,2000
Tamil Nadu,Vellore,Kahithapattarai(Uzhavar Sandhai ),Raddish,Raddish,Local,06-09-2026,2500,2500,2500
Tamil Nadu,Vellore,Kahithapattarai(Uzhavar Sandhai ),Indian Beans(Seam),Indian Beans (Seam),Local,06-09-2026,5000,5000,5000
Tamil Nadu,Villupuram,Villupuram(Uzhavar Sandhai ),Carrot,Pusakesar,Local,06-09-2026,7000,7000,7000
Tamil Nadu,Villupuram,Villupuram(Uzhavar Sandhai ),Cabbage,Cabbage,Local,06-09-2026,4000,4000,4000
Tamil Nadu,Villupuram,Villupuram(Uzhavar Sandhai ),Groundnut,Big (With Shell),Local,06-09-2026,9000,9000,9000
Tamil Nadu,Villupuram,Villupuram(Uzhavar Sandhai ),Banana,Besrai,Local,06-09-2026,4000,10000,7000
Tamil Nadu,Villupuram,Villupuram(Uzhavar Sandhai ),Mango,Safeda,Local,06-09-2026,10000,10000,10000
Tamil Nadu,Villupuram,Villupuram(Uzhavar Sandhai ),Onion,Bellary,Local,06-09-2026,6000,6000,6000
Tamil Nadu,Villupuram,Villupuram(Uzhavar Sandhai ),Cauliflower,Ranchi,Local,06-09-2026,3000,3000,3000
Tamil Nadu,Villupuram,Villupuram(Uzhavar Sandhai ),Papaya,Papaya,Local,06-09-2026,5000,5000,5000
Tamil Nadu,Villupuram,Villupuram(Uzhavar Sandhai ),Bhindi(Ladies Finger),Bhindi,Local,06-09-2026,4000,4000,4000
Tamil Nadu,Villupuram,Villupuram(Uzhavar Sandhai ),Amaranthus,Amaranthus,Local,06-09-2026,4000,5000,4500
Tamil Nadu,Villupuram,Villupuram(Uzhavar Sandhai ),Green Chilli,Green Chilly,Local,06-09-2026,6000,6000,6000
Tamil Nadu,Villupuram,Villupuram(Uzhavar Sandhai ),Beans,Beans (Whole),Local,06-09-2026,8000,8000,8000
Tamil Nadu,Villupuram,Villupuram(Uzhavar Sandhai ),Lemon,Lemon,Local,06-09-2026,8000,8000,8000
Tamil Nadu,Villupuram,Villupuram(Uzhavar Sandhai ),Mint(Pudina),Mint(Pudina),Local,06-09-2026,4000,4000,4000
Andhra Pradesh,SPSR Nellore,Atmakur (SPSR Nellore District) APMC,Paddy(Common),Nellore Sanna,FAQ,06-09-2026,2300,2400,2369
Uttar Pradesh,Badaun,Badayoun APMC,Wood,Other,FAQ,06-09-2026,500,500,500
Uttar Pradesh,Badaun,Badayoun APMC,Potato,Other,FAQ,06-09-2026,550,550,550
West Bengal,Puruliya,Purulia APMC,Rice,Other,FAQ,06-09-2026,3400,3600,3500
Odisha,Dhenkanal,Hindol APMC,Pointed gourd(Parval),Other,Grade B,06-09-2026,4700,5000,4800
Odisha,Dhenkanal,Hindol APMC,Ridgeguard(Tori),Other,Grade B,06-09-2026,5000,5500,5200
Tamil Nadu,Thiruvannamalai,Cheyyar(Uzhavar Sandhai ),Ridgeguard(Tori),Ridgeguard(Tori),Local,06-09-2026,3500,4200,3850
Tamil Nadu,Thiruvannamalai,Cheyyar(Uzhavar Sandhai ),Pumpkin,Pumpkin,Local,06-09-2026,2500,3000,2750
Tamil Nadu,Thiruvannamalai,Cheyyar(Uzhavar Sandhai ),Raddish,Raddish,Local,06-09-2026,2500,3000,2750
Tamil Nadu,Thiruvannamalai,Cheyyar(Uzhavar Sandhai ),Yam(Ratalu),Yam (Ratalu),Local,06-09-2026,4800,6000,5400
Uttar Pradesh,Badaun,Islam Nagar APMC,Wheat,Medium,FAQ,06-09-2026,2600,2600,2600
Andhra Pradesh,Kurnool,Pattikonda APMC,Tomato,Local,FAQ,06-09-2026,800,1500,1200
Tamil Nadu,Ariyalur,Ariyalur(Uzhavar Sandhai),Amaranthus,Amaranthus,Local,06-09-2026,3000,3500,3250
Tamil Nadu,Ariyalur,Ariyalur(Uzhavar Sandhai),Beans,Beans (Whole),Local,06-09-2026,8000,9000,8500
Tamil Nadu,Ariyalur,Ariyalur(Uzhavar Sandhai),Raddish,Raddish,Local,06-09-2026,3000,3500,3250
Tamil Nadu,Ariyalur,Ariyalur(Uzhavar Sandhai),Chow Chow,Chow Chow,Local,06-09-2026,4000,4500,4250
Tamil Nadu,Ariyalur,Ariyalur(Uzhavar Sandhai),Drumstick,Drumstick,Local,06-09-2026,3500,4000,3750
Uttarakhand,Nanital,Haldwani APMC,Capsicum,Other,FAQ,06-09-2026,2000,2500,2200
Uttarakhand,Nanital,Haldwani APMC,Papaya,Other,Grade A,06-09-2026,1500,2200,1800
Odisha,Cuttack,Banki APMC,Bhindi(Ladies Finger),Bhindi,Medium,06-09-2026,4000,5000,4500
Odisha,Cuttack,Banki APMC,Pointed gourd(Parval),Other,Medium,06-09-2026,5000,6000,5500
Uttar Pradesh,Gorakhpur,Sehjanwa APMC,Wheat,Dara,FAQ,06-09-2026,2777,2792,2787.49
Haryana,Jind,Narwana APMC,Mousambi(Sweet Lime),Mousambi,Local,06-09-2026,2500,2500,2500
Haryana,Jind,Narwana APMC,Banana,Other,Local,06-09-2026,1300,1300,1300
Haryana,Jind,Narwana APMC,Potato,Potato,Non-FAQ,06-09-2026,600,700,650
Uttar Pradesh,Raebarelli,Lalganj APMC,Firewood,Firewood,FAQ,06-09-2026,300,300,300
Uttar Pradesh,Kasganj,Ganj Dundwara APMC,Chicory(Chikori/Kasni),Other,FAQ,06-09-2026,3000,3000,3000
Rajasthan,Tonk,Malpura APMC,Barley(Jau),Other,FAQ,06-09-2026,2500,2586,2550
Rajasthan,Tonk,Malpura APMC,Bengal Gram(Gram)(Whole),Other,FAQ,06-09-2026,5900,6013,6000
Uttarakhand,Haridwar,Haridwar Union APMC,Bhindi(Ladies Finger),Bhindi,FAQ,06-09-2026,700,1000,800
Uttar Pradesh,Jalaun (Orai),Madhogarh APMC,Peas(Dry),Other,FAQ,06-09-2026,2900,2900,2900
Uttar Pradesh,Jalaun (Orai),Madhogarh APMC,Green Gram(Moong)(Whole),Other,FAQ,06-09-2026,7000,7000,7000
Uttar Pradesh,Amroha,Hasanpur APMC,Wood,Other,FAQ,06-09-2026,400,400,400
Punjab,Hoshiarpur,Tanda Urmur APMC,Pumpkin,Pumpkin,Grade A,06-09-2026,1000,1500,1200
Punjab,Hoshiarpur,Tanda Urmur APMC,Bhindi(Ladies Finger),Bhindi,Grade A,06-09-2026,3000,4000,3500
Punjab,Hoshiarpur,Tanda Urmur APMC,Brinjal,Brinjal,Grade A,06-09-2026,2500,3000,2800
Punjab,Hoshiarpur,Tanda Urmur APMC,Capsicum,Capsicum,Grade A,06-09-2026,5000,6000,5500
Punjab,Jalandhar,Goraya APMC,Bitter gourd,Other,Local,06-09-2026,2100,2100,2100
Odisha,Mayurbhanja,Betnoti APMC,Pointed gourd(Parval),Other,FAQ,06-09-2026,3200,3600,3400
Odisha,Mayurbhanja,Betnoti APMC,Cucumbar(Kheera),Cucumbar,FAQ,06-09-2026,2200,2600,2400
Tamil Nadu,Coimbatore,Sundarapuram(Uzhavar Sandhai ),Carrot,Pusakesar,Local,06-09-2026,6000,6400,6200
Tamil Nadu,Coimbatore,Sundarapuram(Uzhavar Sandhai ),Banana,Red Banana,Local,06-09-2026,7500,8000,7750
Tamil Nadu,Coimbatore,Sundarapuram(Uzhavar Sandhai ),Tomato,Local,Local,06-09-2026,2400,2800,2600
Tamil Nadu,Coimbatore,Sundarapuram(Uzhavar Sandhai ),Bitter gourd,Bitter Gourd,Local,06-09-2026,4000,4500,4250
Tamil Nadu,Coimbatore,Sundarapuram(Uzhavar Sandhai ),Thondekai,Thondekai,Local,06-09-2026,4000,4500,4250
Tamil Nadu,Coimbatore,Sundarapuram(Uzhavar Sandhai ),Capsicum,Capsicum,Local,06-09-2026,5500,6000,5750
Tamil Nadu,Coimbatore,Sundarapuram(Uzhavar Sandhai ),Mango(Raw-Ripe),Mango - Raw-Ripe,Local,06-09-2026,6000,6500,6250
Tamil Nadu,Coimbatore,Sundarapuram(Uzhavar Sandhai ),Lemon,Lemon,Local,06-09-2026,19000,20000,19500
Haryana,Gurgaon,Gurgaon APMC,Pomegranate,Other,Grade C,06-09-2026,5000,7000,6000
Haryana,Gurgaon,Gurgaon APMC,Bottle gourd,Bottle Gourd,Grade B,06-09-2026,800,1200,1000
Telangana,Nalgonda,Miryalguda(Rythu Bazar) ,Tomato,Deshi,Grade A,06-09-2026,2500,2500,2500
Telangana,Nalgonda,Miryalguda(Rythu Bazar) ,Bhindi(Ladies Finger),Bhindi,Grade A,06-09-2026,2500,2500,2500
Telangana,Nalgonda,Miryalguda(Rythu Bazar) ,Green Chilli,Green Chilly,Grade A,06-09-2026,4000,4000,4000
Telangana,Nalgonda,Miryalguda(Rythu Bazar) ,Onion,Red,Grade A,06-09-2026,6000,6000,6000
Keralam,Kozhikode(Calicut),Thalakulathur VFPCK Market,Banana,Nendra Bale,Grade A,06-09-2026,5400,6300,5800
West Bengal,Sounth 24 Parganas,Baruipur(Canning) APMC,Rice,Common,FAQ,06-09-2026,3100,3300,3200
West Bengal,Sounth 24 Parganas,Baruipur(Canning) APMC,Bhindi(Ladies Finger),Bhindi,FAQ,06-09-2026,3200,3700,3500
Telangana,Hanumakonda,"Excise Colony,RBZ ",Green Chilli,Other,Grade A,06-09-2026,4000,4000,4000
Tamil Nadu,Erode,Sathiyamagalam(Uzhavar Sandhai ),Potato,Other,Local,06-09-2026,3400,3800,3600
Tamil Nadu,Erode,Sathiyamagalam(Uzhavar Sandhai ),Cauliflower,Ranchi,Local,06-09-2026,3400,3800,3600
Tamil Nadu,Erode,Sathiyamagalam(Uzhavar Sandhai ),Bhindi(Ladies Finger),Bhindi,Local,06-09-2026,3000,3400,3200
Tamil Nadu,Erode,Sathiyamagalam(Uzhavar Sandhai ),Amaranthus,Amaranthus,Local,06-09-2026,3500,4000,3750
Tamil Nadu,Erode,Sathiyamagalam(Uzhavar Sandhai ),Green Chilli,Green Chilly,Local,06-09-2026,4000,4500,4250
Tamil Nadu,Erode,Sathiyamagalam(Uzhavar Sandhai ),Tapioca,Tapioca,Local,06-09-2026,2500,3000,2750
Tamil Nadu,Erode,Sathiyamagalam(Uzhavar Sandhai ),Guava,Guava Allahabad,Local,06-09-2026,5000,5500,5250
Tamil Nadu,Coimbatore,Mettupalayam(Uzhavar Sandhai ),Carrot,Pusakesar,Local,06-09-2026,5500,6000,5750
Tamil Nadu,Coimbatore,Mettupalayam(Uzhavar Sandhai ),Cucumbar(Kheera),Cucumbar,Local,06-09-2026,3000,4000,3500
Tamil Nadu,Coimbatore,Mettupalayam(Uzhavar Sandhai ),Banana,Besrai,Local,06-09-2026,4000,8000,6000
Tamil Nadu,Coimbatore,Mettupalayam(Uzhavar Sandhai ),Chikoos(Sapota),Sapota,Local,06-09-2026,4500,5000,4750
Tamil Nadu,Coimbatore,Mettupalayam(Uzhavar Sandhai ),Tomato,Deshi,Local,06-09-2026,2500,3000,2750
Tamil Nadu,Coimbatore,Mettupalayam(Uzhavar Sandhai ),Cluster beans,Cluster Beans,Local,06-09-2026,3500,4000,3750
Tamil Nadu,Coimbatore,Mettupalayam(Uzhavar Sandhai ),Pumpkin,Pumpkin,Local,06-09-2026,1500,1800,1650
Tamil Nadu,Coimbatore,Mettupalayam(Uzhavar Sandhai ),Bhindi(Ladies Finger),Bhindi,Local,06-09-2026,3500,4000,3750
Tamil Nadu,Coimbatore,Mettupalayam(Uzhavar Sandhai ),Ridgeguard(Tori),Ridgeguard(Tori),Local,06-09-2026,3500,4500,4000
Tamil Nadu,Coimbatore,Mettupalayam(Uzhavar Sandhai ),Amaranthus,Amaranthus,Local,06-09-2026,3000,4000,3500
Tamil Nadu,Coimbatore,Mettupalayam(Uzhavar Sandhai ),Banana - Green,Banana - Green,Local,06-09-2026,4500,5000,4750
Tamil Nadu,Coimbatore,Mettupalayam(Uzhavar Sandhai ),Raddish,Raddish,Local,06-09-2026,2500,3000,2750
Tamil Nadu,Coimbatore,Mettupalayam(Uzhavar Sandhai ),Thondekai,Thondekai,Local,06-09-2026,3200,4000,3600
Tamil Nadu,Coimbatore,Mettupalayam(Uzhavar Sandhai ),Knool Khol,Knool Khol,Local,06-09-2026,5000,6000,5500
Tamil Nadu,Coimbatore,Mettupalayam(Uzhavar Sandhai ),Guava,Guava Allahabad,Local,06-09-2026,5500,6000,5750
Tamil Nadu,Coimbatore,Mettupalayam(Uzhavar Sandhai ),Elephant Yam(Suran)/Amorphophallus,Elephant Yam (Suran),Local,06-09-2026,3500,4000,3750
Tamil Nadu,Coimbatore,Mettupalayam(Uzhavar Sandhai ),Amla(Nelli Kai),Amla,Local,06-09-2026,8000,9000,8500
Tamil Nadu,Coimbatore,Mettupalayam(Uzhavar Sandhai ),Baby Corn,Baby Corn,Grade A,06-09-2026,2500,3000,2750
Uttar Pradesh,Unnao,Purwa APMC,Wheat,Dara,FAQ,06-09-2026,2550,2550,2550
Uttar Pradesh,Auraiya,Dibiapur APMC,Wheat,Dara,FAQ,06-09-2026,2400,2400,2400
Haryana,Panipat,Samalkha APMC,Pumpkin,Pumpkin,FAQ,06-09-2026,1500,1500,1500
Haryana,Panipat,Samalkha APMC,Cucumbar(Kheera),Cucumbar,FAQ,06-09-2026,2000,2500,2300
Haryana,Panipat,Samalkha APMC,Bhindi(Ladies Finger),Bhindi,FAQ,06-09-2026,1000,1500,1300
Haryana,Panipat,Samalkha APMC,Ginger(Green),Other,FAQ,06-09-2026,9000,9000,9000
Tamil Nadu,Namakkal,Tiruchengode APMC,Snakeguard,Snakeguard,Local,06-09-2026,4500,5000,4750
Tamil Nadu,Namakkal,Tiruchengode APMC,Cucumbar(Kheera),Cucumbar,Local,06-09-2026,8000,9000,8500
Tamil Nadu,Namakkal,Tiruchengode APMC,Banana,Red Banana,Local,06-09-2026,7000,8000,7500
Tamil Nadu,Namakkal,Tiruchengode APMC,Potato,Other,Local,06-09-2026,2600,3000,2800
Tamil Nadu,Namakkal,Tiruchengode APMC,Cauliflower,Ranchi,Local,06-09-2026,3500,4000,3750
Tamil Nadu,Namakkal,Tiruchengode APMC,Mousambi(Sweet Lime),Mousambi,Local,06-09-2026,3500,4000,3750
Tamil Nadu,Namakkal,Tiruchengode APMC,Elephant Yam(Suran)/Amorphophallus,Elephant Yam (Suran),Local,06-09-2026,3000,3500,3250
Tamil Nadu,Namakkal,Tiruchengode APMC,Onion Green,Onion Green,Local,06-09-2026,6200,7000,6600
Telangana,Siddipet,Vantamamidi APMC,Bitter gourd,Bitter Gourd,Local,06-09-2026,1500,1500,1500
Telangana,Siddipet,Vantamamidi APMC,Field Pea,Field Pea,Local,06-09-2026,2000,2000,2000
Telangana,Hyderabad,RYTHU BAZAR ERRAGADDA,Tomato,Deshi,Grade A,06-09-2026,1500,1500,1500
Tamil Nadu,Coimbatore,RSPuram(Uzhavar Sandhai ),Snakeguard,Snakeguard,Local,06-09-2026,2200,2600,2400
Tamil Nadu,Coimbatore,RSPuram(Uzhavar Sandhai ),Ridgeguard(Tori),Ridgeguard(Tori),Local,06-09-2026,3400,3800,3600
Tamil Nadu,Coimbatore,RSPuram(Uzhavar Sandhai ),Cauliflower,Ranchi,Local,06-09-2026,4500,4800,4650
Tamil Nadu,Coimbatore,RSPuram(Uzhavar Sandhai ),Mousambi(Sweet Lime),Mousambi,Local,06-09-2026,4000,5000,4500
Tamil Nadu,Coimbatore,RSPuram(Uzhavar Sandhai ),Ginger(Green),Green Ginger,Local,06-09-2026,14500,15500,15000
Tamil Nadu,Coimbatore,RSPuram(Uzhavar Sandhai ),Green Avare(W),Other,Local,06-09-2026,5000,5500,5250
Tamil Nadu,Coimbatore,RSPuram(Uzhavar Sandhai ),Karbuja(Musk Melon),Karbhuja,Local,06-09-2026,3500,4000,3750
Tamil Nadu,Coimbatore,RSPuram(Uzhavar Sandhai ),Yam(Ratalu),Yam (Ratalu),Local,06-09-2026,7500,8000,7750
Tamil Nadu,Coimbatore,RSPuram(Uzhavar Sandhai ),Pear(Marasebu),Pears,Local,06-09-2026,14000,15000,14500
Tamil Nadu,Coimbatore,RSPuram(Uzhavar Sandhai ),Custard Apple(Sharifa),Custard Apple(Sharifa),Local,06-09-2026,5000,6000,5500
Tamil Nadu,Coimbatore,RSPuram(Uzhavar Sandhai ),Amla(Nelli Kai),Amla,Local,06-09-2026,8500,9000,8750
Tamil Nadu,Coimbatore,RSPuram(Uzhavar Sandhai ),Mint(Pudina),Mint(Pudina),Local,06-09-2026,4800,5200,5000
Tamil Nadu,Coimbatore,RSPuram(Uzhavar Sandhai ),Baby Corn,Baby Corn,Grade A,06-09-2026,2200,2600,2400
Tamil Nadu,Coimbatore,RSPuram(Uzhavar Sandhai ),Sweet Corn ,Sweet Corn ,Local,06-09-2026,3500,4000,3750
Tamil Nadu,Coimbatore,Singanallur(Uzhavar Sandhai ),Cabbage,Cabbage,Local,06-09-2026,2500,3000,2750
Tamil Nadu,Coimbatore,Singanallur(Uzhavar Sandhai ),Onion,Bellary,Local,06-09-2026,5000,5800,5400
Tamil Nadu,Coimbatore,Singanallur(Uzhavar Sandhai ),Chikoos(Sapota),Sapota,Local,06-09-2026,4000,4500,4250
Tamil Nadu,Coimbatore,Singanallur(Uzhavar Sandhai ),Tomato,Deshi,Local,06-09-2026,2500,2800,2650
Tamil Nadu,Coimbatore,Singanallur(Uzhavar Sandhai ),Beans,Beans (Whole),Local,06-09-2026,6000,7000,6500
Tamil Nadu,Coimbatore,Singanallur(Uzhavar Sandhai ),Capsicum,Capsicum,Local,06-09-2026,5000,6000,5500
Tamil Nadu,Coimbatore,Singanallur(Uzhavar Sandhai ),Green Avare(W),Green Avare (W),Local,06-09-2026,5000,5500,5250
Tamil Nadu,Coimbatore,Singanallur(Uzhavar Sandhai ),Lemon,Lemon,Local,06-09-2026,18000,19000,18500
Tamil Nadu,Coimbatore,Singanallur(Uzhavar Sandhai ),Mint(Pudina),Mint(Pudina),Local,06-09-2026,4500,5000,4750
Odisha,Mayurbhanja,Narasinghpur APMC,Cucumbar(Kheera),Cucumbar,Local,06-09-2026,3000,4000,3500
Tamil Nadu,Coimbatore,Pollachi(Uzhavar Sandhai ),Banana,Red Banana,Local,06-09-2026,8000,9000,8500
Tamil Nadu,Coimbatore,Pollachi(Uzhavar Sandhai ),Papaya,Papaya,Local,06-09-2026,4000,4500,4250
Tamil Nadu,Coimbatore,Pollachi(Uzhavar Sandhai ),Ridgeguard(Tori),Ridgeguard(Tori),Local,06-09-2026,4500,5000,4750
Tamil Nadu,Coimbatore,Pollachi(Uzhavar Sandhai ),Green Chilli,Green Chilly,Local,06-09-2026,4500,5000,4750
Tamil Nadu,Coimbatore,Pollachi(Uzhavar Sandhai ),Beans,Beans (Whole),Local,06-09-2026,7000,7500,7250
Tamil Nadu,Coimbatore,Pollachi(Uzhavar Sandhai ),Ginger(Green),Green Ginger,Local,06-09-2026,20000,22000,21000
Tamil Nadu,Coimbatore,Pollachi(Uzhavar Sandhai ),Raddish,Raddish,Local,06-09-2026,3500,4000,3750
Tamil Nadu,Coimbatore,Pollachi(Uzhavar Sandhai ),Green Avare(W),Green Avare (W),Local,06-09-2026,5500,6000,5750
Tamil Nadu,Coimbatore,Pollachi(Uzhavar Sandhai ),Drumstick,Drumstick,Local,06-09-2026,3000,3500,3250
Tamil Nadu,Coimbatore,Pollachi(Uzhavar Sandhai ),Mashrooms,Mashrooms,Local,06-09-2026,18000,20000,19000
Madhya Pradesh,Betul,Betul(F&V) APMC,Ginger(Green),Other,FAQ,06-09-2026,7000,10000,8000
Madhya Pradesh,Betul,Betul(F&V) APMC,Cauliflower,Cauliflower,FAQ,06-09-2026,1600,2500,2000
Uttar Pradesh,Jalaun (Orai),Ait APMC,Wheat,Other,FAQ,06-09-2026,2500,2504,2501.79
Telangana,Siddipet,Siddipet(Rythu Bazar) ,Bhindi(Ladies Finger),Bhindi,Grade A,06-09-2026,2000,2800,2400
Telangana,Siddipet,Siddipet(Rythu Bazar) ,Onion,Onion,Grade A,06-09-2026,4500,5500,5000
Telangana,Siddipet,Siddipet(Rythu Bazar) ,Cluster beans,Cluster Beans,Grade A,06-09-2026,3000,4000,3400
Telangana,Siddipet,Siddipet(Rythu Bazar) ,Beetroot,Beetroot,Grade A,06-09-2026,3500,4500,4000
Telangana,Siddipet,Siddipet(Rythu Bazar) ,Colacasia,Colacasia,Grade A,06-09-2026,3000,4000,3400
Chandigarh,Chandigarh,Chandigarh (Grain/F&V) APMC,Brinjal,Brinjal,FAQ,06-09-2026,800,1200,1000
Chandigarh,Chandigarh,Chandigarh (Grain/F&V) APMC,Carrot,Carrot,FAQ,06-09-2026,1000,1400,1200
Chandigarh,Chandigarh,Chandigarh (Grain/F&V) APMC,Peas Wet,Peas Wet,FAQ,06-09-2026,6000,10000,9000
Telangana,Ranga Reddy,"Vanasthalipuram,RBZ ",Elephant Yam(Suran)/Amorphophallus,Elephant Yam (Suran),Grade A,06-09-2026,3500,3500,3500
Telangana,Ranga Reddy,"Vanasthalipuram,RBZ ",Other green and fresh vegetables,Other,Grade A,06-09-2026,2000,2000,2000
Telangana,Ranga Reddy,"Vanasthalipuram,RBZ ",Brinjal,Brinjal,Grade A,06-09-2026,2300,2300,2300
Telangana,Ranga Reddy,"Vanasthalipuram,RBZ ",Bitter gourd,Bitter Gourd,Grade A,06-09-2026,3500,3500,3500
Telangana,Ranga Reddy,"Vanasthalipuram,RBZ ",Banana - Green,Banana - Green,Grade A,06-09-2026,4000,4000,4000
Tamil Nadu,Karur,Karur(Uzhavar Sandhai ),Cabbage,Cabbage,Local,06-09-2026,4500,5000,4750
Tamil Nadu,Karur,Karur(Uzhavar Sandhai ),Coriander(Leaves),I Sort,Local,06-09-2026,5500,6000,5750
Tamil Nadu,Karur,Karur(Uzhavar Sandhai ),Green Peas,Green Peas,Local,06-09-2026,23500,24000,23750
Tamil Nadu,Karur,Karur(Uzhavar Sandhai ),Bitter gourd,Other,Local,06-09-2026,5500,6000,5750
Tamil Nadu,Karur,Karur(Uzhavar Sandhai ),Colacasia,Colacasia,Local,06-09-2026,6500,7000,6750
Tamil Nadu,Karur,Karur(Uzhavar Sandhai ),Amla(Nelli Kai),Amla,Local,06-09-2026,9000,9500,9250
Tamil Nadu,Karur,Karur(Uzhavar Sandhai ),Onion Green,Onion Green,Local,06-09-2026,7500,8000,7750
Tamil Nadu,Karur,Karur(Uzhavar Sandhai ),Sweet Corn ,Sweet Corn ,Local,06-09-2026,3500,4000,3750
Tripura,North Tripura,Kadamtala,Potato,Jalander,Medium,06-09-2026,1200,1300,1250
Tripura,North Tripura,Kadamtala,Cowpea(Veg),Cowpea (Veg),Medium,06-09-2026,3400,3500,3450
Tripura,South Tripura,Biokhora,Sweet Potato,Sweet Potato,FAQ,06-09-2026,3000,3150,3080
Tamil Nadu,Coimbatore,Kurichi(Uzhavar Sandhai ),Sweet Potato,Hosur Red,Local,06-09-2026,4500,5000,4750
Tamil Nadu,Coimbatore,Kurichi(Uzhavar Sandhai ),Snakeguard,Snakeguard,Local,06-09-2026,3000,3500,3250
Tamil Nadu,Coimbatore,Kurichi(Uzhavar Sandhai ),Bitter gourd,Bitter Gourd,Local,06-09-2026,4000,4500,4250
Tamil Nadu,Coimbatore,Kurichi(Uzhavar Sandhai ),Elephant Yam(Suran)/Amorphophallus,Elephant Yam (Suran),Local,06-09-2026,3500,4000,3750
Tamil Nadu,Coimbatore,Kurichi(Uzhavar Sandhai ),Onion Green,Onion Green,Local,06-09-2026,8000,8500,8250
Tamil Nadu,Coimbatore,Kurichi(Uzhavar Sandhai ),Mint(Pudina),Mint(Pudina),Local,06-09-2026,4500,5000,4750
Tamil Nadu,Cuddalore,Chidambaram(Uzhavar Sandhai ),Banana,Besrai,Local,06-09-2026,4000,4000,4000
Tamil Nadu,Cuddalore,Chidambaram(Uzhavar Sandhai ),Potato,Red Nanital,Local,06-09-2026,4000,4000,4000
Tamil Nadu,Cuddalore,Cuddalore(Uzhavar Sandhai ),Beetroot,Beetroot,Local,06-09-2026,4000,4000,4000
Tamil Nadu,Cuddalore,Cuddalore(Uzhavar Sandhai ),Onion,Bellary,Local,06-09-2026,5000,6000,5500
Tamil Nadu,Cuddalore,Cuddalore(Uzhavar Sandhai ),Amaranthus,Amaranthus,Local,06-09-2026,2000,3000,2500
Tamil Nadu,Cuddalore,Cuddalore(Uzhavar Sandhai ),Beans,Beans (Whole),Local,06-09-2026,9000,9000,9000
Tamil Nadu,Cuddalore,Cuddalore(Uzhavar Sandhai ),Ginger(Green),Green Ginger,Local,06-09-2026,17000,17000,17000
Tamil Nadu,Cuddalore,Cuddalore(Uzhavar Sandhai ),Mango(Raw-Ripe),Mango - Raw-Ripe,Local,06-09-2026,9000,9000,9000
Tamil Nadu,Tuticorin,Tuticorin(Uzhavar Sandhai ),Grapes,Annabesahai,Local,06-09-2026,13000,14000,13500
Tamil Nadu,Tuticorin,Tuticorin(Uzhavar Sandhai ),Cluster beans,Cluster Beans,Local,06-09-2026,3500,4000,3750
Tamil Nadu,Tuticorin,Tuticorin(Uzhavar Sandhai ),Pumpkin,Pumpkin,Local,06-09-2026,1500,2000,1750
Tamil Nadu,Tuticorin,Tuticorin(Uzhavar Sandhai ),Bhindi(Ladies Finger),Bhindi,Local,06-09-2026,3000,3500,3250
Tamil Nadu,Tuticorin,Tuticorin(Uzhavar Sandhai ),Guava,Guava Allahabad,Local,06-09-2026,5000,6000,5500
Tamil Nadu,Tuticorin,Tuticorin(Uzhavar Sandhai ),Colacasia,Colacasia,Local,06-09-2026,6500,7000,6750
Tamil Nadu,Tuticorin,Tuticorin(Uzhavar Sandhai ),Onion Green,Onion Green,Local,06-09-2026,7500,8000,7750
Madhya Pradesh,Sehore,Sehore APMC,Maize,Local,FAQ,06-09-2026,1650,1650,1650
Madhya Pradesh,Dhar,Dhar APMC,Wheat,Mill Quality,FAQ,06-09-2026,2200,2200,2200
Tamil Nadu,Nagercoil (Kannyiakumari),Vadaseri APMC,Carrot,Pusakesar,Local,06-09-2026,7500,8000,7750
Tamil Nadu,Nagercoil (Kannyiakumari),Vadaseri APMC,Cabbage,Cabbage,Local,06-09-2026,5000,5500,5250
Tamil Nadu,Nagercoil (Kannyiakumari),Vadaseri APMC,Pumpkin,Pumpkin,Local,06-09-2026,1700,2000,1850
Tamil Nadu,Nagercoil (Kannyiakumari),Vadaseri APMC,Banana - Green,Banana - Green,Local,06-09-2026,6500,7000,6750
Tamil Nadu,Nagercoil (Kannyiakumari),Vadaseri APMC,Beans,Beans (Whole),Local,06-09-2026,11600,12600,12100
Tamil Nadu,Nagercoil (Kannyiakumari),Vadaseri APMC,Tapioca,Tapioca,Local,06-09-2026,3500,4000,3750
Tamil Nadu,Nagercoil (Kannyiakumari),Vadaseri APMC,Raddish,Raddish,Local,06-09-2026,4000,4500,4250
Tamil Nadu,Nagercoil (Kannyiakumari),Vadaseri APMC,Green Avare(W),Green Avare (W),Local,06-09-2026,3500,4000,3750
Tamil Nadu,Nagercoil (Kannyiakumari),Vadaseri APMC,Elephant Yam(Suran)/Amorphophallus,Elephant Yam (Suran),Local,06-09-2026,5000,5500,5250
Tamil Nadu,Nagercoil (Kannyiakumari),Vadaseri APMC,Onion Green,Onion Green,Local,06-09-2026,8500,9000,8750
Tamil Nadu,Pudukkottai,Karambakkudi(Uzhavar Sandhai ),Ridgeguard(Tori),Ridgeguard(Tori),Local,06-09-2026,5000,6000,5500
Tamil Nadu,Pudukkottai,Karambakkudi(Uzhavar Sandhai ),Onion,Bellary,Local,06-09-2026,6000,7000,6500
Tamil Nadu,Pudukkottai,Karambakkudi(Uzhavar Sandhai ),Potato,Other,Local,06-09-2026,5000,6000,5500
Tamil Nadu,Pudukkottai,Karambakkudi(Uzhavar Sandhai ),Bottle gourd,Bottle Gourd,Local,06-09-2026,2500,3000,2750
Tamil Nadu,Pudukkottai,Karambakkudi(Uzhavar Sandhai ),Pumpkin,Pumpkin,Local,06-09-2026,1000,1500,1250
Tamil Nadu,Pudukkottai,Karambakkudi(Uzhavar Sandhai ),Drumstick,Drumstick,Local,06-09-2026,4500,5000,4750
Madhya Pradesh,Khandwa,Khandwa APMC,Onion,Local,FAQ,06-09-2026,1425,4260,3600
Maharashtra,Ahilyanagar,APMC Rahata ,Ridgeguard(Tori),Other,Local,06-09-2026,1000,3500,2250
Maharashtra,Ahilyanagar,APMC Rahata ,Garlic,Other,Local,06-09-2026,10000,12000,11000
Maharashtra,Ahilyanagar,APMC Rahata ,Beetroot,Other,Local,06-09-2026,1000,1700,1350
Maharashtra,Ahilyanagar,APMC Rahata ,Cauliflower,Other,Local,06-09-2026,500,1500,1000
Maharashtra,Ahilyanagar,APMC Rahata ,Beans,Other,Local,06-09-2026,2000,3000,2500
Madhya Pradesh,Dhar,Dhamnod APMC,Cotton,Without Ginned Cotton,FAQ,06-09-2026,7301,7511,7511
Madhya Pradesh,Dhar,Kukshi APMC,Cotton,Without Ginned Cotton,FAQ,06-09-2026,7911,8100,8100
Tamil Nadu,Vellore,Thirupathur APMC,Cabbage,Cabbage,Local,06-09-2026,3400,3400,3400
Tamil Nadu,Vellore,Thirupathur APMC,Beetroot,Beetroot,Local,06-09-2026,5600,5600,5600
Tamil Nadu,Vellore,Thirupathur APMC,Onion,Bellary,Local,06-09-2026,5500,5500,5500
Tamil Nadu,Vellore,Thirupathur APMC,Water Melon,Water Melon,Local,06-09-2026,2000,2000,2000
Tamil Nadu,Vellore,Thirupathur APMC,Bitter gourd,Bitter Gourd,Local,06-09-2026,5000,5000,5000
Tamil Nadu,Vellore,Thirupathur APMC,Bottle gourd,Bottle Gourd,Local,06-09-2026,2000,2000,2000
Tamil Nadu,Vellore,Thirupathur APMC,Bhindi(Ladies Finger),Bhindi,Local,06-09-2026,3000,3000,3000
Tamil Nadu,Vellore,Thirupathur APMC,Cowpea(Veg),Cowpea (Veg),Local,06-09-2026,8000,8000,8000
Tamil Nadu,Vellore,Thirupathur APMC,Beans,Beans (Whole),Local,06-09-2026,7000,7000,7000
Tamil Nadu,Vellore,Thirupathur APMC,Tapioca,Tapioca,Local,06-09-2026,5000,5000,5000
Tamil Nadu,Vellore,Thirupathur APMC,Ginger(Green),Green Ginger,Local,06-09-2026,20000,20000,20000
Tamil Nadu,Vellore,Thirupathur APMC,Raddish,Raddish,Local,06-09-2026,2400,2400,2400
Tamil Nadu,Vellore,Thirupathur APMC,Thondekai,Thondekai,Local,06-09-2026,4000,4000,4000
Tamil Nadu,Vellore,Thirupathur APMC,Tender Coconut,Tender Coconut,Local,06-09-2026,3000,3000,3000
Tamil Nadu,Vellore,Thirupathur APMC,Onion Green,Onion Green,Local,06-09-2026,7500,7500,7500
Tamil Nadu,Vellore,Vellore APMC,Coconut,Coconut,Local,06-09-2026,4000,4000,4000
Tamil Nadu,Vellore,Vellore APMC,Groundnut,Big (With Shell),Local,06-09-2026,8500,8500,8500
Tamil Nadu,Vellore,Vellore APMC,Ridgeguard(Tori),Ridgeguard(Tori),Local,06-09-2026,4000,4500,4250
Tamil Nadu,Vellore,Vellore APMC,Garlic,Garlic,Local,06-09-2026,21000,21000,21000
Tamil Nadu,Vellore,Vellore APMC,Papaya,Papaya,Local,06-09-2026,4000,4500,4250
Tamil Nadu,Vellore,Vellore APMC,Water Melon,Water Melon,Local,06-09-2026,2000,2000,2000
Tamil Nadu,Vellore,Vellore APMC,Bottle gourd,Bottle Gourd,Local,06-09-2026,2000,2000,2000
Tamil Nadu,Vellore,Vellore APMC,Marigold(Calcutta),Marigold(Calcutta),Local,06-09-2026,18000,18000,18000
Tamil Nadu,Vellore,Vellore APMC,Onion Green,Onion Green,Local,06-09-2026,8000,8000,8000
Tamil Nadu,Vellore,Vellore APMC,Rose(Local),Rose (Local),Local,06-09-2026,13000,13000,13000
Madhya Pradesh,Rajgarh,Biaora APMC,Wheat,Wheat,FAQ,06-09-2026,2600,2765,2690
Madhya Pradesh,Rajgarh,Biaora APMC,Garlic,Garlic,FAQ,06-09-2026,1200,19000,6500
Madhya Pradesh,Rajgarh,Biaora APMC,Wheat,Wheat,Non-FAQ,06-09-2026,2690,2690,2690
Madhya Pradesh,Rajgarh,Biaora APMC,Bengal Gram(Gram)(Whole),Gram,FAQ,06-09-2026,6065,6065,6065
Bihar,Supaul,Triveniganj APMC,Brinjal,Arkasheela Mattigulla,Grade A,06-09-2026,2800,2800,2800
Tamil Nadu,Dharmapuri,Harur(Uzhavar Sandhai ),Beetroot,Beetroot,Local,06-09-2026,4000,5000,4500
Tamil Nadu,Dharmapuri,Harur(Uzhavar Sandhai ),Potato,Red Nanital,Local,06-09-2026,2500,3000,2750
Tamil Nadu,Dharmapuri,Harur(Uzhavar Sandhai ),Ginger(Green),Green Ginger,Local,06-09-2026,14000,16000,15000
Tamil Nadu,Krishnagiri,Kaveripattinam(Uzhavar Sandhai ),Cluster beans,Cluster Beans,Local,06-09-2026,4000,4000,4000
Tamil Nadu,Krishnagiri,Kaveripattinam(Uzhavar Sandhai ),Pumpkin,Pumpkin,Local,06-09-2026,2000,2000,2000
Tamil Nadu,Krishnagiri,Kaveripattinam(Uzhavar Sandhai ),Ginger(Green),Green Ginger,Local,06-09-2026,16000,16000,16000
Tamil Nadu,Krishnagiri,Kaveripattinam(Uzhavar Sandhai ),Green Avare(W),Green Avare (W),Local,06-09-2026,7000,7000,7000
Tamil Nadu,Krishnagiri,Kaveripattinam(Uzhavar Sandhai ),Drumstick,Drumstick,Local,06-09-2026,3000,3000,3000
Tamil Nadu,The Nilgiris,Gudalur(Uzhavar Sandhai ),Cabbage,Cabbage,Local,06-09-2026,2000,2500,2250
Tamil Nadu,The Nilgiris,Gudalur(Uzhavar Sandhai ),Beetroot,Beetroot,Local,06-09-2026,4500,5000,4750
Tamil Nadu,The Nilgiris,Gudalur(Uzhavar Sandhai ),Potato,Red Nanital,Local,06-09-2026,5000,5500,5250
Tamil Nadu,The Nilgiris,Gudalur(Uzhavar Sandhai ),Garlic,Garlic,Local,06-09-2026,19000,20000,19500
Tamil Nadu,The Nilgiris,Gudalur(Uzhavar Sandhai ),Brinjal,Round,Local,06-09-2026,3000,3400,3200
Tamil Nadu,The Nilgiris,Gudalur(Uzhavar Sandhai ),Tomato,Deshi,Local,06-09-2026,2500,2800,2650
Tamil Nadu,The Nilgiris,Gudalur(Uzhavar Sandhai ),Knool Khol,Knool Khol,Local,06-09-2026,3500,4000,3750
Odisha,Bargarh,Attabira APMC,Brinjal,Other,Local,06-09-2026,2650,2950,2800
Himachal Pradesh,Kullu,SMY Bhuntar,Cucumbar(Kheera),Other,FAQ,06-09-2026,800,2000,1400
Himachal Pradesh,Kullu,SMY Bhuntar,Bottle gourd,Other,FAQ,06-09-2026,500,1000,800
Himachal Pradesh,Kullu,SMY Bhuntar,Peas Wet,Other,FAQ,06-09-2026,11500,13000,12200
Himachal Pradesh,Kullu,SMY Bhuntar,Onion,Other,FAQ,06-09-2026,5600,6200,5900
Himachal Pradesh,Kullu,SMY Bhuntar,Carrot,Other,FAQ,06-09-2026,2500,3200,2900
Himachal Pradesh,Kullu,SMY Bhuntar,Banana,Other,Medium,06-09-2026,3600,3800,3700
Himachal Pradesh,Kullu,SMY Bhuntar,Apple,Apple,Medium,06-09-2026,3000,14000,9000
Uttar Pradesh,Agra,Agra APMC,Potato,Other,FAQ,06-09-2026,500,600,541.38
Punjab,Tarntaran,Patti APMC,Potato,Potato,Local,06-09-2026,0.08,0.08,0.08
Punjab,Tarntaran,Patti APMC,Bitter gourd,Other,Local,06-09-2026,0.1,0.1,0.1
Punjab,Tarntaran,Patti APMC,Raddish,Raddish,Local,06-09-2026,10.3,10.3,10.3
Uttarakhand,Dehradoon,Vikasnagar APMC,Potato,Other,Medium,06-09-2026,800,1000,1000
Uttarakhand,Dehradoon,Vikasnagar APMC,Tomato,Other,Medium,06-09-2026,1000,1500,1500
Uttarakhand,Dehradoon,Vikasnagar APMC,Pumpkin,Pumpkin,Medium,06-09-2026,500,600,600
Andhra Pradesh,Tirupathi,Venkatagiri APMC,Paddy(Common),MTU-1010,FAQ,06-09-2026,2350,2450,2400
Andhra Pradesh,Tirupathi,Venkatagiri APMC,Groundnut,Balli/Habbu,FAQ,06-09-2026,5400,7200,6500
Uttarakhand,Dehradoon,Rishikesh APMC,Onion,Other,Medium,06-09-2026,3000,4800,3950
Uttarakhand,Dehradoon,Rishikesh APMC,Apple,Kasmir/Shimla - II,Medium,06-09-2026,2500,7600,3250
Uttarakhand,Dehradoon,Rishikesh APMC,Banana,Other,Medium,06-09-2026,1700,2000,1850
Telangana,Medchal Malkajgiri,"Kukatpally,RBZ",Bhindi(Ladies Finger),Other,Local,06-09-2026,3500,3500,3500
Telangana,Medchal Malkajgiri,"Kukatpally,RBZ",Carrot,Carrot,Local,06-09-2026,5000,5000,5000
Telangana,Medchal Malkajgiri,"Kukatpally,RBZ",Wild Cucumber,Wild Cucumber,Grade A,06-09-2026,1500,1500,1500
Telangana,Medchal Malkajgiri,"Kukatpally,RBZ",Cauliflower,African Sarson,Local,06-09-2026,2100,2100,2100
Telangana,Medchal Malkajgiri,"Kukatpally,RBZ",Cluster beans,Cluster Beans,Local,06-09-2026,2800,2800,2800
Telangana,Medchal Malkajgiri,"Kukatpally,RBZ",Drumstick,Drumstick,Local,06-09-2026,4000,4000,4000
Telangana,Medchal Malkajgiri,"Kukatpally,RBZ",Yam(Ratalu),Other,Local,06-09-2026,3500,3500,3500
Punjab,Amritsar,Rayya APMC,Paddy(Basmati),Basmati 1509,FAQ,06-09-2026,3830,3830,3830
Uttarakhand,Udhamsinghnagar,Jaspur(UC) APMC,Green Chilli,Green Chilly,FAQ,06-09-2026,2400,2500,2450
Himachal Pradesh,Kullu,SMY Shatt,Apple,Apple,Medium,06-09-2026,2000,7000,4000
Andhra Pradesh,Prakasam,Santhamaguluru APMC,Maize,Hybrid,FAQ,06-09-2026,2400,2480,2450
Tripura,Dhalai,Kulai APMC,Indian Beans(Seam),Other,Grade B,06-09-2026,5600,6000,5800
Tripura,Dhalai,Kulai APMC,Bitter gourd,Bitter Gourd,Grade B,06-09-2026,8500,9000,8800
Tripura,Dhalai,Kulai APMC,Pointed gourd(Parval),Pointed gourd (Parval),Grade B,06-09-2026,5500,6000,5700
Andhra Pradesh,Prakasam,Maddipadu APMC,Bengal Gram(Gram)(Whole),Gulabi,FAQ,06-09-2026,6000,6000,6000
Andhra Pradesh,Prakasam,Maddipadu APMC,Bajra(Pearl Millet/Cumbu),Bold,FAQ,06-09-2026,2750,2750,2750
Keralam,Kozhikode(Calicut),Mukkom Market,Potato,Potato,FAQ,06-09-2026,2400,2800,2600
Keralam,Kozhikode(Calicut),Mukkom Market,Ginger(Green),Green Ginger,FAQ,06-09-2026,16500,17500,17000
Keralam,Kozhikode(Calicut),Mukkom Market,Beetroot,Beetroot,FAQ,06-09-2026,5000,5300,5100
Keralam,Kozhikode(Calicut),Mukkom Market,Bitter gourd,Bitter Gourd,FAQ,06-09-2026,7000,7500,7200
Telangana,Hyderabad,RYTHU BAZAR FALAKNUMA,Cauliflower,Cauliflower,Grade A,06-09-2026,2100,2100,2100
Telangana,Hyderabad,RYTHU BAZAR FALAKNUMA,Cluster beans,Cluster Beans,Grade A,06-09-2026,2800,2800,2800
Odisha,Rayagada,Gunpur APMC,Cashewnuts,Local(Raw),Local,06-09-2026,27000,27100,27020
Odisha,Rayagada,Gunpur APMC,Brinjal,Round,FAQ,06-09-2026,6460,7080,6860
Andhra Pradesh,Annamayya,Somala APMC,Tomato,Tomato,FAQ,06-09-2026,1000,1600,1300
Punjab,Gurdaspur,Quadian APMC,Capsicum,Other,Grade A,06-09-2026,3800,4000,3900
Keralam,Kollam,Anchal Market,Cucumbar(Kheera),Cucumbar,Local,06-09-2026,2800,2800,2800
Keralam,Kollam,Anchal Market,Elephant Yam(Suran)/Amorphophallus,Elephant Yam (Suran),Medium,06-09-2026,4300,4300,4300
Keralam,Kollam,Anchal Market,Banana,Robusta,Medium,06-09-2026,4300,4300,4300
Keralam,Kollam,Anchal Market,Banana,Poovan,Medium,06-09-2026,8400,8400,8400
Keralam,Kollam,Anchal Market,Pineapple,Other,Local,06-09-2026,6800,6800,6800
Keralam,Kollam,Anchal Market,Cauliflower,Cauliflower,Medium,06-09-2026,6800,6800,6800
Keralam,Kollam,Anchal Market,Tapioca,Other,Local,06-09-2026,3400,3400,3400
Keralam,Kollam,Anchal Market,Onion,Big,Local,06-09-2026,3800,3800,3800
Keralam,Kollam,Anchal Market,Snakeguard,Snakeguard,Local,06-09-2026,4700,4700,4700
Rajasthan,Hanumangarh,Rawatsar APMC,Potato,Red Nanital,FAQ,06-09-2026,400,800,600
Andhra Pradesh,Nandyal,Koilkunta APMC,Jowar(Sorghum),Jowar ( White),FAQ,06-09-2026,3000,3400,3200
Punjab,Sangrur,Ahmedgarh APMC,Banana,Other,Medium,06-09-2026,2800,3000,3000
Keralam,Kottayam,Ettumanoor Market,Tomato,Tomato,FAQ,06-09-2026,3000,3400,3200
Keralam,Kottayam,Ettumanoor Market,Colacasia,Other,FAQ,06-09-2026,6400,6800,6600
Punjab,Tarntaran,Harike APMC,Capsicum,Capsicum,FAQ,06-09-2026,1100,1200,1150
Karnataka,Vijayanagara,Hospet APMC,Green Chilli,Green Chilly,Local,06-09-2026,2000,2800,2500
Tamil Nadu,Thirupur,Tiruppur (South) (Uzhavar Sandhai ),Cabbage,Cabbage,Local,06-09-2026,1800,2000,1900
Tamil Nadu,Thirupur,Tiruppur (South) (Uzhavar Sandhai ),Beetroot,Beetroot,Local,06-09-2026,5000,6000,5500
Tamil Nadu,Thirupur,Tiruppur (South) (Uzhavar Sandhai ),Brinjal,Other,Local,06-09-2026,4000,6000,5000
Tamil Nadu,Thirupur,Tiruppur (South) (Uzhavar Sandhai ),Thondekai,Thondekai,Local,06-09-2026,3500,4000,3750
Tamil Nadu,Erode,Perundurai(Uzhavar Sandhai ),Banana,Red Banana,Local,06-09-2026,6000,6500,6250
Tamil Nadu,Erode,Perundurai(Uzhavar Sandhai ),Brinjal,Round,Local,06-09-2026,3000,3400,3200
Tamil Nadu,Erode,Perundurai(Uzhavar Sandhai ),Bottle gourd,Bottle Gourd,Local,06-09-2026,1800,2000,1900
Tamil Nadu,Erode,Perundurai(Uzhavar Sandhai ),Amaranthus,Amaranthus,Local,06-09-2026,3000,3500,3250
Tamil Nadu,Erode,Perundurai(Uzhavar Sandhai ),Tapioca,Tapioca,Local,06-09-2026,2500,2800,2650
Tamil Nadu,Erode,Perundurai(Uzhavar Sandhai ),Raddish,Raddish,Local,06-09-2026,2000,2200,2100
Tamil Nadu,Erode,Perundurai(Uzhavar Sandhai ),Drumstick,Drumstick,Local,06-09-2026,2800,3000,2900
Tamil Nadu,Erode,Perundurai(Uzhavar Sandhai ),Mint(Pudina),Mint(Pudina),Local,06-09-2026,3500,4000,3750
Tamil Nadu,Dharmapuri,Dharmapuri(Uzhavar Sandhai ),Carrot,Pusakesar,Local,06-09-2026,6200,6400,6300
Tamil Nadu,Dharmapuri,Dharmapuri(Uzhavar Sandhai ),Snakeguard,Snakeguard,Local,06-09-2026,1800,2000,1900
Tamil Nadu,Dharmapuri,Dharmapuri(Uzhavar Sandhai ),Cauliflower,Ranchi,Local,06-09-2026,3300,3500,3400
Tamil Nadu,Dharmapuri,Dharmapuri(Uzhavar Sandhai ),Papaya,Papaya,Local,06-09-2026,3500,3800,3650
Tamil Nadu,Dharmapuri,Dharmapuri(Uzhavar Sandhai ),Bhindi(Ladies Finger),Bhindi,Local,06-09-2026,2200,2400,2300
Tamil Nadu,Dharmapuri,Dharmapuri(Uzhavar Sandhai ),Sweet Corn ,Sweet Corn ,Local,06-09-2026,2800,3000,2900
Tamil Nadu,Dharmapuri,Palacode(Uzhavar Sandhai ),Snakeguard,Snakeguard,Local,06-09-2026,2200,2400,2300
Tamil Nadu,Dharmapuri,Palacode(Uzhavar Sandhai ),Bhindi(Ladies Finger),Bhindi,Local,06-09-2026,2200,2500,2350
Tamil Nadu,Dharmapuri,Palacode(Uzhavar Sandhai ),Cowpea(Veg),Cowpea (Veg),Local,06-09-2026,4200,4500,4350
Tamil Nadu,Dharmapuri,Palacode(Uzhavar Sandhai ),Capsicum,Capsicum,Local,06-09-2026,7800,8000,7900
Tamil Nadu,Dharmapuri,Palacode(Uzhavar Sandhai ),Guava,Guava Allahabad,Local,06-09-2026,6000,6500,6250
Tamil Nadu,Dharmapuri,Palacode(Uzhavar Sandhai ),Elephant Yam(Suran)/Amorphophallus,Elephant Yam (Suran),Local,06-09-2026,5400,5800,5600
Tamil Nadu,Dharmapuri,Palacode(Uzhavar Sandhai ),Amla(Nelli Kai),Amla,Local,06-09-2026,9000,9500,9250
Tamil Nadu,Dharmapuri,Pennagaram(Uzhavar Sandhai ),Sweet Potato,Hosur Red,Local,06-09-2026,2800,3000,2900
Tamil Nadu,Dharmapuri,Pennagaram(Uzhavar Sandhai ),Carrot,Pusakesar,Local,06-09-2026,7200,7500,7350
Tamil Nadu,Dharmapuri,Pennagaram(Uzhavar Sandhai ),Cabbage,Cabbage,Local,06-09-2026,3700,4000,3850
Tamil Nadu,Dharmapuri,Pennagaram(Uzhavar Sandhai ),Banana,Besrai,Local,06-09-2026,4500,5000,4750
Tamil Nadu,Dharmapuri,Pennagaram(Uzhavar Sandhai ),Bitter gourd,Bitter Gourd,Local,06-09-2026,4600,5000,4800
Tamil Nadu,Dharmapuri,Pennagaram(Uzhavar Sandhai ),Tapioca,Tapioca,Local,06-09-2026,2800,3000,2900
Tamil Nadu,Dharmapuri,Pennagaram(Uzhavar Sandhai ),Green Avare(W),Green Avare (W),Local,06-09-2026,6500,7000,6750
Tamil Nadu,Dindigul,Chinnalapatti(Uzhavar Sandhai ),Coconut,Coconut,Local,06-09-2026,6000,6500,6250
Tamil Nadu,Dindigul,Chinnalapatti(Uzhavar Sandhai ),Cabbage,Cabbage,Local,06-09-2026,3600,4000,3800
Tamil Nadu,Dindigul,Chinnalapatti(Uzhavar Sandhai ),Coriander(Leaves),I Sort,Local,06-09-2026,2500,3000,2750
Tamil Nadu,Dindigul,Chinnalapatti(Uzhavar Sandhai ),Bottle gourd,Bottle Gourd,Local,06-09-2026,2500,3000,2750
Tamil Nadu,Dindigul,Chinnalapatti(Uzhavar Sandhai ),Raddish,Raddish,Local,06-09-2026,3600,4000,3800
Tamil Nadu,Dindigul,Chinnalapatti(Uzhavar Sandhai ),Green Avare(W),Other,Local,06-09-2026,7000,8000,7500
Tamil Nadu,Dindigul,Dindigul(Uzhavar Sandhai ),Sweet Potato,Hosur Red,Local,06-09-2026,5000,6000,5500
Tamil Nadu,Dindigul,Dindigul(Uzhavar Sandhai ),Potato,Other,Local,06-09-2026,5000,6000,5500
Tamil Nadu,Dindigul,Dindigul(Uzhavar Sandhai ),Tomato,Deshi,Local,06-09-2026,2500,3000,2750
Tamil Nadu,Dindigul,Dindigul(Uzhavar Sandhai ),Tapioca,Tapioca,Local,06-09-2026,3000,4000,3500
Tamil Nadu,Dindigul,Dindigul(Uzhavar Sandhai ),Green Avare(W),Green Avare (W),Local,06-09-2026,7000,8000,7500
Tamil Nadu,Dindigul,Dindigul(Uzhavar Sandhai ),Indian Beans(Seam),Indian Beans (Seam),Local,06-09-2026,6000,7000,6500
Tamil Nadu,Dindigul,Palani(Uzhavar Sandhai ),Coconut,Coconut,Local,06-09-2026,5200,5500,5350
Tamil Nadu,Dindigul,Palani(Uzhavar Sandhai ),Garlic,Garlic,Local,06-09-2026,16000,24000,20000
Tamil Nadu,Dindigul,Palani(Uzhavar Sandhai ),Brinjal,Other,Local,06-09-2026,5000,6000,5500
Tamil Nadu,Dindigul,Palani(Uzhavar Sandhai ),Water Melon,Water Melon,Local,06-09-2026,1000,2000,1500
Tamil Nadu,Dindigul,Palani(Uzhavar Sandhai ),Cluster beans,Cluster Beans,Local,06-09-2026,2500,3000,2750
Tamil Nadu,Dindigul,Palani(Uzhavar Sandhai ),Pumpkin,Pumpkin,Local,06-09-2026,1200,1600,1400
Tamil Nadu,Dindigul,Palani(Uzhavar Sandhai ),Banana - Green,Banana - Green,Local,06-09-2026,3000,3600,3300
Tamil Nadu,Dindigul,Palani(Uzhavar Sandhai ),Thondekai,Thondekai,Local,06-09-2026,3400,4000,3700
Tamil Nadu,Dindigul,Palani(Uzhavar Sandhai ),Green Avare(W),Other,Local,06-09-2026,6000,7000,6500
Tamil Nadu,Dindigul,Palani(Uzhavar Sandhai ),Knool Khol,Knool Khol,Local,06-09-2026,4000,5000,4500
Tamil Nadu,Dindigul,Palani(Uzhavar Sandhai ),Lime,Lime,Local,06-09-2026,10000,12000,11000
Tamil Nadu,Dindigul,Palani(Uzhavar Sandhai ),Mint(Pudina),Mint(Pudina),Local,06-09-2026,6000,7000,6500
Tamil Nadu,Erode,Periyar Nagar(Uzhavar Sandhai ),Coriander(Leaves),I Sort,Local,06-09-2026,3200,3600,3400
Tamil Nadu,Erode,Periyar Nagar(Uzhavar Sandhai ),Tomato,Other,Local,06-09-2026,2500,2800,2650
Tamil Nadu,Erode,Periyar Nagar(Uzhavar Sandhai ),Lemon,Lemon,Local,06-09-2026,26000,27000,26500
Tamil Nadu,Kallakuruchi,Sankarapuram(Uzhavar Sandhai ),Coriander(Leaves),I Sort,Local,06-09-2026,6000,6000,6000
Tamil Nadu,Kallakuruchi,Sankarapuram(Uzhavar Sandhai ),Papaya,Papaya,Local,06-09-2026,3000,3000,3000
Tamil Nadu,Kallakuruchi,Sankarapuram(Uzhavar Sandhai ),Bhindi(Ladies Finger),Bhindi,Local,06-09-2026,2500,2500,2500
Tamil Nadu,Kallakuruchi,Sankarapuram(Uzhavar Sandhai ),Ginger(Green),Green Ginger,Local,06-09-2026,18000,18000,18000
Tamil Nadu,Kallakuruchi,Sankarapuram(Uzhavar Sandhai ),Raddish,Raddish,Local,06-09-2026,5000,5000,5000
Tamil Nadu,Kallakuruchi,Sankarapuram(Uzhavar Sandhai ),Mint(Pudina),Mint(Pudina),Local,06-09-2026,4000,4000,4000
Tamil Nadu,Kallakuruchi,Sankarapuram(Uzhavar Sandhai ),Baby Corn,Baby Corn,Grade A,06-09-2026,3000,3000,3000
Tamil Nadu,Kancheepuram,Kancheepuram(Uzhavar Sandhai ),Banana,Karpura,Local,06-09-2026,4000,5000,4500
Tamil Nadu,Kancheepuram,Kancheepuram(Uzhavar Sandhai ),Pumpkin,Pumpkin,Local,06-09-2026,2000,3000,2500
Tamil Nadu,Kancheepuram,Kancheepuram(Uzhavar Sandhai ),Amaranthus,Amaranthus,Local,06-09-2026,3500,4000,3750
Tamil Nadu,Kancheepuram,Kundrathur(Uzhavar Sandhai ),Carrot,Pusakesar,Local,06-09-2026,5500,5500,5500
Tamil Nadu,Kancheepuram,Kundrathur(Uzhavar Sandhai ),Beetroot,Beetroot,Local,06-09-2026,4000,4000,4000
Tamil Nadu,Kancheepuram,Kundrathur(Uzhavar Sandhai ),Cauliflower,Ranchi,Local,06-09-2026,3000,3500,3250
Tamil Nadu,Kancheepuram,Kundrathur(Uzhavar Sandhai ),Brinjal,Other,Local,06-09-2026,3000,3500,3250
Tamil Nadu,Kancheepuram,Kundrathur(Uzhavar Sandhai ),Bitter gourd,Bitter Gourd,Local,06-09-2026,4000,4000,4000
Tamil Nadu,Kancheepuram,Kundrathur(Uzhavar Sandhai ),Bhindi(Ladies Finger),Bhindi,Local,06-09-2026,3000,3000,3000
Tamil Nadu,Kancheepuram,Kundrathur(Uzhavar Sandhai ),Banana - Green,Banana - Green,Local,06-09-2026,3000,3000,3000
Tamil Nadu,Kancheepuram,Kundrathur(Uzhavar Sandhai ),Green Avare(W),Green Avare (W),Local,06-09-2026,5000,5000,5000
Tamil Nadu,Kancheepuram,Kundrathur(Uzhavar Sandhai ),Colacasia,Colacasia,Local,06-09-2026,3500,3500,3500
Tamil Nadu,Kancheepuram,Padappai(Uzhavar Sandhai ),Carrot,Pusakesar,Local,06-09-2026,4000,7000,5500
Tamil Nadu,Kancheepuram,Padappai(Uzhavar Sandhai ),Onion,Bellary,Local,06-09-2026,5000,6000,5500
Tamil Nadu,Kancheepuram,Padappai(Uzhavar Sandhai ),Brinjal,Round,Local,06-09-2026,3000,4000,3500
Tamil Nadu,Kancheepuram,Padappai(Uzhavar Sandhai ),Bitter gourd,Other,Local,06-09-2026,3000,4000,3500
Tamil Nadu,Kancheepuram,Padappai(Uzhavar Sandhai ),Amaranthus,Amaranthus,Local,06-09-2026,3000,4000,3500
Tamil Nadu,Kancheepuram,Padappai(Uzhavar Sandhai ),Green Chilli,Green Chilly,Local,06-09-2026,4500,5500,5000
Tamil Nadu,Kancheepuram,Padappai(Uzhavar Sandhai ),Tapioca,Tapioca,Local,06-09-2026,2500,3500,3000
Tamil Nadu,Kancheepuram,Padappai(Uzhavar Sandhai ),Coconut,Coconut,Local,06-09-2026,5500,6500,6000
Tamil Nadu,Kancheepuram,Padappai(Uzhavar Sandhai ),Onion Green,Onion Green,Local,06-09-2026,6000,8000,7000
Tamil Nadu,Kancheepuram,Sunguvarchatram(Uzhavar Sandhai ),Potato,Other,Local,06-09-2026,2800,2800,2800
Tamil Nadu,Kancheepuram,Sunguvarchatram(Uzhavar Sandhai ),Bitter gourd,Bitter Gourd,Local,06-09-2026,4000,4000,4000
Tamil Nadu,Kancheepuram,Sunguvarchatram(Uzhavar Sandhai ),Banana - Green,Banana - Green,Local,06-09-2026,3000,3000,3000
Tamil Nadu,Krishnagiri,Avallapalli(Uzhavar Sandhai ),Cabbage,Cabbage,Local,06-09-2026,1000,1500,1250
Tamil Nadu,Krishnagiri,Avallapalli(Uzhavar Sandhai ),Cucumbar(Kheera),Cucumbar,Local,06-09-2026,2500,3000,2750
Tamil Nadu,Krishnagiri,Avallapalli(Uzhavar Sandhai ),Bottle gourd,Bottle Gourd,Local,06-09-2026,1500,2000,1750
Tamil Nadu,Krishnagiri,Avallapalli(Uzhavar Sandhai ),Bhindi(Ladies Finger),Bhindi,Local,06-09-2026,2500,3000,2750
Tamil Nadu,Krishnagiri,Avallapalli(Uzhavar Sandhai ),Ginger(Green),Green Ginger,Local,06-09-2026,14000,15000,14500
Tamil Nadu,Krishnagiri,Avallapalli(Uzhavar Sandhai ),Raddish,Raddish,Local,06-09-2026,1000,1200,1100
Tamil Nadu,Krishnagiri,Avallapalli(Uzhavar Sandhai ),Capsicum,Capsicum,Local,06-09-2026,3000,3500,3250
Tamil Nadu,Krishnagiri,Avallapalli(Uzhavar Sandhai ),Drumstick,Drumstick,Local,06-09-2026,3500,4000,3750
Tamil Nadu,Krishnagiri,Avallapalli(Uzhavar Sandhai ),Yam(Ratalu),Yam (Ratalu),Local,06-09-2026,4500,5000,4750
Tamil Nadu,Krishnagiri,Avallapalli(Uzhavar Sandhai ),Indian Beans(Seam),Indian Beans (Seam),Local,06-09-2026,3500,4000,3750
Tamil Nadu,Krishnagiri,Avallapalli(Uzhavar Sandhai ),Mint(Pudina),Mint(Pudina),Local,06-09-2026,3500,4000,3750
Tamil Nadu,Dharmapuri,Karimangalam(Uzhavar Sandhai),Ridgeguard(Tori),Ridgeguard(Tori),Local,06-09-2026,3800,4000,3900
Tamil Nadu,Dharmapuri,Karimangalam(Uzhavar Sandhai),Brinjal,Other,Local,06-09-2026,2300,2500,2400
Tamil Nadu,Dharmapuri,Karimangalam(Uzhavar Sandhai),Green Peas,Green Peas,Local,06-09-2026,17000,18000,17500
Tamil Nadu,Dharmapuri,Karimangalam(Uzhavar Sandhai),Pumpkin,Pumpkin,Local,06-09-2026,1800,2000,1900
Tamil Nadu,Dharmapuri,Karimangalam(Uzhavar Sandhai),Drumstick,Drumstick,Local,06-09-2026,2800,3000,2900
Tamil Nadu,Dharmapuri,Karimangalam(Uzhavar Sandhai),Amla(Nelli Kai),Amla,Local,06-09-2026,8000,9000,8500
Tamil Nadu,Krishnagiri,Denkanikottai(Uzhavar Sandhai ),Cabbage,Cabbage,Local,06-09-2026,1000,1500,1250
Tamil Nadu,Krishnagiri,Denkanikottai(Uzhavar Sandhai ),Ridgeguard(Tori),Ridgeguard(Tori),Local,06-09-2026,2500,3000,2750
Tamil Nadu,Krishnagiri,Denkanikottai(Uzhavar Sandhai ),Potato,Red Nanital,Local,06-09-2026,2000,2500,2250
Tamil Nadu,Krishnagiri,Denkanikottai(Uzhavar Sandhai ),Cluster beans,Cluster Beans,Local,06-09-2026,3500,4000,3750
Tamil Nadu,Krishnagiri,Denkanikottai(Uzhavar Sandhai ),Bitter gourd,Bitter Gourd,Local,06-09-2026,4000,4500,4250
Tamil Nadu,Krishnagiri,Denkanikottai(Uzhavar Sandhai ),Bhindi(Ladies Finger),Bhindi,Local,06-09-2026,2500,3000,2750
Tamil Nadu,Krishnagiri,Denkanikottai(Uzhavar Sandhai ),Amaranthus,Amaranthus,Local,06-09-2026,2500,3000,2750
Tamil Nadu,Krishnagiri,Denkanikottai(Uzhavar Sandhai ),Ginger(Green),Green Ginger,Local,06-09-2026,14000,15000,14500
Tamil Nadu,Krishnagiri,Denkanikottai(Uzhavar Sandhai ),Onion Green,Onion Green,Local,06-09-2026,8000,8500,8250
Tamil Nadu,Krishnagiri,Hosur(Uzhavar Sandhai ),Carrot,Pusakesar,Local,06-09-2026,4000,4500,4250
Tamil Nadu,Krishnagiri,Hosur(Uzhavar Sandhai ),Cucumbar(Kheera),Cucumbar,Local,06-09-2026,2500,3000,2750
Tamil Nadu,Krishnagiri,Hosur(Uzhavar Sandhai ),Coriander(Leaves),I Sort,Local,06-09-2026,5000,6000,5500
Tamil Nadu,Krishnagiri,Hosur(Uzhavar Sandhai ),Papaya,Papaya,Local,06-09-2026,3500,4000,3750
Tamil Nadu,Krishnagiri,Hosur(Uzhavar Sandhai ),Bhindi(Ladies Finger),Bhindi,Local,06-09-2026,2500,3000,2750
Tamil Nadu,Krishnagiri,Hosur(Uzhavar Sandhai ),Green Chilli,Green Chilly,Local,06-09-2026,4500,5000,4750
Tamil Nadu,Krishnagiri,Hosur(Uzhavar Sandhai ),Beans,Beans (Whole),Local,06-09-2026,6500,7000,6750
Tamil Nadu,Krishnagiri,Hosur(Uzhavar Sandhai ),Capsicum,Capsicum,Local,06-09-2026,3000,3500,3250
Tamil Nadu,Krishnagiri,Hosur(Uzhavar Sandhai ),Mashrooms,Mashrooms,Local,06-09-2026,18000,20000,19000
Tamil Nadu,Krishnagiri,Hosur(Uzhavar Sandhai ),Mint(Pudina),Mint(Pudina),Local,06-09-2026,3500,4000,3750
Tamil Nadu,Krishnagiri,Hosur(Uzhavar Sandhai ),Rose(Local),Rose (Local),Local,06-09-2026,7000,8000,7500
Tamil Nadu,Madurai,Anaiyur(Uzhavar Sandhai ),Snakeguard,Snakeguard,Local,06-09-2026,3600,4000,3800
Tamil Nadu,Madurai,Anaiyur(Uzhavar Sandhai ),Groundnut,Big (With Shell),Local,06-09-2026,7000,8000,7500
Tamil Nadu,Madurai,Anaiyur(Uzhavar Sandhai ),Onion,Bellary,Local,06-09-2026,4000,6500,5250
Tamil Nadu,Madurai,Anaiyur(Uzhavar Sandhai ),Tomato,Deshi,Local,06-09-2026,2600,3000,2800
Tamil Nadu,Madurai,Anaiyur(Uzhavar Sandhai ),Ashgourd,Gouard,Local,06-09-2026,1600,2000,1800
Tamil Nadu,Madurai,Anaiyur(Uzhavar Sandhai ),Banana - Green,Banana - Green,Local,06-09-2026,2000,2400,2200
Tamil Nadu,Madurai,Anaiyur(Uzhavar Sandhai ),Ginger(Green),Green Ginger,Local,06-09-2026,12000,19000,15500
Tamil Nadu,Madurai,Anaiyur(Uzhavar Sandhai ),Lemon,Lemon,Local,06-09-2026,22000,24000,23000
Tamil Nadu,Madurai,Anaiyur(Uzhavar Sandhai ),Mashrooms,Mashrooms,Local,06-09-2026,25000,30000,27500
Tamil Nadu,Madurai,Anaiyur(Uzhavar Sandhai ),Amla(Nelli Kai),Amla,Local,06-09-2026,7000,8000,7500
Tamil Nadu,Madurai,Usilampatti(Uzhavar Sandhai ),Brinjal,Round,Local,06-09-2026,3600,4000,3800
Tamil Nadu,Madurai,Usilampatti(Uzhavar Sandhai ),Coriander(Leaves),I Sort,Local,06-09-2026,4000,5000,4500
Tamil Nadu,Madurai,Usilampatti(Uzhavar Sandhai ),Cluster beans,Cluster Beans,Local,06-09-2026,3000,3200,3100
Tamil Nadu,Madurai,Usilampatti(Uzhavar Sandhai ),Elephant Yam(Suran)/Amorphophallus,Elephant Yam (Suran),Local,06-09-2026,4000,4500,4250
Tamil Nadu,Madurai,Usilampatti(Uzhavar Sandhai ),Lemon,Lemon,Local,06-09-2026,22000,24000,23000
Tamil Nadu,Nagapattinam,Sirkali(Uzhavar Sandhai ),Coconut,Coconut,Local,06-09-2026,3500,4000,3750
Tamil Nadu,Nagapattinam,Sirkali(Uzhavar Sandhai ),Carrot,Pusakesar,Local,06-09-2026,8000,8000,8000
Tamil Nadu,Nagapattinam,Sirkali(Uzhavar Sandhai ),Snakeguard,Snakeguard,Local,06-09-2026,4500,5000,4750
Tamil Nadu,Nagapattinam,Sirkali(Uzhavar Sandhai ),Groundnut,Big (With Shell),Local,06-09-2026,5500,6000,5750
Tamil Nadu,Nagapattinam,Sirkali(Uzhavar Sandhai ),Amaranthus,Amaranthus,Local,06-09-2026,1500,2000,1750
Tamil Nadu,Nagapattinam,Sirkali(Uzhavar Sandhai ),Lime,Lime,Local,06-09-2026,3500,4000,3750
Tamil Nadu,Nagapattinam,Sirkali(Uzhavar Sandhai ),Elephant Yam(Suran)/Amorphophallus,Elephant Yam (Suran),Local,06-09-2026,6500,7000,6750
Tamil Nadu,Namakkal,Kumarapalayam(Uzhavar Sandhai ),Snakeguard,Snakeguard,Local,06-09-2026,4900,5400,5150
Tamil Nadu,Namakkal,Kumarapalayam(Uzhavar Sandhai ),Banana,Red Banana,Local,06-09-2026,5500,6000,5750
Tamil Nadu,Namakkal,Kumarapalayam(Uzhavar Sandhai ),Cauliflower,Ranchi,Local,06-09-2026,3000,4000,3500
Tamil Nadu,Namakkal,Kumarapalayam(Uzhavar Sandhai ),Water Melon,Water Melon,Local,06-09-2026,1000,1500,1250
Tamil Nadu,Namakkal,Kumarapalayam(Uzhavar Sandhai ),Tomato,Other,Local,06-09-2026,2200,3000,2600
Tamil Nadu,Namakkal,Kumarapalayam(Uzhavar Sandhai ),Bitter gourd,Other,Local,06-09-2026,5900,6500,6200
Tamil Nadu,Namakkal,Kumarapalayam(Uzhavar Sandhai ),Pumpkin,Pumpkin,Local,06-09-2026,2600,3000,2800
Tamil Nadu,Namakkal,Kumarapalayam(Uzhavar Sandhai ),Beans,Beans (Whole),Local,06-09-2026,7000,8000,7500
Tamil Nadu,Namakkal,Kumarapalayam(Uzhavar Sandhai ),Tapioca,Tapioca,Local,06-09-2026,2900,3500,3200
Tamil Nadu,Namakkal,Kumarapalayam(Uzhavar Sandhai ),Guava,Guava Allahabad,Local,06-09-2026,5000,6000,5500
Tamil Nadu,Namakkal,Kumarapalayam(Uzhavar Sandhai ),Jasmine,Jasmine,Local,06-09-2026,60000,65000,62500
Tamil Nadu,Namakkal,Kumarapalayam(Uzhavar Sandhai ),Lemon,Lemon,Local,06-09-2026,8000,10000,9000
Tamil Nadu,Namakkal,Kumarapalayam(Uzhavar Sandhai ),Mint(Pudina),Mint(Pudina),Local,06-09-2026,5500,6000,5750
Tamil Nadu,Namakkal,Mohanur(Uzhavar Sandhai ),Ridgeguard(Tori),Ridgeguard(Tori),Local,06-09-2026,5000,6000,5500
Tamil Nadu,Namakkal,Mohanur(Uzhavar Sandhai ),Banana,Red Banana,Local,06-09-2026,7000,8000,7500
Tamil Nadu,Namakkal,Mohanur(Uzhavar Sandhai ),Brinjal,Other,Local,06-09-2026,4500,5000,4750
Tamil Nadu,Namakkal,Mohanur(Uzhavar Sandhai ),Water Melon,Water Melon,Local,06-09-2026,1000,1200,1100
Tamil Nadu,Namakkal,Mohanur(Uzhavar Sandhai ),Tomato,Deshi,Local,06-09-2026,2500,3000,2750
Tamil Nadu,Namakkal,Mohanur(Uzhavar Sandhai ),Bitter gourd,Other,Local,06-09-2026,5800,6400,6100
Tamil Nadu,Namakkal,Mohanur(Uzhavar Sandhai ),Bhindi(Ladies Finger),Bhindi,Local,06-09-2026,4000,4400,4200
Tamil Nadu,Namakkal,Mohanur(Uzhavar Sandhai ),Green Chilli,Green Chilly,Local,06-09-2026,6000,7000,6500
Tamil Nadu,Namakkal,Mohanur(Uzhavar Sandhai ),Raddish,Raddish,Local,06-09-2026,3500,4000,3750
Tamil Nadu,Namakkal,Namakkal(Uzhavar Sandhai ),Betal Leaves,Mysore,Local,06-09-2026,12000,13000,12500
Tamil Nadu,Namakkal,Namakkal(Uzhavar Sandhai ),Carrot,Pusakesar,Local,06-09-2026,5500,6000,5750
Tamil Nadu,Namakkal,Namakkal(Uzhavar Sandhai ),Cauliflower,Ranchi,Local,06-09-2026,2500,3500,3000
Tamil Nadu,Namakkal,Namakkal(Uzhavar Sandhai ),Ridgeguard(Tori),Ridgeguard(Tori),Local,06-09-2026,5500,6000,5750
Tamil Nadu,Namakkal,Namakkal(Uzhavar Sandhai ),Cluster beans,Cluster Beans,Local,06-09-2026,3000,3500,3250
Tamil Nadu,Namakkal,Namakkal(Uzhavar Sandhai ),Bottle gourd,Bottle Gourd,Local,06-09-2026,1000,2000,1500
Tamil Nadu,Namakkal,Namakkal(Uzhavar Sandhai ),Ashgourd,Gouard,Local,06-09-2026,2000,2200,2100
Tamil Nadu,Namakkal,Namakkal(Uzhavar Sandhai ),Pumpkin,Pumpkin,Local,06-09-2026,2000,2200,2100
Tamil Nadu,Namakkal,Namakkal(Uzhavar Sandhai ),Green Chilli,Green Chilly,Local,06-09-2026,5500,5800,5650
Tamil Nadu,Namakkal,Namakkal(Uzhavar Sandhai ),Cowpea(Veg),Cowpea (Veg),Local,06-09-2026,4500,5000,4750
Tamil Nadu,Namakkal,Namakkal(Uzhavar Sandhai ),Beans,Beans (Whole),Local,06-09-2026,7000,7500,7250
Tamil Nadu,Namakkal,Namakkal(Uzhavar Sandhai ),Tapioca,Tapioca,Local,06-09-2026,3000,3500,3250
Tamil Nadu,Namakkal,Namakkal(Uzhavar Sandhai ),Ginger(Green),Green Ginger,Local,06-09-2026,15000,15500,15250
Tamil Nadu,Namakkal,Namakkal(Uzhavar Sandhai ),Green Avare(W),Other,Local,06-09-2026,8500,9000,8750
Tamil Nadu,Namakkal,Namakkal(Uzhavar Sandhai ),Baby Corn,Baby Corn,Grade A,06-09-2026,2000,2600,2300
Tamil Nadu,Namakkal,Paramathivelur(Uzhavar Sandhai ),Carrot,Pusakesar,Local,06-09-2026,8000,9000,8500
Tamil Nadu,Namakkal,Paramathivelur(Uzhavar Sandhai ),Snakeguard,Snakeguard,Local,06-09-2026,3900,4500,4200
Tamil Nadu,Namakkal,Paramathivelur(Uzhavar Sandhai ),Ridgeguard(Tori),Ridgeguard(Tori),Local,06-09-2026,5400,6000,5700
Tamil Nadu,Namakkal,Paramathivelur(Uzhavar Sandhai ),Banana,Other,Local,06-09-2026,4400,5000,4700
Tamil Nadu,Namakkal,Paramathivelur(Uzhavar Sandhai ),Potato,Other,Local,06-09-2026,2500,3000,2750
Tamil Nadu,Namakkal,Paramathivelur(Uzhavar Sandhai ),Cauliflower,Ranchi,Local,06-09-2026,3500,4000,3750
Tamil Nadu,Namakkal,Paramathivelur(Uzhavar Sandhai ),Brinjal,Round,Local,06-09-2026,5000,5500,5250
Tamil Nadu,Namakkal,Paramathivelur(Uzhavar Sandhai ),Ashgourd,Gouard,Local,06-09-2026,1500,2000,1750
Tamil Nadu,Namakkal,Paramathivelur(Uzhavar Sandhai ),Amaranthus,Amaranthus,Local,06-09-2026,3000,3500,3250
Tamil Nadu,Namakkal,Rasipuram(Uzhavar Sandhai ),Cabbage,Cabbage,Local,06-09-2026,3400,3600,3500
Tamil Nadu,Namakkal,Rasipuram(Uzhavar Sandhai ),Groundnut,Big (With Shell),Local,06-09-2026,6500,7000,6750
Tamil Nadu,Namakkal,Rasipuram(Uzhavar Sandhai ),Mousambi(Sweet Lime),Mousambi,Local,06-09-2026,3500,4000,3750
Tamil Nadu,Namakkal,Rasipuram(Uzhavar Sandhai ),Green Chilli,Green Chilly,Local,06-09-2026,5200,5800,5500
Tamil Nadu,Namakkal,Rasipuram(Uzhavar Sandhai ),Banana - Green,Banana - Green,Local,06-09-2026,3500,4000,3750
Tamil Nadu,Namakkal,Rasipuram(Uzhavar Sandhai ),Guava,Guava Allahabad,Local,06-09-2026,5000,6000,5500
Tamil Nadu,Namakkal,Rasipuram(Uzhavar Sandhai ),Lemon,Lemon,Local,06-09-2026,10500,11000,10750
Tamil Nadu,Namakkal,Rasipuram(Uzhavar Sandhai ),Custard Apple(Sharifa),Custard Apple(Sharifa),Local,06-09-2026,3500,4000,3750
Tamil Nadu,Namakkal,Rasipuram(Uzhavar Sandhai ),Amla(Nelli Kai),Amla,Local,06-09-2026,8000,9000,8500
Tamil Nadu,Thanjavur,Tirukattupalli(Uzhavar Sandhai ),Bitter gourd,Bitter Gourd,Local,06-09-2026,5000,6000,5500
Tamil Nadu,Thanjavur,Tirukattupalli(Uzhavar Sandhai ),Bottle gourd,Bottle Gourd,Local,06-09-2026,3000,3000,3000
Tamil Nadu,Thanjavur,Tirukattupalli(Uzhavar Sandhai ),Pumpkin,Pumpkin,Local,06-09-2026,2000,2000,2000
Tamil Nadu,Thanjavur,Tirukattupalli(Uzhavar Sandhai ),Bhindi(Ladies Finger),Bhindi,Local,06-09-2026,4400,4400,4400
Tamil Nadu,Thanjavur,Tirukattupalli(Uzhavar Sandhai ),Banana - Green,Banana - Green,Local,06-09-2026,4000,4000,4000
Tamil Nadu,Madurai,Palanganatham(Uzhavar Sandhai ),Coconut,Coconut,Local,06-09-2026,6800,7000,6900
Tamil Nadu,Madurai,Palanganatham(Uzhavar Sandhai ),Cabbage,Cabbage,Local,06-09-2026,2500,3000,2750
Tamil Nadu,Madurai,Palanganatham(Uzhavar Sandhai ),Ridgeguard(Tori),Ridgeguard(Tori),Local,06-09-2026,5000,5500,5250
Tamil Nadu,Madurai,Palanganatham(Uzhavar Sandhai ),Grapes,Annabesahai,Local,06-09-2026,10000,12000,11000
Tamil Nadu,Madurai,Palanganatham(Uzhavar Sandhai ),Tomato,Other,Local,06-09-2026,2800,3000,2900
Tamil Nadu,Madurai,Palanganatham(Uzhavar Sandhai ),Beans,Beans (Whole),Local,06-09-2026,8000,9000,8500
Tamil Nadu,Madurai,Palanganatham(Uzhavar Sandhai ),Thondekai,Thondekai,Local,06-09-2026,4000,4500,4250
Tamil Nadu,Madurai,Palanganatham(Uzhavar Sandhai ),Mango(Raw-Ripe),Mango - Raw-Ripe,Local,06-09-2026,9000,10000,9500
Tamil Nadu,Madurai,Palanganatham(Uzhavar Sandhai ),Colacasia,Colacasia,Local,06-09-2026,5000,6000,5500
Tamil Nadu,Madurai,Palanganatham(Uzhavar Sandhai ),Mashrooms,Mashrooms,Local,06-09-2026,25000,30000,27500
Tamil Nadu,Madurai,Anna nagar(Uzhavar Sandhai ),Tomato,Deshi,Local,06-09-2026,2800,3200,3000
Tamil Nadu,Madurai,Anna nagar(Uzhavar Sandhai ),Groundnut,Big (With Shell),Local,06-09-2026,7000,8000,7500
Tamil Nadu,Madurai,Anna nagar(Uzhavar Sandhai ),Banana,Red Banana,Local,06-09-2026,9000,9000,9000
Tamil Nadu,Madurai,Anna nagar(Uzhavar Sandhai ),Cowpea(Veg),Cowpea (Veg),Local,06-09-2026,3600,4000,3800
Tamil Nadu,Madurai,Anna nagar(Uzhavar Sandhai ),Ginger(Green),Green Ginger,Local,06-09-2026,16000,16000,16000
Tamil Nadu,Madurai,Anna nagar(Uzhavar Sandhai ),Pomegranate,Pomogranate,Local,06-09-2026,14000,18000,16000
Tamil Nadu,Madurai,Anna nagar(Uzhavar Sandhai ),Tender Coconut,Tender Coconut,Local,06-09-2026,4000,4500,4250
Tamil Nadu,Madurai,Anna nagar(Uzhavar Sandhai ),Tamarind Fruit,Tamarind Fruit,Local,06-09-2026,14000,14000,14000
Tamil Nadu,Madurai,Anna nagar(Uzhavar Sandhai ),Elephant Yam(Suran)/Amorphophallus,Elephant Yam (Suran),Local,06-09-2026,3800,4000,3900
Tamil Nadu,Perambalur,Perambalur(Uzhavar Sandhai ),Snakeguard,Snakeguard,Local,06-09-2026,3000,3600,3300
Tamil Nadu,Perambalur,Perambalur(Uzhavar Sandhai ),Garlic,Garlic,Local,06-09-2026,20000,22000,21000
Tamil Nadu,Perambalur,Perambalur(Uzhavar Sandhai ),Cauliflower,Ranchi,Local,06-09-2026,6000,6500,6250
Tamil Nadu,Perambalur,Perambalur(Uzhavar Sandhai ),Papaya,Papaya,Local,06-09-2026,4000,5000,4500
Tamil Nadu,Perambalur,Perambalur(Uzhavar Sandhai ),Cluster beans,Cluster Beans,Local,06-09-2026,4500,4800,4650
Tamil Nadu,Perambalur,Perambalur(Uzhavar Sandhai ),Ashgourd,Gouard,Local,06-09-2026,1800,2000,1900
Tamil Nadu,Perambalur,Perambalur(Uzhavar Sandhai ),Pumpkin,Pumpkin,Local,06-09-2026,1800,2000,1900
Tamil Nadu,Perambalur,Perambalur(Uzhavar Sandhai ),Cowpea(Veg),Cowpea (Veg),Local,06-09-2026,4200,5200,4700
Tamil Nadu,Perambalur,Perambalur(Uzhavar Sandhai ),Capsicum,Capsicum,Local,06-09-2026,6000,6800,6400
Tamil Nadu,Perambalur,Perambalur(Uzhavar Sandhai ),Guava,Guava Allahabad,Local,06-09-2026,6000,7000,6500
Tamil Nadu,Perambalur,Perambalur(Uzhavar Sandhai ),Tender Coconut,Tender Coconut,Local,06-09-2026,3000,4000,3500
Tamil Nadu,Salem,Mecheri(Uzhavar Sandhai),Ridgeguard(Tori),Ridgeguard(Tori),Local,06-09-2026,3500,4000,3750
Tamil Nadu,Salem,Mecheri(Uzhavar Sandhai),Bottle gourd,Bottle Gourd,Local,06-09-2026,2000,2500,2250
Tamil Nadu,Salem,Mecheri(Uzhavar Sandhai),Bhindi(Ladies Finger),Bhindi,Local,06-09-2026,2000,2500,2250
Tamil Nadu,Salem,Mecheri(Uzhavar Sandhai),Banana - Green,Banana - Green,Local,06-09-2026,2000,2500,2250
Tamil Nadu,Salem,Mecheri(Uzhavar Sandhai),Green Avare(W),Other,Local,06-09-2026,6000,6500,6250
Tamil Nadu,Salem,Mecheri(Uzhavar Sandhai),Drumstick,Drumstick,Local,06-09-2026,2000,2500,2250
Tamil Nadu,Salem,Mecheri(Uzhavar Sandhai),Onion Green,Onion Green,Local,06-09-2026,6000,6500,6250
Tamil Nadu,Ranipet,Arcot(Uzhavar Sandhai ),Snakeguard,Snakeguard,Local,06-09-2026,2400,2400,2400
Tamil Nadu,Ranipet,Arcot(Uzhavar Sandhai ),Cucumbar(Kheera),Cucumbar,Local,06-09-2026,4000,4000,4000
Tamil Nadu,Ranipet,Arcot(Uzhavar Sandhai ),Groundnut,Big (With Shell),Local,06-09-2026,6000,6000,6000
Tamil Nadu,Ranipet,Arcot(Uzhavar Sandhai ),Onion,Bellary,Local,06-09-2026,5000,5600,5300
Tamil Nadu,Ranipet,Arcot(Uzhavar Sandhai ),Papaya,Papaya,Local,06-09-2026,5000,5000,5000
Tamil Nadu,Ranipet,Arcot(Uzhavar Sandhai ),Tomato,Deshi,Local,06-09-2026,2400,2400,2400
Tamil Nadu,Ranipet,Arcot(Uzhavar Sandhai ),Bhindi(Ladies Finger),Bhindi,Local,06-09-2026,2400,2400,2400
Tamil Nadu,Ranipet,Arcot(Uzhavar Sandhai ),Raddish,Raddish,Local,06-09-2026,2400,2400,2400
Tamil Nadu,Ranipet,Arcot(Uzhavar Sandhai ),Guava,Guava Allahabad,Local,06-09-2026,6000,6000,6000
Tamil Nadu,Ranipet,Arcot(Uzhavar Sandhai ),Onion Green,Onion Green,Local,06-09-2026,8000,8000,8000
Tamil Nadu,Ranipet,Ranipettai(Uzhavar Sandhai ),Sweet Potato,Hosur Red,Local,06-09-2026,6000,6000,6000
Tamil Nadu,Ranipet,Ranipettai(Uzhavar Sandhai ),Ridgeguard(Tori),Ridgeguard(Tori),Local,06-09-2026,3600,4000,3800
Tamil Nadu,Ranipet,Ranipettai(Uzhavar Sandhai ),Mango,Neelam,Local,06-09-2026,10000,10000,10000
Tamil Nadu,Ranipet,Ranipettai(Uzhavar Sandhai ),Potato,Other,Local,06-09-2026,3300,3300,3300
Tamil Nadu,Ranipet,Ranipettai(Uzhavar Sandhai ),Cluster beans,Cluster Beans,Local,06-09-2026,2400,2400,2400
Tamil Nadu,Ranipet,Ranipettai(Uzhavar Sandhai ),Pumpkin,Pumpkin,Local,06-09-2026,2500,2500,2500
Tamil Nadu,Ranipet,Ranipettai(Uzhavar Sandhai ),Raddish,Raddish,Local,06-09-2026,2000,2400,2200
Tamil Nadu,Ranipet,Ranipettai(Uzhavar Sandhai ),Drumstick,Drumstick,Local,06-09-2026,4000,4800,4400
Tamil Nadu,Ranipet,Ranipettai(Uzhavar Sandhai ),Jasmine,Jasmine,Local,06-09-2026,72000,90000,81000
Tamil Nadu,Ranipet,Ranipettai(Uzhavar Sandhai ),Kakada,Kakada,Local,06-09-2026,43000,54000,48500
Tamil Nadu,Ranipet,Ranipettai(Uzhavar Sandhai ),Elephant Yam(Suran)/Amorphophallus,Elephant Yam (Suran),Local,06-09-2026,6000,6000,6000
Tamil Nadu,Ranipet,Ranipettai(Uzhavar Sandhai ),Colacasia,Colacasia,Local,06-09-2026,3600,4500,4050
Tamil Nadu,Ranipet,Ranipettai(Uzhavar Sandhai ),Amla(Nelli Kai),Amla,Local,06-09-2026,12000,14000,13000
Tamil Nadu,Ranipet,Ranipettai(Uzhavar Sandhai ),Tube Rose(Loose),Tube Rose (Loose),Local,06-09-2026,14000,14000,14000
Tamil Nadu,Ranipet,Ranipettai(Uzhavar Sandhai ),Sweet Corn ,Sweet Corn ,Local,06-09-2026,3600,4000,3800
Tamil Nadu,Salem,Ammapet(Uzhavar Sandhai ),Sweet Potato,Hosur Red,Local,06-09-2026,3600,4000,3800
Tamil Nadu,Salem,Ammapet(Uzhavar Sandhai ),Cabbage,Cabbage,Local,06-09-2026,2400,3000,2700
Tamil Nadu,Salem,Ammapet(Uzhavar Sandhai ),Grapes,Annabesahai,Local,06-09-2026,9000,10000,9500
Tamil Nadu,Salem,Ammapet(Uzhavar Sandhai ),Potato,Other,Local,06-09-2026,4200,4500,4350
Tamil Nadu,Salem,Ammapet(Uzhavar Sandhai ),Tapioca,Tapioca,Local,06-09-2026,2800,3000,2900
Tamil Nadu,Salem,Ammapet(Uzhavar Sandhai ),Green Avare(W),Other,Local,06-09-2026,5600,5800,5700
Tamil Nadu,Salem,Ammapet(Uzhavar Sandhai ),Lemon,Lemon,Local,06-09-2026,6000,7000,6500
Tamil Nadu,Salem,Ammapet(Uzhavar Sandhai ),Mint(Pudina),Mint(Pudina),Local,06-09-2026,2800,3000,2900
Tamil Nadu,Salem,Ammapet(Uzhavar Sandhai ),Rose(Local),Rose (Local),Local,06-09-2026,9000,10000,9500
Tamil Nadu,Salem,Mettur(Uzhavar Sandhai ),Ridgeguard(Tori),Ridgeguard(Tori),Local,06-09-2026,3500,4000,3750
Tamil Nadu,Salem,Mettur(Uzhavar Sandhai ),Banana,Red Banana,Local,06-09-2026,6000,7000,6500
Tamil Nadu,Salem,Mettur(Uzhavar Sandhai ),Cauliflower,Ranchi,Local,06-09-2026,2500,3000,2750
Tamil Nadu,Salem,Mettur(Uzhavar Sandhai ),Water Melon,Water Melon,Local,06-09-2026,1500,2000,1750
Tamil Nadu,Salem,Mettur(Uzhavar Sandhai ),Green Avare(W),Other,Local,06-09-2026,5000,5500,5250
Tamil Nadu,Salem,Mettur(Uzhavar Sandhai ),Knool Khol,Knool Khol,Local,06-09-2026,4000,4500,4250
Tamil Nadu,Salem,Mettur(Uzhavar Sandhai ),Guava,Guava Allahabad,Local,06-09-2026,5000,6000,5500
Tamil Nadu,Salem,Mettur(Uzhavar Sandhai ),Elephant Yam(Suran)/Amorphophallus,Elephant Yam (Suran),Local,06-09-2026,3500,4000,3750
Tamil Nadu,Salem,Sooramangalam(Uzhavar Sandhai ),Coconut,Coconut,Local,06-09-2026,6000,6500,6250
Tamil Nadu,Salem,Sooramangalam(Uzhavar Sandhai ),Sweet Potato,Hosur Red,Local,06-09-2026,4000,5000,4500
Tamil Nadu,Salem,Sooramangalam(Uzhavar Sandhai ),Ridgeguard(Tori),Ridgeguard(Tori),Local,06-09-2026,3000,3600,3300
Tamil Nadu,Salem,Sooramangalam(Uzhavar Sandhai ),Onion,Bellary,Local,06-09-2026,5000,6000,5500
Tamil Nadu,Salem,Sooramangalam(Uzhavar Sandhai ),Papaya,Papaya,Local,06-09-2026,3500,4000,3750
Tamil Nadu,Salem,Sooramangalam(Uzhavar Sandhai ),Cluster beans,Cluster Beans,Local,06-09-2026,3000,3400,3200
Tamil Nadu,Salem,Sooramangalam(Uzhavar Sandhai ),Bitter gourd,Other,Local,06-09-2026,4000,4500,4250
Tamil Nadu,Salem,Sooramangalam(Uzhavar Sandhai ),Beans,Beans (Whole),Local,06-09-2026,8400,9000,8700
Tamil Nadu,Salem,Sooramangalam(Uzhavar Sandhai ),Capsicum,Capsicum,Local,06-09-2026,5500,6000,5750
Tamil Nadu,Salem,Sooramangalam(Uzhavar Sandhai ),Chow Chow,Chow Chow,Local,06-09-2026,3400,3600,3500
Tamil Nadu,Salem,Sooramangalam(Uzhavar Sandhai ),Mint(Pudina),Mint(Pudina),Local,06-09-2026,3000,3400,3200
Tamil Nadu,Salem,Sooramangalam(Uzhavar Sandhai ),Tube Rose(Loose),Tube Rose (Loose),Local,06-09-2026,15000,16000,15500
Tamil Nadu,Thiruchirappalli,Thuraiyur APMC,Carrot,Pusakesar,Local,06-09-2026,5400,6600,6000
Tamil Nadu,Thiruchirappalli,Thuraiyur APMC,Cauliflower,Ranchi,Local,06-09-2026,4000,5000,4500
Tamil Nadu,Thiruchirappalli,Thuraiyur APMC,Ridgeguard(Tori),Ridgeguard(Tori),Local,06-09-2026,4700,5600,5150
Tamil Nadu,Thiruchirappalli,Thuraiyur APMC,Bitter gourd,Other,Local,06-09-2026,4700,5600,5150
Tamil Nadu,Thiruchirappalli,Thuraiyur APMC,Ashgourd,Gouard,Local,06-09-2026,1200,1800,1500
Tamil Nadu,Thiruchirappalli,Thuraiyur APMC,Pumpkin,Pumpkin,Local,06-09-2026,1200,1800,1500
Tamil Nadu,Thiruchirappalli,Thuraiyur APMC,Green Chilli,Green Chilly,Local,06-09-2026,4000,4500,4250
Tamil Nadu,Thiruchirappalli,Thuraiyur APMC,Cowpea(Veg),Cowpea (Veg),Local,06-09-2026,3500,4000,3750
Tamil Nadu,Thiruchirappalli,Thuraiyur APMC,Thondekai,Thondekai,Local,06-09-2026,3500,4000,3750
Tamil Nadu,Thiruchirappalli,Thuraiyur APMC,Green Avare(W),Green Avare (W),Local,06-09-2026,5600,6600,6100
Tamil Nadu,Thiruchirappalli,Thuraiyur APMC,Mint(Pudina),Mint(Pudina),Local,06-09-2026,4800,5600,5200
Tamil Nadu,Salem,Thammampatti (Uzhavar Sandhai ),Banana,Red Banana,Local,06-09-2026,6500,7000,6750
Tamil Nadu,Salem,Thammampatti (Uzhavar Sandhai ),Ridgeguard(Tori),Ridgeguard(Tori),Local,06-09-2026,3500,4000,3750
Tamil Nadu,Salem,Thammampatti (Uzhavar Sandhai ),Bottle gourd,Bottle Gourd,Local,06-09-2026,2000,2500,2250
Tamil Nadu,Salem,Thammampatti (Uzhavar Sandhai ),Pumpkin,Pumpkin,Local,06-09-2026,2000,2000,2000
Tamil Nadu,Salem,Thammampatti (Uzhavar Sandhai ),Amaranthus,Amaranthus,Local,06-09-2026,2000,2500,2250
Tamil Nadu,Salem,Thammampatti (Uzhavar Sandhai ),Drumstick,Drumstick,Local,06-09-2026,2000,2000,2000
Tamil Nadu,Salem,Thammampatti (Uzhavar Sandhai ),Custard Apple(Sharifa),Custard Apple(Sharifa),Local,06-09-2026,4000,4000,4000
Tamil Nadu,Salem,Thammampatti (Uzhavar Sandhai ),Amla(Nelli Kai),Amla,Local,06-09-2026,7500,8000,7750
Tamil Nadu,Salem,Thammampatti (Uzhavar Sandhai ),Onion Green,Onion Green,Local,06-09-2026,5000,6500,5750
Tamil Nadu,Salem,Thathakapatti(Uzhavar Sandhai ),Carrot,Pusakesar,Local,06-09-2026,6000,6400,6200
Tamil Nadu,Salem,Thathakapatti(Uzhavar Sandhai ),Beetroot,Beetroot,Local,06-09-2026,6000,6400,6200
Tamil Nadu,Salem,Thathakapatti(Uzhavar Sandhai ),Ridgeguard(Tori),Ridgeguard(Tori),Local,06-09-2026,3000,4000,3500
Tamil Nadu,Salem,Thathakapatti(Uzhavar Sandhai ),Onion,Bellary,Local,06-09-2026,5000,6000,5500
Tamil Nadu,Salem,Thathakapatti(Uzhavar Sandhai ),Potato,Red Nanital,Local,06-09-2026,2800,6000,4400
Tamil Nadu,Salem,Thathakapatti(Uzhavar Sandhai ),Green Peas,Green Peas,Local,06-09-2026,12000,13500,12750
Tamil Nadu,Salem,Thathakapatti(Uzhavar Sandhai ),Mousambi(Sweet Lime),Mousambi,Local,06-09-2026,3500,4000,3750
Tamil Nadu,Salem,Thathakapatti(Uzhavar Sandhai ),Amaranthus,Amaranthus,Local,06-09-2026,2000,2400,2200
Tamil Nadu,Salem,Thathakapatti(Uzhavar Sandhai ),Banana - Green,Banana - Green,Local,06-09-2026,3500,4000,3750
Tamil Nadu,Salem,Thathakapatti(Uzhavar Sandhai ),Beans,Beans (Whole),Local,06-09-2026,8000,8600,8300
Tamil Nadu,Salem,Thathakapatti(Uzhavar Sandhai ),Green Avare(W),Green Avare (W),Local,06-09-2026,6000,6500,6250
Tamil Nadu,Salem,Thathakapatti(Uzhavar Sandhai ),Tender Coconut,Tender Coconut,Local,06-09-2026,4000,5000,4500
Tamil Nadu,Salem,Thathakapatti(Uzhavar Sandhai ),Jasmine,Jasmine,Local,06-09-2026,55000,60000,57500
Tamil Nadu,Salem,Thathakapatti(Uzhavar Sandhai ),Indian Beans(Seam),Indian Beans (Seam),Local,06-09-2026,5000,6000,5500
Tamil Nadu,Salem,Thathakapatti(Uzhavar Sandhai ),Colacasia,Colacasia,Local,06-09-2026,5500,6000,5750
Tamil Nadu,Salem,Thathakapatti(Uzhavar Sandhai ),Custard Apple(Sharifa),Custard Apple(Sharifa),Local,06-09-2026,4000,5000,4500
Tamil Nadu,Salem,Thathakapatti(Uzhavar Sandhai ),Tube Rose(Loose),Tube Rose (Loose),Local,06-09-2026,15000,16000,15500
Tamil Nadu,Salem,Thathakapatti(Uzhavar Sandhai ),Sweet Corn ,Sweet Corn ,Local,06-09-2026,3500,4000,3750
Tamil Nadu,Theni,Chinnamanur(Uzhavar Sandhai ),Cabbage,Cabbage,Local,06-09-2026,2500,2500,2500
Tamil Nadu,Theni,Chinnamanur(Uzhavar Sandhai ),Beetroot,Beetroot,Local,06-09-2026,3000,3000,3000
Tamil Nadu,Theni,Chinnamanur(Uzhavar Sandhai ),Coriander(Leaves),I Sort,Local,06-09-2026,2500,2500,2500
Tamil Nadu,Theni,Chinnamanur(Uzhavar Sandhai ),Raddish,Raddish,Local,06-09-2026,2000,2000,2000
Tamil Nadu,Theni,Chinnamanur(Uzhavar Sandhai ),Thondekai,Thondekai,Local,06-09-2026,3600,3600,3600
Tamil Nadu,Theni,Chinnamanur(Uzhavar Sandhai ),Elephant Yam(Suran)/Amorphophallus,Elephant Yam (Suran),Local,06-09-2026,4000,4000,4000
Tamil Nadu,Theni,Chinnamanur(Uzhavar Sandhai ),Colacasia,Colacasia,Local,06-09-2026,5000,5000,5000
Tamil Nadu,Theni,Kambam(Uzhavar Sandhai ),Carrot,Pusakesar,Local,06-09-2026,5000,5000,5000
Tamil Nadu,Theni,Kambam(Uzhavar Sandhai ),Garlic,Garlic,Local,06-09-2026,14500,14500,14500
Tamil Nadu,Theni,Kambam(Uzhavar Sandhai ),Snakeguard,Snakeguard,Local,06-09-2026,2600,2600,2600
Tamil Nadu,Theni,Kambam(Uzhavar Sandhai ),Cucumbar(Kheera),Cucumbar,Local,06-09-2026,1800,1800,1800
Tamil Nadu,Theni,Kambam(Uzhavar Sandhai ),Papaya,Papaya,Local,06-09-2026,3000,3000,3000
Tamil Nadu,Theni,Kambam(Uzhavar Sandhai ),Bottle gourd,Bottle Gourd,Local,06-09-2026,2000,2200,2100
Tamil Nadu,Theni,Kambam(Uzhavar Sandhai ),Green Chilli,Green Chilly,Local,06-09-2026,4800,4800,4800
Tamil Nadu,Theni,Kambam(Uzhavar Sandhai ),Ginger(Green),Green Ginger,Local,06-09-2026,14500,14500,14500
Tamil Nadu,Theni,Kambam(Uzhavar Sandhai ),Raddish,Raddish,Local,06-09-2026,2000,2000,2000
Tamil Nadu,Theni,Kambam(Uzhavar Sandhai ),Lime,Lime,Local,06-09-2026,12000,12000,12000
Tamil Nadu,Theni,Theni(Uzhavar Sandhai ),Coconut,Coconut,Local,06-09-2026,5600,5600,5600
Tamil Nadu,Theni,Theni(Uzhavar Sandhai ),Banana,Red Banana,Local,06-09-2026,6000,7000,6500
Tamil Nadu,Theni,Theni(Uzhavar Sandhai ),Grapes,Annabesahai,Local,06-09-2026,12000,12000,12000
Tamil Nadu,Theni,Theni(Uzhavar Sandhai ),Garlic,Garlic,Local,06-09-2026,10000,20000,15000
Tamil Nadu,Theni,Theni(Uzhavar Sandhai ),Green Peas,Green Peas,Local,06-09-2026,13500,13500,13500
Tamil Nadu,Theni,Theni(Uzhavar Sandhai ),Mousambi(Sweet Lime),Mousambi,Local,06-09-2026,8000,8000,8000
Tamil Nadu,Theni,Theni(Uzhavar Sandhai ),Cluster beans,Cluster Beans,Local,06-09-2026,2400,2400,2400
Tamil Nadu,Theni,Theni(Uzhavar Sandhai ),Green Chilli,Green Chilly,Local,06-09-2026,3000,4000,3500
Tamil Nadu,Theni,Theni(Uzhavar Sandhai ),Banana - Green,Banana - Green,Local,06-09-2026,3000,3500,3250
Tamil Nadu,Theni,Theni(Uzhavar Sandhai ),Raddish,Raddish,Local,06-09-2026,2000,2000,2000
Tamil Nadu,Theni,Theni(Uzhavar Sandhai ),Pomegranate,Pomogranate,Local,06-09-2026,16000,22000,19000
Tamil Nadu,Theni,Theni(Uzhavar Sandhai ),Lemon,Lemon,Local,06-09-2026,10000,23000,16500
Tamil Nadu,Thirunelveli,Kandiyaperi(Uzhavar Sandhai ),Bottle gourd,Bottle Gourd,Local,06-09-2026,800,1000,900
Tamil Nadu,Thirunelveli,Kandiyaperi(Uzhavar Sandhai ),Onion Green,Onion Green,Local,06-09-2026,5500,7200,6350
Tamil Nadu,Thirunelveli,NGO Colony(Uzhavar Sandhai ),Coconut,Coconut,Local,06-09-2026,5500,6000,5750
Tamil Nadu,Thirunelveli,NGO Colony(Uzhavar Sandhai ),Potato,Red Nanital,Local,06-09-2026,2000,2800,2400
Tamil Nadu,Thirunelveli,NGO Colony(Uzhavar Sandhai ),Brinjal,Round,Local,06-09-2026,3500,4000,3750
Tamil Nadu,Thirunelveli,NGO Colony(Uzhavar Sandhai ),Tomato,Deshi,Local,06-09-2026,2000,2600,2300
Tamil Nadu,Thirunelveli,NGO Colony(Uzhavar Sandhai ),Bitter gourd,Bitter Gourd,Local,06-09-2026,4500,5000,4750
Tamil Nadu,Thirunelveli,NGO Colony(Uzhavar Sandhai ),Pumpkin,Pumpkin,Local,06-09-2026,800,1000,900
Tamil Nadu,Thirunelveli,NGO Colony(Uzhavar Sandhai ),Capsicum,Capsicum,Local,06-09-2026,4500,5000,4750
Tamil Nadu,Thirunelveli,NGO Colony(Uzhavar Sandhai ),Lemon,Lemon,Local,06-09-2026,16500,17000,16750
Tamil Nadu,Thirunelveli,Palayamkottai(Uzhavar Sandhai ),Sweet Potato,Hosur Red,Local,06-09-2026,5500,6000,5750
Tamil Nadu,Thirunelveli,Palayamkottai(Uzhavar Sandhai ),Garlic,Garlic,Local,06-09-2026,26000,28000,27000
Tamil Nadu,Thirunelveli,Palayamkottai(Uzhavar Sandhai ),Lime,Lime,Local,06-09-2026,15000,17000,16000
Tamil Nadu,Thirunelveli,Palayamkottai(Uzhavar Sandhai ),Pomegranate,Pomogranate,Local,06-09-2026,16000,20000,18000
Tamil Nadu,Thirunelveli,Palayamkottai(Uzhavar Sandhai ),Colacasia,Colacasia,Local,06-09-2026,4000,5000,4500
Tamil Nadu,Thirunelveli,Palayamkottai(Uzhavar Sandhai ),Mint(Pudina),Mint(Pudina),Local,06-09-2026,5000,5500,5250
Tamil Nadu,Thirupur,Kangayam(Uzhavar Sandhai ),Coconut,Coconut,Local,06-09-2026,4500,5200,4850
Tamil Nadu,Thirupur,Kangayam(Uzhavar Sandhai ),Coriander(Leaves),I Sort,Local,06-09-2026,4400,4600,4500
Tamil Nadu,Thirupur,Kangayam(Uzhavar Sandhai ),Bottle gourd,Bottle Gourd,Local,06-09-2026,1500,2000,1750
Tamil Nadu,Thirupur,Kangayam(Uzhavar Sandhai ),Ashgourd,Gouard,Local,06-09-2026,1500,2000,1750
Tamil Nadu,Thirupur,Tiruppur (North) (Uzhavar Sandhai ),Cabbage,Cabbage,Local,06-09-2026,2500,3000,2750
Tamil Nadu,Thirupur,Tiruppur (North) (Uzhavar Sandhai ),Beetroot,Beetroot,Local,06-09-2026,5000,6000,5500
Tamil Nadu,Thirupur,Tiruppur (North) (Uzhavar Sandhai ),Papaya,Papaya,Local,06-09-2026,3000,3500,3250
Tamil Nadu,Thirupur,Tiruppur (North) (Uzhavar Sandhai ),Ashgourd,Gouard,Local,06-09-2026,1500,2000,1750
Tamil Nadu,Thirupur,Tiruppur (North) (Uzhavar Sandhai ),Cowpea(Veg),Cowpea (Veg),Local,06-09-2026,3500,4000,3750
Tamil Nadu,Thirupur,Tiruppur (North) (Uzhavar Sandhai ),Sweet Corn ,Sweet Corn ,Local,06-09-2026,1500,2000,1750
Tamil Nadu,Thiruvannamalai,Chengam(Uzhavar Sandhai ),Sweet Potato,Hosur Red,Local,06-09-2026,3300,4000,3650
Tamil Nadu,Thiruvannamalai,Chengam(Uzhavar Sandhai ),Onion Green,Onion Green,Local,06-09-2026,7000,8000,7500
Tamil Nadu,Thiruvannamalai,Chengam(Uzhavar Sandhai ),Cabbage,Cabbage,Local,06-09-2026,2500,3000,2750
Tamil Nadu,Thiruvannamalai,Chengam(Uzhavar Sandhai ),Brinjal,Round,Local,06-09-2026,3300,4000,3650
Tamil Nadu,Thiruvannamalai,Chengam(Uzhavar Sandhai ),Papaya,Papaya,Local,06-09-2026,3000,3500,3250
Tamil Nadu,Thiruvannamalai,Chengam(Uzhavar Sandhai ),Bitter gourd,Bitter Gourd,Local,06-09-2026,5000,6000,5500
Tamil Nadu,Thiruvannamalai,Chengam(Uzhavar Sandhai ),Amaranthus,Amaranthus,Local,06-09-2026,1200,1500,1350
Tamil Nadu,Thiruvannamalai,Chengam(Uzhavar Sandhai ),Green Chilli,Green Chilly,Local,06-09-2026,5000,6000,5500
Tamil Nadu,Thiruvannamalai,Chengam(Uzhavar Sandhai ),Beans,Beans (Whole),Local,06-09-2026,7000,8000,7500
Tamil Nadu,Thiruvannamalai,Chengam(Uzhavar Sandhai ),Capsicum,Capsicum,Local,06-09-2026,7000,8000,7500
Tamil Nadu,Thiruvannamalai,Chengam(Uzhavar Sandhai ),Chow Chow,Chow Chow,Local,06-09-2026,4200,5000,4600
Tamil Nadu,Thiruvannamalai,Chengam(Uzhavar Sandhai ),Custard Apple(Sharifa),Custard Apple(Sharifa),Local,06-09-2026,4200,5000,4600
Tamil Nadu,Thiruvannamalai,Chengam(Uzhavar Sandhai ),Sweet Corn ,Sweet Corn ,Local,06-09-2026,3000,3500,3250
Tamil Nadu,Thiruvannamalai,Tamarainagar(Uzhavar Sandhai ),Coconut,Coconut,Local,06-09-2026,6800,7800,7300
Tamil Nadu,Thiruvannamalai,Tamarainagar(Uzhavar Sandhai ),Snakeguard,Snakeguard,Local,06-09-2026,3500,4000,3750
Tamil Nadu,Thiruvannamalai,Tamarainagar(Uzhavar Sandhai ),Groundnut,Big (With Shell),Local,06-09-2026,7500,9000,8250
Tamil Nadu,Thiruvannamalai,Tamarainagar(Uzhavar Sandhai ),Coriander(Leaves),I Sort,Local,06-09-2026,4000,5000,4500
Tamil Nadu,Thiruvannamalai,Tamarainagar(Uzhavar Sandhai ),Bitter gourd,Bitter Gourd,Local,06-09-2026,5000,6000,5500
Tamil Nadu,Thiruvannamalai,Tamarainagar(Uzhavar Sandhai ),Beans,Beans (Whole),Local,06-09-2026,7500,9000,8250
Tamil Nadu,Thiruvannamalai,Tamarainagar(Uzhavar Sandhai ),Onion Green,Onion Green,Local,06-09-2026,8000,10000,9000
Tamil Nadu,Thiruvannamalai,Tamarainagar(Uzhavar Sandhai ),Sweet Corn ,Sweet Corn ,Local,06-09-2026,3500,4000,3750
Tamil Nadu,Thiruvannamalai,Vandavasi(Uzhavar Sandhai ),Banana,Karpura,Local,06-09-2026,5000,6000,5500
Tamil Nadu,Thiruvannamalai,Vandavasi(Uzhavar Sandhai ),Coriander(Leaves),I Sort,Local,06-09-2026,4000,5000,4500
Tamil Nadu,Thiruvannamalai,Vandavasi(Uzhavar Sandhai ),Tomato,Local,Local,06-09-2026,2000,2500,2250
Tamil Nadu,Thiruvannamalai,Vandavasi(Uzhavar Sandhai ),Bitter gourd,Other,Local,06-09-2026,4000,4800,4400
Tamil Nadu,Thiruvannamalai,Vandavasi(Uzhavar Sandhai ),Green Chilli,Green Chilly,Local,06-09-2026,5000,6000,5500
Tamil Nadu,Thiruvannamalai,Vandavasi(Uzhavar Sandhai ),Raddish,Raddish,Local,06-09-2026,2500,3000,2750
Tamil Nadu,Thiruvannamalai,Vandavasi(Uzhavar Sandhai ),Drumstick,Drumstick,Local,06-09-2026,3600,4200,3900
Tamil Nadu,Thiruvannamalai,Vandavasi(Uzhavar Sandhai ),Guava,Guava Allahabad,Local,06-09-2026,4000,5000,4500
Tamil Nadu,Thiruvannamalai,Vandavasi(Uzhavar Sandhai ),Yam(Ratalu),Yam (Ratalu),Local,06-09-2026,5000,6000,5500
Tamil Nadu,Thiruvannamalai,Vandavasi(Uzhavar Sandhai ),Lemon,Lemon,Local,06-09-2026,10000,12000,11000
Tamil Nadu,Thiruvannamalai,Vandavasi(Uzhavar Sandhai ),Onion Green,Onion Green,Local,06-09-2026,5000,6000,5500
Tamil Nadu,Thiruvarur,Muthupettai(Uzhavar Sandhai ),Amaranthus,Amaranthus,Local,06-09-2026,2000,2000,2000
Tamil Nadu,Coimbatore,Sulur(Uzhavar Sandhai ),Snakeguard,Snakeguard,Local,06-09-2026,2800,3200,3000
Tamil Nadu,Coimbatore,Sulur(Uzhavar Sandhai ),Cauliflower,Ranchi,Local,06-09-2026,4500,5000,4750
Tamil Nadu,Coimbatore,Sulur(Uzhavar Sandhai ),Bottle gourd,Bottle Gourd,Local,06-09-2026,2800,3200,3000
Tamil Nadu,Coimbatore,Sulur(Uzhavar Sandhai ),Ashgourd,Gouard,Local,06-09-2026,1800,2000,1900
Tamil Nadu,Coimbatore,Sulur(Uzhavar Sandhai ),Bhindi(Ladies Finger),Bhindi,Local,06-09-2026,4000,4500,4250
Tamil Nadu,Coimbatore,Sulur(Uzhavar Sandhai ),Thondekai,Thondekai,Local,06-09-2026,3500,4000,3750
Tamil Nadu,Coimbatore,Sulur(Uzhavar Sandhai ),Mint(Pudina),Mint(Pudina),Local,06-09-2026,4500,5000,4750
Tamil Nadu,Pudukkottai,Gandarvakottai(Uzhavar Sandhai ),Coconut,Coconut,Local,06-09-2026,3500,4000,3750
Tamil Nadu,Pudukkottai,Gandarvakottai(Uzhavar Sandhai ),Snakeguard,Snakeguard,Local,06-09-2026,2500,3000,2750
Tamil Nadu,Pudukkottai,Gandarvakottai(Uzhavar Sandhai ),Cluster beans,Cluster Beans,Local,06-09-2026,4500,5000,4750
Tamil Nadu,Pudukkottai,Gandarvakottai(Uzhavar Sandhai ),Banana - Green,Banana - Green,Local,06-09-2026,2500,3000,2750
Tamil Nadu,Cuddalore,Panruti(Uzhavar Sandhai ),Banana,Besrai,Local,06-09-2026,4000,8000,6000
Tamil Nadu,Cuddalore,Panruti(Uzhavar Sandhai ),Bitter gourd,Bitter Gourd,Local,06-09-2026,5000,5000,5000
Tamil Nadu,Cuddalore,Panruti(Uzhavar Sandhai ),Ashgourd,Gouard,Local,06-09-2026,3000,3000,3000
Tamil Nadu,Cuddalore,Panruti(Uzhavar Sandhai ),Amaranthus,Amaranthus,Local,06-09-2026,2000,2000,2000
Tamil Nadu,Cuddalore,Panruti(Uzhavar Sandhai ),Onion Green,Onion Green,Local,06-09-2026,7000,8000,7500
Tamil Nadu,Cuddalore,Vadalur(Uzhavar Sandhai ),Tomato,Local,Local,06-09-2026,2500,2500,2500
Tamil Nadu,Cuddalore,Vadalur(Uzhavar Sandhai ),Raddish,Raddish,Local,06-09-2026,3000,3000,3000
Tamil Nadu,Cuddalore,Vadalur(Uzhavar Sandhai ),Ginger(Green),Green Ginger,Local,06-09-2026,17000,17000,17000
Tamil Nadu,Cuddalore,Vadalur(Uzhavar Sandhai ),Lemon,Lemon,Local,06-09-2026,9000,10000,9500
Tamil Nadu,Cuddalore,Vadalur(Uzhavar Sandhai ),Onion Green,Onion Green,Local,06-09-2026,8000,8000,8000
Tamil Nadu,Cuddalore,Vadalur(Uzhavar Sandhai ),Mint(Pudina),Mint(Pudina),Local,06-09-2026,4000,4000,4000
Tamil Nadu,Dharmapuri,AJattihalli(Uzhavar Sandhai ),Cauliflower,Ranchi,Local,06-09-2026,3500,3500,3500
Tamil Nadu,Dharmapuri,AJattihalli(Uzhavar Sandhai ),Bhindi(Ladies Finger),Bhindi,Local,06-09-2026,2000,2400,2200
Tamil Nadu,Dharmapuri,AJattihalli(Uzhavar Sandhai ),Banana - Green,Banana - Green,Local,06-09-2026,2500,2500,2500
Tamil Nadu,Dharmapuri,AJattihalli(Uzhavar Sandhai ),Beans,Beans (Whole),Local,06-09-2026,10000,10000,10000
Tamil Nadu,Dharmapuri,AJattihalli(Uzhavar Sandhai ),Capsicum,Capsicum,Local,06-09-2026,8000,8000,8000
Tamil Nadu,Dharmapuri,AJattihalli(Uzhavar Sandhai ),Tamarind Fruit,Tamarind Fruit,Local,06-09-2026,9000,9000,9000
Tamil Nadu,Dharmapuri,AJattihalli(Uzhavar Sandhai ),Mint(Pudina),Mint(Pudina),Local,06-09-2026,5000,6000,5500
Tamil Nadu,Thanjavur,Peravurani(Uzhavar Sandhai),Snakeguard,Snakeguard,Local,06-09-2026,4000,4000,4000
Tamil Nadu,Thanjavur,Peravurani(Uzhavar Sandhai),Banana,Besrai,Local,06-09-2026,3500,3500,3500
Tamil Nadu,Thanjavur,Peravurani(Uzhavar Sandhai),Potato,Red Nanital,Local,06-09-2026,3000,3000,3000
Tamil Nadu,Thanjavur,Peravurani(Uzhavar Sandhai),Tomato,Deshi,Local,06-09-2026,3800,3800,3800
Tamil Nadu,Thanjavur,Peravurani(Uzhavar Sandhai),Cluster beans,Cluster Beans,Local,06-09-2026,4000,4000,4000
Tamil Nadu,Thanjavur,Peravurani(Uzhavar Sandhai),Bitter gourd,Bitter Gourd,Local,06-09-2026,6000,6000,6000
Tamil Nadu,Thanjavur,Peravurani(Uzhavar Sandhai),Amaranthus,Amaranthus,Local,06-09-2026,2000,2000,2000
Tamil Nadu,Thanjavur,Peravurani(Uzhavar Sandhai),Green Chilli,Green Chilly,Local,06-09-2026,5000,5000,5000
Tamil Nadu,Thanjavur,Peravurani(Uzhavar Sandhai),Beans,Beans (Whole),Local,06-09-2026,9200,9200,9200
Tamil Nadu,Karur,Pallapatti (Uzhavar Sandhai ),Banana - Green,Banana - Green,Local,06-09-2026,2500,3000,2750
Tamil Nadu,Karur,Pallapatti (Uzhavar Sandhai ),Raddish,Raddish,Local,06-09-2026,3500,4000,3750
Tamil Nadu,Karur,Pallapatti (Uzhavar Sandhai ),Guava,Guava Allahabad,Local,06-09-2026,5500,6000,5750
Tamil Nadu,Karur,Pallapatti (Uzhavar Sandhai ),Lemon,Lemon,Local,06-09-2026,18000,20000,19000
Tamil Nadu,Karur,Velayuthampalayam(Uzhavar Sandhai ),Ridgeguard(Tori),Ridgeguard(Tori),Local,06-09-2026,4000,5000,4500
Tamil Nadu,Karur,Velayuthampalayam(Uzhavar Sandhai ),Bottle gourd,Bottle Gourd,Local,06-09-2026,2400,3000,2700
Tamil Nadu,Karur,Velayuthampalayam(Uzhavar Sandhai ),Amaranthus,Amaranthus,Local,06-09-2026,2000,2500,2250
Tamil Nadu,Karur,Velayuthampalayam(Uzhavar Sandhai ),Green Avare(W),Other,Local,06-09-2026,7000,8000,7500
Tamil Nadu,Karur,Vengamedu(Uzhavar Sandhai ),Coconut,Coconut,Local,06-09-2026,5500,6000,5750
Tamil Nadu,Karur,Vengamedu(Uzhavar Sandhai ),Brinjal,Other,Local,06-09-2026,4000,5000,4500
Tamil Nadu,Karur,Vengamedu(Uzhavar Sandhai ),Banana - Green,Banana - Green,Local,06-09-2026,2500,3000,2750
Tamil Nadu,Karur,Vengamedu(Uzhavar Sandhai ),Onion Green,Onion Green,Local,06-09-2026,7500,8000,7750
Tamil Nadu,Salem,Attayampatti(Uzhavar Sandhai ),Cluster beans,Cluster Beans,Local,06-09-2026,3600,3600,3600
Tamil Nadu,Salem,Attayampatti(Uzhavar Sandhai ),Bottle gourd,Bottle Gourd,Local,06-09-2026,3000,3000,3000
Tamil Nadu,Salem,Attayampatti(Uzhavar Sandhai ),Pumpkin,Pumpkin,Local,06-09-2026,2000,2000,2000
Tamil Nadu,Salem,Attayampatti(Uzhavar Sandhai ),Elephant Yam(Suran)/Amorphophallus,Elephant Yam (Suran),Local,06-09-2026,5000,5000,5000
Tamil Nadu,Sivaganga,Sivagangai (Uzhavar Sandhai ),Brinjal,Other,Local,06-09-2026,3800,4200,4000
Tamil Nadu,Sivaganga,Sivagangai (Uzhavar Sandhai ),Bhindi(Ladies Finger),Bhindi,Local,06-09-2026,3000,3400,3200
Tamil Nadu,Sivaganga,Sivagangai (Uzhavar Sandhai ),Green Chilli,Green Chilly,Local,06-09-2026,4200,4600,4400
Tamil Nadu,Sivaganga,Sivagangai (Uzhavar Sandhai ),Green Avare(W),Other,Local,06-09-2026,6200,7200,6700
Tamil Nadu,Sivaganga,Sivagangai (Uzhavar Sandhai ),Chow Chow,Chow Chow,Local,06-09-2026,3000,3400,3200
Tamil Nadu,Sivaganga,Sivagangai (Uzhavar Sandhai ),Mango(Raw-Ripe),Mango - Raw-Ripe,Local,06-09-2026,10000,10000,10000
Tamil Nadu,Sivaganga,Sivagangai (Uzhavar Sandhai ),Lime,Lime,Local,06-09-2026,12000,15000,13500
Tamil Nadu,Sivaganga,Sivagangai (Uzhavar Sandhai ),Elephant Yam(Suran)/Amorphophallus,Elephant Yam (Suran),Local,06-09-2026,4200,4600,4400
Tamil Nadu,Sivaganga,Devakottai (Uzhavar Sandhai ),Carrot,Pusakesar,Local,06-09-2026,3200,6000,4600
Tamil Nadu,Sivaganga,Devakottai (Uzhavar Sandhai ),Brinjal,Other,Local,06-09-2026,4000,4200,4100
Tamil Nadu,Sivaganga,Devakottai (Uzhavar Sandhai ),Ginger(Green),Green Ginger,Local,06-09-2026,12000,19200,15600
Tamil Nadu,Sivaganga,Devakottai (Uzhavar Sandhai ),Drumstick,Drumstick,Local,06-09-2026,3200,3400,3300
Tamil Nadu,Sivaganga,Devakottai (Uzhavar Sandhai ),Lemon,Lemon,Local,06-09-2026,22200,24200,23200
Tamil Nadu,Salem,Edapadi (Uzhavar Sandhai ),Ridgeguard(Tori),Ridgeguard(Tori),Local,06-09-2026,3500,4000,3750
Tamil Nadu,Salem,Edapadi (Uzhavar Sandhai ),Mousambi(Sweet Lime),Mousambi,Local,06-09-2026,2800,3000,2900
Tamil Nadu,Salem,Edapadi (Uzhavar Sandhai ),Cluster beans,Cluster Beans,Local,06-09-2026,3000,3500,3250
Tamil Nadu,Salem,Edapadi (Uzhavar Sandhai ),Bottle gourd,Bottle Gourd,Local,06-09-2026,2200,2500,2350
Tamil Nadu,Salem,Edapadi (Uzhavar Sandhai ),Green Chilli,Green Chilly,Local,06-09-2026,4200,4500,4350
Tamil Nadu,Salem,Edapadi (Uzhavar Sandhai ),Green Avare(W),Other,Local,06-09-2026,6500,7000,6750
Tamil Nadu,Salem,Edapadi (Uzhavar Sandhai ),Lemon,Lemon,Local,06-09-2026,15000,16000,15500
Tamil Nadu,Salem,Elampillai(Uzhavar Sandhai ),Potato,Other,Local,06-09-2026,2500,3000,2750
Tamil Nadu,Salem,Elampillai(Uzhavar Sandhai ),Coriander(Leaves),I Sort,Local,06-09-2026,3000,3600,3300
Tamil Nadu,Salem,Elampillai(Uzhavar Sandhai ),Tomato,Other,Local,06-09-2026,2000,2500,2250
Tamil Nadu,Salem,Elampillai(Uzhavar Sandhai ),Amaranthus,Amaranthus,Local,06-09-2026,2000,2500,2250
Tamil Nadu,Salem,Elampillai(Uzhavar Sandhai ),Marigold(Calcutta),Marigold(Calcutta),Local,06-09-2026,17000,18000,17500
Tamil Nadu,Salem,Hasthampatti(Uzhavar Sandhai ),Cabbage,Cabbage,Local,06-09-2026,3000,3400,3200
Tamil Nadu,Salem,Hasthampatti(Uzhavar Sandhai ),Beetroot,Beetroot,Local,06-09-2026,6500,7000,6750
Tamil Nadu,Salem,Hasthampatti(Uzhavar Sandhai ),Ridgeguard(Tori),Ridgeguard(Tori),Local,06-09-2026,3500,4000,3750
Tamil Nadu,Salem,Hasthampatti(Uzhavar Sandhai ),Banana,Red Banana,Local,06-09-2026,7500,8000,7750
Tamil Nadu,Salem,Hasthampatti(Uzhavar Sandhai ),Grapes,Annabesahai,Local,06-09-2026,8000,10000,9000
Tamil Nadu,Salem,Hasthampatti(Uzhavar Sandhai ),Water Melon,Water Melon,Local,06-09-2026,1500,2000,1750
Tamil Nadu,Salem,Hasthampatti(Uzhavar Sandhai ),Bhindi(Ladies Finger),Bhindi,Local,06-09-2026,2600,2800,2700
Tamil Nadu,Salem,Hasthampatti(Uzhavar Sandhai ),Ginger(Green),Green Ginger,Local,06-09-2026,16000,16500,16250
Tamil Nadu,Salem,Hasthampatti(Uzhavar Sandhai ),Knool Khol,Knool Khol,Local,06-09-2026,3500,4000,3750
Tamil Nadu,Salem,Hasthampatti(Uzhavar Sandhai ),Indian Beans(Seam),Indian Beans (Seam),Local,06-09-2026,4500,5000,4750
Tamil Nadu,Salem,Jalagandapuram(Uzhavar Sandhai ),Coconut,Coconut,Local,06-09-2026,5500,6000,5750
Tamil Nadu,Salem,Jalagandapuram(Uzhavar Sandhai ),Beetroot,Beetroot,Local,06-09-2026,5000,6000,5500
Tamil Nadu,Salem,Jalagandapuram(Uzhavar Sandhai ),Ridgeguard(Tori),Ridgeguard(Tori),Local,06-09-2026,3500,4000,3750
Tamil Nadu,Salem,Jalagandapuram(Uzhavar Sandhai ),Groundnut,Big (With Shell),Local,06-09-2026,6500,7000,6750
Tamil Nadu,Salem,Jalagandapuram(Uzhavar Sandhai ),Banana,Red Banana,Local,06-09-2026,6500,7000,6750
Tamil Nadu,Salem,Jalagandapuram(Uzhavar Sandhai ),Cauliflower,Ranchi,Local,06-09-2026,2000,2500,2250
Tamil Nadu,Salem,Jalagandapuram(Uzhavar Sandhai ),Pumpkin,Pumpkin,Local,06-09-2026,1800,2000,1900
Tamil Nadu,Salem,Jalagandapuram(Uzhavar Sandhai ),Green Chilli,Green Chilly,Local,06-09-2026,4000,4500,4250
Tamil Nadu,Salem,Jalagandapuram(Uzhavar Sandhai ),Beans,Beans (Whole),Local,06-09-2026,7500,8000,7750
Tamil Nadu,Salem,Jalagandapuram(Uzhavar Sandhai ),Ginger(Green),Green Ginger,Local,06-09-2026,16000,17000,16500
Tamil Nadu,Salem,Jalagandapuram(Uzhavar Sandhai ),Lemon,Lemon,Local,06-09-2026,5500,6000,5750
Tamil Nadu,Salem,Jalagandapuram(Uzhavar Sandhai ),Onion Green,Onion Green,Local,06-09-2026,6000,6500,6250
Tamil Nadu,Sivaganga,Singampunari(Uzhavar Sandhai ),Banana,Karpura,Local,06-09-2026,3500,4000,3750
Tamil Nadu,Sivaganga,Singampunari(Uzhavar Sandhai ),Coriander(Leaves),I Sort,Local,06-09-2026,4400,5200,4800
Tamil Nadu,Sivaganga,Singampunari(Uzhavar Sandhai ),Papaya,Papaya,Local,06-09-2026,4600,5000,4800
Tamil Nadu,Sivaganga,Singampunari(Uzhavar Sandhai ),Bottle gourd,Bottle Gourd,Local,06-09-2026,2200,3000,2600
Tamil Nadu,Sivaganga,Singampunari(Uzhavar Sandhai ),Pumpkin,Pumpkin,Local,06-09-2026,1800,2200,2000
Tamil Nadu,Sivaganga,Singampunari(Uzhavar Sandhai ),Banana - Green,Banana - Green,Local,06-09-2026,2500,3000,2750
Tamil Nadu,Sivaganga,Singampunari(Uzhavar Sandhai ),Ginger(Green),Green Ginger,Local,06-09-2026,12000,19000,15500
Tamil Nadu,Sivaganga,Singampunari(Uzhavar Sandhai ),Mango(Raw-Ripe),Mango - Raw-Ripe,Local,06-09-2026,9000,10000,9500
Tamil Nadu,Sivaganga,Singampunari(Uzhavar Sandhai ),Knool Khol,Knool Khol,Local,06-09-2026,3200,3800,3500
Tamil Nadu,Sivaganga,Singampunari(Uzhavar Sandhai ),Mint(Pudina),Mint(Pudina),Local,06-09-2026,4600,5200,4900
Tamil Nadu,Sivaganga,Karaikudi(Uzhavar Sandhai ),Cabbage,Cabbage,Local,06-09-2026,3000,3400,3200
Tamil Nadu,Sivaganga,Karaikudi(Uzhavar Sandhai ),Banana,Besrai,Local,06-09-2026,3500,4500,4000
Tamil Nadu,Sivaganga,Karaikudi(Uzhavar Sandhai ),Brinjal,Round,Local,06-09-2026,4500,5500,5000
Tamil Nadu,Sivaganga,Karaikudi(Uzhavar Sandhai ),Banana - Green,Banana - Green,Local,06-09-2026,3000,4000,3500
Tamil Nadu,Sivaganga,Karaikudi(Uzhavar Sandhai ),Green Avare(W),Green Avare (W),Local,06-09-2026,5500,6500,6000
Tamil Nadu,Sivaganga,Karaikudi(Uzhavar Sandhai ),Chow Chow,Chow Chow,Local,06-09-2026,3200,3600,3400
Tamil Nadu,Sivaganga,Karaikudi(Uzhavar Sandhai ),Drumstick,Drumstick,Local,06-09-2026,4000,5500,4750
Tamil Nadu,Sivaganga,Karaikudi(Uzhavar Sandhai ),Lemon,Lemon,Local,06-09-2026,22500,24500,23500
Tamil Nadu,Sivaganga,Karaikudi(Uzhavar Sandhai ),Onion Green,Onion Green,Local,06-09-2026,7500,8500,8000
Tamil Nadu,Sivaganga,Karaikudi(Uzhavar Sandhai ),Mint(Pudina),Mint(Pudina),Local,06-09-2026,5000,5500,5250
Tamil Nadu,Sivaganga,Tirupatthur(Uzhavar Sandhai ),Papaya,Papaya,Local,06-09-2026,5000,5500,5250
Tamil Nadu,Sivaganga,Tirupatthur(Uzhavar Sandhai ),Tomato,Other,Local,06-09-2026,3000,3500,3250
Tamil Nadu,Sivaganga,Tirupatthur(Uzhavar Sandhai ),Drumstick,Drumstick,Local,06-09-2026,3000,3500,3250
Tamil Nadu,Sivaganga,Tirupatthur(Uzhavar Sandhai ),Knool Khol,Knool Khol,Local,06-09-2026,3500,4000,3750
Tamil Nadu,Thanjavur,Pattukottai(Uzhavar Sandhai ),Potato,Red Nanital,Local,06-09-2026,3000,3000,3000
Tamil Nadu,Thanjavur,Pattukottai(Uzhavar Sandhai ),Pumpkin,Pumpkin,Local,06-09-2026,2600,2600,2600
Tamil Nadu,Thanjavur,Pattukottai(Uzhavar Sandhai ),Elephant Yam(Suran)/Amorphophallus,Elephant Yam (Suran),Local,06-09-2026,4500,4500,4500
Tamil Nadu,Thanjavur,Thanjavur(Uzhavar Sandhai ),Orange,Darjeeling,Local,06-09-2026,16000,16000,16000
Tamil Nadu,Thanjavur,Thanjavur(Uzhavar Sandhai ),Mango,Other,Local,06-09-2026,8000,8000,8000
Tamil Nadu,Thanjavur,Thanjavur(Uzhavar Sandhai ),Potato,Red Nanital,Local,06-09-2026,3000,4000,3500
Tamil Nadu,Thanjavur,Thanjavur(Uzhavar Sandhai ),Garlic,Garlic,Local,06-09-2026,24000,24000,24000
Tamil Nadu,Thanjavur,Thanjavur(Uzhavar Sandhai ),Cauliflower,Ranchi,Local,06-09-2026,5000,5000,5000
Tamil Nadu,Thanjavur,Thanjavur(Uzhavar Sandhai ),Brinjal,Round,Local,06-09-2026,3000,4600,3800
Tamil Nadu,Thanjavur,Thanjavur(Uzhavar Sandhai ),Coriander(Leaves),I Sort,Local,06-09-2026,3500,3500,3500
Tamil Nadu,Thanjavur,Thanjavur(Uzhavar Sandhai ),Bottle gourd,Bottle Gourd,Local,06-09-2026,3000,3000,3000
Tamil Nadu,Thanjavur,Thanjavur(Uzhavar Sandhai ),Ashgourd,Gouard,Local,06-09-2026,2400,2400,2400
Tamil Nadu,Thanjavur,Thanjavur(Uzhavar Sandhai ),Amaranthus,Amaranthus,Local,06-09-2026,2000,2000,2000
Tamil Nadu,Thanjavur,Thanjavur(Uzhavar Sandhai ),Capsicum,Capsicum,Local,06-09-2026,7000,7000,7000
Tamil Nadu,Thanjavur,Thanjavur(Uzhavar Sandhai ),Green Avare(W),Green Avare (W),Local,06-09-2026,5600,6400,6000
Tamil Nadu,Thanjavur,Thanjavur(Uzhavar Sandhai ),Elephant Yam(Suran)/Amorphophallus,Elephant Yam (Suran),Local,06-09-2026,5000,5000,5000
Tamil Nadu,Thanjavur,Thanjavur(Uzhavar Sandhai ),Yam(Ratalu),Yam (Ratalu),Local,06-09-2026,10000,10000,10000
Tamil Nadu,Thanjavur,Thanjavur(Uzhavar Sandhai ),Lemon,Lemon,Local,06-09-2026,16000,16000,16000
Tamil Nadu,Thanjavur,Thanjavur(Uzhavar Sandhai ),Colacasia,Colacasia,Local,06-09-2026,5600,5600,5600
Tamil Nadu,Thiruchirappalli,KKNagar(Uzhavar Sandhai ),Snakeguard,Snakeguard,Local,06-09-2026,3600,3600,3600
Tamil Nadu,Thiruchirappalli,KKNagar(Uzhavar Sandhai ),Apple,American,Local,06-09-2026,23000,23000,23000
Tamil Nadu,Thiruchirappalli,KKNagar(Uzhavar Sandhai ),Orange,Darjeeling,Local,06-09-2026,8000,8000,8000
Tamil Nadu,Thiruchirappalli,KKNagar(Uzhavar Sandhai ),Banana,Poovan,Local,06-09-2026,6000,6000,6000
Tamil Nadu,Thiruchirappalli,KKNagar(Uzhavar Sandhai ),Potato,Other,Local,06-09-2026,6000,6000,6000
Tamil Nadu,Thiruchirappalli,KKNagar(Uzhavar Sandhai ),Brinjal,Other,Local,06-09-2026,4600,4600,4600
Tamil Nadu,Thiruchirappalli,KKNagar(Uzhavar Sandhai ),Coriander(Leaves),I Sort,Local,06-09-2026,3000,3000,3000
Tamil Nadu,Thiruchirappalli,KKNagar(Uzhavar Sandhai ),Green Peas,Green Peas,Local,06-09-2026,23000,23000,23000
Tamil Nadu,Thiruchirappalli,KKNagar(Uzhavar Sandhai ),Raddish,Raddish,Local,06-09-2026,2600,3000,2800
Tamil Nadu,Thiruchirappalli,KKNagar(Uzhavar Sandhai ),Mango(Raw-Ripe),Mango - Raw-Ripe,Local,06-09-2026,10000,10000,10000
Tamil Nadu,Thiruchirappalli,KKNagar(Uzhavar Sandhai ),Mashrooms,Mashrooms,Local,06-09-2026,22000,22000,22000
Tamil Nadu,Thiruchirappalli,KKNagar(Uzhavar Sandhai ),Mint(Pudina),Mint(Pudina),Local,06-09-2026,5600,5600,5600
Tamil Nadu,Thiruchirappalli,Lalgudi(Uzhavar Sandhai ),Sweet Potato,Hosur Red,Local,06-09-2026,5600,5600,5600
Tamil Nadu,Thiruchirappalli,Lalgudi(Uzhavar Sandhai ),Beetroot,Beetroot,Local,06-09-2026,5000,5000,5000
Tamil Nadu,Thiruchirappalli,Lalgudi(Uzhavar Sandhai ),Potato,Other,Local,06-09-2026,3000,3000,3000
Tamil Nadu,Thiruchirappalli,Lalgudi(Uzhavar Sandhai ),Cluster beans,Cluster Beans,Local,06-09-2026,3600,3600,3600
Tamil Nadu,Thiruchirappalli,Lalgudi(Uzhavar Sandhai ),Bitter gourd,Other,Local,06-09-2026,6600,6600,6600
Tamil Nadu,Thiruchirappalli,Lalgudi(Uzhavar Sandhai ),Bhindi(Ladies Finger),Bhindi,Local,06-09-2026,3600,3600,3600
Tamil Nadu,Thiruchirappalli,Lalgudi(Uzhavar Sandhai ),Ridgeguard(Tori),Ridgeguard(Tori),Local,06-09-2026,5600,5600,5600
Tamil Nadu,Thiruchirappalli,Lalgudi(Uzhavar Sandhai ),Tapioca,Tapioca,Local,06-09-2026,4000,4000,4000
Tamil Nadu,Thiruchirappalli,Lalgudi(Uzhavar Sandhai ),Indian Beans(Seam),Indian Beans (Seam),Local,06-09-2026,7000,7000,7000
Tamil Nadu,Thiruchirappalli,Lalgudi(Uzhavar Sandhai ),Amla(Nelli Kai),Amla,Local,06-09-2026,11000,11000,11000
Tamil Nadu,Thiruchirappalli,Lalgudi(Uzhavar Sandhai ),Mint(Pudina),Mint(Pudina),Local,06-09-2026,5600,5600,5600
Tamil Nadu,Thiruchirappalli,Manachanallur(Uzhavar Sandhai ),Coriander(Leaves),I Sort,Local,06-09-2026,2400,2800,2600
Tamil Nadu,Thiruchirappalli,Manapparai(Uzhavar Sandhai ),Coconut,Coconut,Local,06-09-2026,7000,7000,7000
Tamil Nadu,Thiruchirappalli,Manapparai(Uzhavar Sandhai ),Carrot,Pusakesar,Local,06-09-2026,7000,7000,7000
Tamil Nadu,Thiruchirappalli,Manapparai(Uzhavar Sandhai ),Snakeguard,Snakeguard,Local,06-09-2026,3600,4000,3800
Tamil Nadu,Thiruchirappalli,Manapparai(Uzhavar Sandhai ),Banana,Poovan,Local,06-09-2026,4000,5000,4500
Tamil Nadu,Thiruchirappalli,Manapparai(Uzhavar Sandhai ),Ridgeguard(Tori),Ridgeguard(Tori),Local,06-09-2026,5000,5000,5000
Tamil Nadu,Thiruchirappalli,Manapparai(Uzhavar Sandhai ),Green Chilli,Green Chilly,Local,06-09-2026,4600,4600,4600
Tamil Nadu,Thiruchirappalli,Manapparai(Uzhavar Sandhai ),Cowpea(Veg),Cowpea (Veg),Local,06-09-2026,3600,3600,3600
Tamil Nadu,Thiruchirappalli,Manapparai(Uzhavar Sandhai ),Banana - Green,Banana - Green,Local,06-09-2026,3000,3000,3000
Tamil Nadu,Thiruchirappalli,Manapparai(Uzhavar Sandhai ),Raddish,Raddish,Local,06-09-2026,3000,3000,3000
Tamil Nadu,Thiruchirappalli,Manapparai(Uzhavar Sandhai ),Chow Chow,Chow Chow,Local,06-09-2026,4000,4000,4000
Tamil Nadu,Thiruchirappalli,Manapparai(Uzhavar Sandhai ),Drumstick,Drumstick,Local,06-09-2026,4000,4000,4000
Tamil Nadu,Thiruchirappalli,Manapparai(Uzhavar Sandhai ),Mango(Raw-Ripe),Mango - Raw-Ripe,Local,06-09-2026,10000,10000,10000
Tamil Nadu,Thiruchirappalli,Manapparai(Uzhavar Sandhai ),Knool Khol,Knool Khol,Local,06-09-2026,3600,3600,3600
Tamil Nadu,Thiruchirappalli,Musiri(Uzhavar Sandhai ),Sweet Potato,Hosur Red,Local,06-09-2026,4500,5000,4750
Tamil Nadu,Thiruchirappalli,Musiri(Uzhavar Sandhai ),Coriander(Leaves),I Sort,Local,06-09-2026,2600,3000,2800
Tamil Nadu,Thiruchirappalli,Musiri(Uzhavar Sandhai ),Tomato,Local,Local,06-09-2026,2600,3000,2800
Tamil Nadu,Thiruchirappalli,Musiri(Uzhavar Sandhai ),Bitter gourd,Bitter Gourd,Local,06-09-2026,5000,5600,5300
Tamil Nadu,Thiruchirappalli,Musiri(Uzhavar Sandhai ),Amaranthus,Amaranthus,Local,06-09-2026,2000,2000,2000
Tamil Nadu,Thiruchirappalli,Musiri(Uzhavar Sandhai ),Banana - Green,Banana - Green,Local,06-09-2026,2500,2500,2500
Tamil Nadu,Thiruchirappalli,Musiri(Uzhavar Sandhai ),Beans,Beans (Whole),Local,06-09-2026,8000,8500,8250
Tamil Nadu,Thiruchirappalli,Musiri(Uzhavar Sandhai ),Ginger(Green),Green Ginger,Local,06-09-2026,13000,14500,13750
Tamil Nadu,Thiruchirappalli,Musiri(Uzhavar Sandhai ),Lime,Lime,Local,06-09-2026,4000,4000,4000
Tamil Nadu,Thiruchirappalli,Musiri(Uzhavar Sandhai ),Tender Coconut,Tender Coconut,Local,06-09-2026,3500,4000,3750
Tamil Nadu,Thiruchirappalli,Musiri(Uzhavar Sandhai ),Yam(Ratalu),Yam (Ratalu),Local,06-09-2026,6000,7000,6500
Tamil Nadu,Thiruchirappalli,Thiruverumbur(Uzhavar Sandhai ),Brinjal,Other,Local,06-09-2026,6000,6000,6000
Tamil Nadu,Thiruchirappalli,Thiruverumbur(Uzhavar Sandhai ),Coriander(Leaves),I Sort,Local,06-09-2026,3000,3000,3000
Tamil Nadu,Thiruchirappalli,Thiruverumbur(Uzhavar Sandhai ),Cowpea(Veg),Cowpea (Veg),Local,06-09-2026,4000,4000,4000
Tamil Nadu,Thiruchirappalli,Thiruverumbur(Uzhavar Sandhai ),Thondekai,Thondekai,Local,06-09-2026,5000,5000,5000
Tamil Nadu,Thiruchirappalli,Thiruverumbur(Uzhavar Sandhai ),Mint(Pudina),Mint(Pudina),Local,06-09-2026,6000,6000,6000
Tamil Nadu,Virudhunagar,Rajapalayam(Uzhavar Sandhai ),Carrot,Pusakesar,Local,06-09-2026,4000,4500,4250
Tamil Nadu,Virudhunagar,Rajapalayam(Uzhavar Sandhai ),Beetroot,Beetroot,Local,06-09-2026,4000,4500,4250
Tamil Nadu,Virudhunagar,Rajapalayam(Uzhavar Sandhai ),Banana,Besrai,Local,06-09-2026,3500,4000,3750
Tamil Nadu,Virudhunagar,Rajapalayam(Uzhavar Sandhai ),Cauliflower,Ranchi,Local,06-09-2026,2500,3000,2750
Tamil Nadu,Virudhunagar,Rajapalayam(Uzhavar Sandhai ),Brinjal,Round,Local,06-09-2026,3500,4000,3750
Tamil Nadu,Virudhunagar,Rajapalayam(Uzhavar Sandhai ),Cluster beans,Cluster Beans,Local,06-09-2026,2500,3000,2750
Tamil Nadu,Virudhunagar,Rajapalayam(Uzhavar Sandhai ),Bhindi(Ladies Finger),Bhindi,Local,06-09-2026,2500,3000,2750
Tamil Nadu,Virudhunagar,Rajapalayam(Uzhavar Sandhai ),Ridgeguard(Tori),Ridgeguard(Tori),Local,06-09-2026,3000,3000,3000
Tamil Nadu,Virudhunagar,Rajapalayam(Uzhavar Sandhai ),Chow Chow,Chow Chow,Local,06-09-2026,3500,4000,3750
Tamil Nadu,Virudhunagar,Rajapalayam(Uzhavar Sandhai ),Drumstick,Drumstick,Local,06-09-2026,4500,5000,4750
Tamil Nadu,Virudhunagar,Sathur(Uzhavar Sandhai ),Cauliflower,Ranchi,Local,06-09-2026,3500,4000,3750
Tamil Nadu,Virudhunagar,Sathur(Uzhavar Sandhai ),Papaya,Papaya,Local,06-09-2026,2500,3000,2750
Tamil Nadu,Virudhunagar,Sathur(Uzhavar Sandhai ),Green Chilli,Green Chilly,Local,06-09-2026,5500,6000,5750
Tamil Nadu,Virudhunagar,Sathur(Uzhavar Sandhai ),Banana - Green,Banana - Green,Local,06-09-2026,3500,4000,3750
Tamil Nadu,Virudhunagar,Sathur(Uzhavar Sandhai ),Raddish,Raddish,Local,06-09-2026,3000,3500,3250
Tamil Nadu,Virudhunagar,Sathur(Uzhavar Sandhai ),Chow Chow,Chow Chow,Local,06-09-2026,3000,3500,3250
Tamil Nadu,Virudhunagar,Sathur(Uzhavar Sandhai ),Mint(Pudina),Mint(Pudina),Local,06-09-2026,3500,4000,3750
Tamil Nadu,Virudhunagar,Sivakasi(Uzhavar Sandhai ),Cabbage,Cabbage,Local,06-09-2026,3000,3500,3250
Tamil Nadu,Virudhunagar,Sivakasi(Uzhavar Sandhai ),Beetroot,Beetroot,Local,06-09-2026,3500,4000,3750
Tamil Nadu,Virudhunagar,Sivakasi(Uzhavar Sandhai ),Coriander(Leaves),I Sort,Local,06-09-2026,4000,4500,4250
Tamil Nadu,Virudhunagar,Sivakasi(Uzhavar Sandhai ),Cluster beans,Cluster Beans,Local,06-09-2026,3500,4000,3750
Tamil Nadu,Virudhunagar,Sivakasi(Uzhavar Sandhai ),Yam(Ratalu),Yam (Ratalu),Local,06-09-2026,5000,6000,5500
Tamil Nadu,Virudhunagar,Thalavaipuram(Uzhavar Sandhai ),Coconut,Coconut,Local,06-09-2026,5000,6000,5500
Tamil Nadu,Virudhunagar,Thalavaipuram(Uzhavar Sandhai ),Cabbage,Cabbage,Local,06-09-2026,2500,3200,2850
Tamil Nadu,Virudhunagar,Thalavaipuram(Uzhavar Sandhai ),Snakeguard,Snakeguard,Local,06-09-2026,2800,3500,3150
Tamil Nadu,Virudhunagar,Thalavaipuram(Uzhavar Sandhai ),Onion,Bellary,Local,06-09-2026,5500,7000,6250
Tamil Nadu,Virudhunagar,Thalavaipuram(Uzhavar Sandhai ),Cauliflower,Ranchi,Local,06-09-2026,2500,3000,2750
Tamil Nadu,Virudhunagar,Thalavaipuram(Uzhavar Sandhai ),Amaranthus,Amaranthus,Local,06-09-2026,2800,3500,3150
Tamil Nadu,Virudhunagar,Thalavaipuram(Uzhavar Sandhai ),Beans,Beans (Whole),Local,06-09-2026,10000,12000,11000
Tamil Nadu,Virudhunagar,Thalavaipuram(Uzhavar Sandhai ),Raddish,Raddish,Local,06-09-2026,2800,3500,3150
Tamil Nadu,Virudhunagar,Thalavaipuram(Uzhavar Sandhai ),Green Avare(W),Green Avare (W),Local,06-09-2026,5500,7000,6250
Tamil Nadu,Virudhunagar,Thalavaipuram(Uzhavar Sandhai ),Lime,Lime,Local,06-09-2026,10000,12000,11000
Tamil Nadu,Virudhunagar,Thalavaipuram(Uzhavar Sandhai ),Elephant Yam(Suran)/Amorphophallus,Elephant Yam (Suran),Local,06-09-2026,4000,5000,4500
Tamil Nadu,Virudhunagar,Thalavaipuram(Uzhavar Sandhai ),Yam(Ratalu),Yam (Ratalu),Local,06-09-2026,6500,8000,7250
Tamil Nadu,Virudhunagar,Thalavaipuram(Uzhavar Sandhai ),Lemon,Lemon,Local,06-09-2026,18000,22000,20000
Tamil Nadu,Virudhunagar,Virudhunagar(Uzhavar Sandhai ),Potato,Red Nanital,Local,06-09-2026,2700,2800,2750
Tamil Nadu,Virudhunagar,Virudhunagar(Uzhavar Sandhai ),Banana - Green,Banana - Green,Local,06-09-2026,3200,3300,3250
Tamil Nadu,Virudhunagar,Virudhunagar(Uzhavar Sandhai ),Mint(Pudina),Mint(Pudina),Local,06-09-2026,3600,3800,3700
Tamil Nadu,Chengalpattu,Madhuranthagam(Uzhavar Sandhai ),Potato,Red Nanital,Local,06-09-2026,4000,4000,4000
Tamil Nadu,Chengalpattu,Madhuranthagam(Uzhavar Sandhai ),Tomato,Deshi,Local,06-09-2026,3000,3000,3000
Tamil Nadu,Chengalpattu,Medavakkam(Uzhavar Sandhai ),Banana,Karpura,Local,06-09-2026,5000,6000,5500
Tamil Nadu,Chengalpattu,Medavakkam(Uzhavar Sandhai ),Garlic,Garlic,Local,06-09-2026,20000,30000,25000
Tamil Nadu,Chengalpattu,Medavakkam(Uzhavar Sandhai ),Tomato,Other,Local,06-09-2026,2500,2500,2500
Tamil Nadu,Chengalpattu,Medavakkam(Uzhavar Sandhai ),Ashgourd,Gouard,Local,06-09-2026,2500,2500,2500
Tamil Nadu,Chengalpattu,Medavakkam(Uzhavar Sandhai ),Green Chilli,Green Chilly,Local,06-09-2026,6000,6000,6000
Tamil Nadu,Chengalpattu,Medavakkam(Uzhavar Sandhai ),Ginger(Green),Green Ginger,Local,06-09-2026,10000,20000,15000
Tamil Nadu,Chengalpattu,Medavakkam(Uzhavar Sandhai ),Tender Coconut,Tender Coconut,Local,06-09-2026,5000,5000,5000
Tamil Nadu,Chengalpattu,Medavakkam(Uzhavar Sandhai ),Mint(Pudina),Mint(Pudina),Local,06-09-2026,3000,4000,3500
Tamil Nadu,Chengalpattu,Pallavaram(Uzhavar Sandhai ),Green Peas,Green Peas,Local,06-09-2026,14000,15000,14500
Tamil Nadu,Chengalpattu,Pallavaram(Uzhavar Sandhai ),Amaranthus,Amaranthus,Local,06-09-2026,2500,3000,2750
Tamil Nadu,Chengalpattu,Pallavaram(Uzhavar Sandhai ),Chow Chow,Chow Chow,Local,06-09-2026,3500,4000,3750
Tamil Nadu,Chengalpattu,Pallavaram(Uzhavar Sandhai ),Mango(Raw-Ripe),Mango - Raw-Ripe,Local,06-09-2026,6000,7000,6500
Tamil Nadu,Chengalpattu,Pallavaram(Uzhavar Sandhai ),Lemon,Lemon,Local,06-09-2026,22000,25000,23500
Tamil Nadu,Chengalpattu,Pallavaram(Uzhavar Sandhai ),Amla(Nelli Kai),Amla,Local,06-09-2026,10000,12000,11000
Tamil Nadu,Nagercoil (Kannyiakumari),Myladi(Uzhavar Sandhai ),Cabbage,Cabbage,Local,06-09-2026,4500,5000,4750
Tamil Nadu,Nagercoil (Kannyiakumari),Myladi(Uzhavar Sandhai ),Snakeguard,Snakeguard,Local,06-09-2026,3500,4000,3750
Tamil Nadu,Nagercoil (Kannyiakumari),Myladi(Uzhavar Sandhai ),Beetroot,Beetroot,Local,06-09-2026,5000,5500,5250
Tamil Nadu,Nagercoil (Kannyiakumari),Myladi(Uzhavar Sandhai ),Bitter gourd,Bitter Gourd,Local,06-09-2026,6500,7000,6750
Tamil Nadu,Nagercoil (Kannyiakumari),Myladi(Uzhavar Sandhai ),Bottle gourd,Bottle Gourd,Local,06-09-2026,2200,2500,2350
Tamil Nadu,Nagercoil (Kannyiakumari),Myladi(Uzhavar Sandhai ),Green Chilli,Green Chilly,Local,06-09-2026,5500,6000,5750
Tamil Nadu,Nagercoil (Kannyiakumari),Myladi(Uzhavar Sandhai ),Tapioca,Tapioca,Local,06-09-2026,3500,4000,3750
Tamil Nadu,Chengalpattu,Jameenrayapettai(Uzhavar Sandhai ),Coconut,Coconut,Local,06-09-2026,6000,7000,6500
Tamil Nadu,Chengalpattu,Jameenrayapettai(Uzhavar Sandhai ),Tomato,Other,Local,06-09-2026,2200,2500,2350
Tamil Nadu,Chengalpattu,Jameenrayapettai(Uzhavar Sandhai ),Amaranthus,Amaranthus,Local,06-09-2026,2500,3000,2750
Tamil Nadu,Chengalpattu,Jameenrayapettai(Uzhavar Sandhai ),Mango(Raw-Ripe),Mango - Raw-Ripe,Local,06-09-2026,6000,7000,6500
Tamil Nadu,Chengalpattu,Jameenrayapettai(Uzhavar Sandhai ),Guava,Guava Allahabad,Local,06-09-2026,5000,6000,5500
Tamil Nadu,Chengalpattu,Jameenrayapettai(Uzhavar Sandhai ),Onion Green,Onion Green,Local,06-09-2026,9000,10000,9500
Tamil Nadu,Chengalpattu,Jameenrayapettai(Uzhavar Sandhai ),Rose(Local),Rose (Local),Local,06-09-2026,9000,11000,10000
Karnataka,Koppal,Kustagi APMC,Bengal Gram(Gram)(Whole),Average (Whole),FAQ,06-09-2026,6300,6300,6300
Maharashtra,Chattrapati Sambhajinagar,APMC Chattrapati Sambhajinagar ,Green Chilli,Other,Local,06-09-2026,2200,4500,3350
Maharashtra,Chattrapati Sambhajinagar,APMC Chattrapati Sambhajinagar ,Guava,Other,Local,06-09-2026,4500,6500,5500
Maharashtra,Chattrapati Sambhajinagar,APMC Chattrapati Sambhajinagar ,Bitter gourd,Other,Local,06-09-2026,1500,4000,2750
Maharashtra,Chattrapati Sambhajinagar,APMC Chattrapati Sambhajinagar ,Methi(Leaves),Other,Local,06-09-2026,600,800,700
Maharashtra,Chattrapati Sambhajinagar,APMC Paithan ,Wheat,Bansi,FAQ,06-09-2026,2630,2790,2711
Maharashtra,Jalgaon,APMC Bhusaval ,Bhindi(Ladies Finger),Other,Local,06-09-2026,1500,2000,1800
Maharashtra,Jalgaon,APMC Bhusaval ,Sweet Pumpkin,Other,Local,06-09-2026,500,1000,800
Maharashtra,Jalgaon,APMC Bhusaval ,Cauliflower,Other,Local,06-09-2026,1000,1500,1200
Maharashtra,Jalgaon,APMC Bhusaval ,Bitter gourd,Other,Local,06-09-2026,1200,2000,1500
Maharashtra,Jalgaon,APMC Bhusaval ,Brinjal,Other,Local,06-09-2026,2500,4500,3000
Tamil Nadu,Villupuram,Tindivanam APMC,Carrot,Pusakesar,Local,06-09-2026,5800,5800,5800
Tamil Nadu,Villupuram,Tindivanam APMC,Cucumbar(Kheera),Cucumbar,Local,06-09-2026,4500,4500,4500
Tamil Nadu,Villupuram,Tindivanam APMC,Groundnut,Big (With Shell),Local,06-09-2026,7000,7000,7000
Tamil Nadu,Villupuram,Tindivanam APMC,Banana,Besrai,Local,06-09-2026,5000,5000,5000
Tamil Nadu,Villupuram,Tindivanam APMC,Onion,Bellary,Local,06-09-2026,5800,5800,5800
Tamil Nadu,Villupuram,Tindivanam APMC,Bottle gourd,Bottle Gourd,Local,06-09-2026,2000,2000,2000
Tamil Nadu,Villupuram,Tindivanam APMC,Tapioca,Tapioca,Local,06-09-2026,4500,4500,4500
Tamil Nadu,Villupuram,Tindivanam APMC,Capsicum,Capsicum,Local,06-09-2026,6000,6000,6000
Tamil Nadu,Villupuram,Tindivanam APMC,Rose(Local),Rose (Local),Local,06-09-2026,20000,20000,20000
Tamil Nadu,Villupuram,Ulundurpettai APMC,Onion,Bellary,Local,06-09-2026,6000,6000,6000
Tamil Nadu,Villupuram,Ulundurpettai APMC,Bitter gourd,Bitter Gourd,Local,06-09-2026,6000,6000,6000
Tamil Nadu,Villupuram,Ulundurpettai APMC,Ginger(Green),Green Ginger,Local,06-09-2026,11000,11000,11000
Tamil Nadu,Villupuram,Ulundurpettai APMC,Green Avare(W),Green Avare (W),Local,06-09-2026,8000,8000,8000
Tamil Nadu,Villupuram,Ulundurpettai APMC,Drumstick,Drumstick,Local,06-09-2026,4000,4000,4000
Uttar Pradesh,Raebarelli,Bachranwa APMC,Wheat,Dara,FAQ,06-09-2026,2400,2400,2400
Uttar Pradesh,Azamgarh,Azamgarh APMC,Rice,Common,FAQ,06-09-2026,2400,2400,2400
Uttar Pradesh,Kasganj,Kasganj APMC,Wheat,Medium,FAQ,06-09-2026,2550,2580,2563.5
Madhya Pradesh,Mandla,Krishi Upaj Mandi Samiti Bichhiya,Paddy(Common),Common,Non-FAQ,06-09-2026,2100,2200,2100
Uttar Pradesh,Jhansi,Mauranipur APMC,Wheat,Medium,FAQ,06-09-2026,2400,2400,2400
Gujarat,Amreli,Damnagar APMC,Cauliflower,Cauliflower,Local,06-09-2026,3000,3000,3000
Gujarat,Amreli,Damnagar APMC,Ginger(Green),Green Ginger,Local,06-09-2026,8500,8500,8500
Gujarat,Rajkot,Gondal(Veg.market Gondal) APMC,Banana,Banana - Ripe,Local,06-09-2026,1500,2500,2000
Gujarat,Rajkot,Gondal(Veg.market Gondal) APMC,Water Melon,Water Melon,Local,06-09-2026,500,1000,750
Tamil Nadu,Madurai,Chokkikulam(Uzhavar Sandhai ),Betal Leaves,Mysore,Local,06-09-2026,24000,28000,26000
Tamil Nadu,Madurai,Chokkikulam(Uzhavar Sandhai ),Sweet Potato,Hosur Red,Local,06-09-2026,5500,6000,5750
Tamil Nadu,Madurai,Chokkikulam(Uzhavar Sandhai ),Carrot,Pusakesar,Local,06-09-2026,3200,5500,4350
Tamil Nadu,Madurai,Chokkikulam(Uzhavar Sandhai ),Groundnut,Big (With Shell),Local,06-09-2026,7000,8000,7500
Tamil Nadu,Madurai,Chokkikulam(Uzhavar Sandhai ),Apple,American,Local,06-09-2026,18000,27000,22500
Tamil Nadu,Madurai,Chokkikulam(Uzhavar Sandhai ),Onion,Bellary,Local,06-09-2026,6000,6500,6250
Tamil Nadu,Madurai,Chokkikulam(Uzhavar Sandhai ),Coriander(Leaves),I Sort,Local,06-09-2026,4500,5000,4750
Tamil Nadu,Madurai,Chokkikulam(Uzhavar Sandhai ),Cluster beans,Cluster Beans,Local,06-09-2026,2800,3200,3000
Tamil Nadu,Madurai,Chokkikulam(Uzhavar Sandhai ),Amaranthus,Amaranthus,Local,06-09-2026,3000,3600,3300
Tamil Nadu,Madurai,Chokkikulam(Uzhavar Sandhai ),Green Chilli,Green Chilly,Local,06-09-2026,4500,5000,4750
Tamil Nadu,Madurai,Chokkikulam(Uzhavar Sandhai ),Beans,Beans (Whole),Local,06-09-2026,8000,9000,8500
Tamil Nadu,Madurai,Chokkikulam(Uzhavar Sandhai ),Raddish,Raddish,Local,06-09-2026,2400,2800,2600
Tamil Nadu,Madurai,Chokkikulam(Uzhavar Sandhai ),Chow Chow,Chow Chow,Local,06-09-2026,2800,3200,3000
Tamil Nadu,Madurai,Chokkikulam(Uzhavar Sandhai ),Drumstick,Drumstick,Local,06-09-2026,3000,5000,4000
Tamil Nadu,Madurai,Chokkikulam(Uzhavar Sandhai ),Knool Khol,Knool Khol,Local,06-09-2026,3000,3600,3300
Tamil Nadu,Madurai,Chokkikulam(Uzhavar Sandhai ),Guava,Guava Allahabad,Local,06-09-2026,6000,7000,6500
Uttar Pradesh,Hardoi,Shahabad(New Mandi) APMC,Wheat,Dara,FAQ,06-09-2026,2450,2450,2450
Keralam,Kozhikode(Calicut),Thiruvambady VFPCK Market,Banana,Nendra Bale,Grade A,06-09-2026,3000,4000,3500
Uttar Pradesh,Ambedkarnagar,Akbarpur APMC,Wheat,Dara,FAQ,06-09-2026,2450,2450,2450
Uttar Pradesh,Ambedkarnagar,Akbarpur APMC,Wheat,Other,FAQ,06-09-2026,2625,2625,2625
Telangana,Warangal,Warangal APMC,Cauliflower,Cauliflower,FAQ,06-09-2026,1500,2000,1750
Telangana,Warangal,Warangal APMC,Brinjal,Brinjal,FAQ,06-09-2026,1500,2000,1750
Telangana,Warangal,Warangal APMC,Cucumbar(Kheera),Cucumbar,FAQ,06-09-2026,1200,1600,1400
Telangana,Warangal,Warangal APMC,Field Pea,Field Pea,FAQ,06-09-2026,3000,3500,3250
Uttar Pradesh,Bulandshahar,Sikanderabad APMC,Potato,Other,FAQ,06-09-2026,700,700,700
Maharashtra,Palghar,APMC Palghar ,Rice,1009 Kar,Local,06-09-2026,4600,4600,4600
Telangana,Bhadradri Kothagudem,Dammapet APMC,Paddy(Common),1001,FAQ,06-09-2026,2400,2400,2400
Andhra Pradesh,Prakasam,Addanki APMC,Maize,Local,FAQ,06-09-2026,2400,2420,2410
Andhra Pradesh,Prakasam,Addanki APMC,Paddy(Common),Paddy,FAQ,06-09-2026,2390,2430,2410
Keralam,Palakad,vadakarapathy Market,Ashgourd,Ashgourd,FAQ,06-09-2026,600,800,700
Keralam,Palakad,vadakarapathy Market,Cauliflower,Other,FAQ,06-09-2026,2000,2500,2300
Keralam,Palakad,vadakarapathy Market,Cluster beans,Cluster Beans,FAQ,06-09-2026,3000,3500,3200
Keralam,Palakad,vadakarapathy Market,Carrot,Carrot,FAQ,06-09-2026,2000,3000,2500
Keralam,Palakad,vadakarapathy Market,Elephant Yam(Suran)/Amorphophallus,Elephant Yam (Suran),FAQ,06-09-2026,2000,2500,2300
Keralam,Palakad,vadakarapathy Market,Mango(Raw-Ripe),Mango - Raw-Ripe,FAQ,06-09-2026,6000,6500,6300
Keralam,Palakad,vadakarapathy Market,Little gourd(Kundru),Other,FAQ,06-09-2026,3000,4000,3500
Maharashtra,Pune,APMC Pune ,Pomegranate,Other,Local,06-09-2026,2000,12000,7000
Maharashtra,Pune,APMC Pune ,Guava,Other,Local,06-09-2026,4000,10000,7000
Maharashtra,Pune,APMC Pune ,Plum,Other,Local,06-09-2026,4000,10000,7000
Maharashtra,Pune,APMC Pune ,Sweet Pumpkin,Other,Local,06-09-2026,700,1500,1100
Maharashtra,Pune,APMC Pune ,Guar,Other,Local,06-09-2026,3000,6000,4500
Maharashtra,Pune,APMC Pune ,Cucumbar(Kheera),Other,Local,06-09-2026,1000,2500,1750
Maharashtra,Pune,APMC Pune ,Garlic,Other,Local,06-09-2026,5000,26000,15500
Maharashtra,Pune,APMC Pune ,Raddish,Other,Local,06-09-2026,10,20,15
Maharashtra,Pune,APMC Pune ,Snakeguard,Other,Local,06-09-2026,1600,3000,2300
Maharashtra,Pune,APMC Pune ,Pointed gourd(Parval),Other,Local,06-09-2026,2000,4500,3250
Maharashtra,Pune,APMC Pune ,Mint(Pudina),Other,Local,06-09-2026,3,10,6
Maharashtra,Pune,APMC Pune ,Drumstick,Other,Local,06-09-2026,1000,5000,3000
Maharashtra,Pune,APMC Pune ,Brinjal,Other,Local,06-09-2026,1000,2500,1750
Andhra Pradesh,Kurnool,Yemmiganur APMC,Groundnut,Local,Local,06-09-2026,6100,9040,7669
Uttar Pradesh,Kanpur,Kanpur(Grain) APMC,Wheat,Other,FAQ,06-09-2026,2600,2680,2654.88
Uttar Pradesh,Lakhimpur,Lakhimpur APMC,Wheat,Dara,FAQ,06-09-2026,2650,2650,2650
Maharashtra,Pune,Pune(Khadiki) ,Bottle gourd,Other,Local,06-09-2026,800,1300,1050
Maharashtra,Pune,Pune(Khadiki) ,Cauliflower,Other,Local,06-09-2026,700,1300,1000
Maharashtra,Pune,Pune(Khadiki) ,Carrot,Other,Local,06-09-2026,1200,1700,1450
Maharashtra,Pune,Pune(Khadiki) ,Cucumbar(Kheera),Other,Local,06-09-2026,1300,1600,1450
Maharashtra,Pune,Pune(Khadiki) ,Cabbage,Other,Local,06-09-2026,700,1200,950
Maharashtra,Pune,Pune(Khadiki) ,Mint(Pudina),Other,Local,06-09-2026,4,4,4
Maharashtra,Pune,Pune(Khadiki) ,Tomato,Local,Local,06-09-2026,900,1400,1150
Maharashtra,Pune,Pune(Khadiki) ,Green Chilli,Other,Local,06-09-2026,2000,2000,2000
Uttar Pradesh,Varanasi,Varanasi APMC,Ginger(Green),Other,FAQ,06-09-2026,4000,4000,4000
Uttar Pradesh,Varanasi,Varanasi APMC,Tomato,Other,FAQ,06-09-2026,1500,1500,1500
Keralam,Thiruvananthapuram,Parassala Market,Bhindi(Ladies Finger),Bhindi,Local,06-09-2026,5800,6200,6000
Keralam,Thiruvananthapuram,Parassala Market,Banana,Palayamthodan,Local,06-09-2026,2800,3200,3000
Keralam,Thiruvananthapuram,Parassala Market,Onion,Onion,Local,06-09-2026,5600,6000,5800
Keralam,Thiruvananthapuram,Parassala Market,Amaranthus,Amaranthus,Local,06-09-2026,6800,7200,7000
Keralam,Thiruvananthapuram,Parassala Market,Elephant Yam(Suran)/Amorphophallus,Elephant Yam (Suran),Local,06-09-2026,4800,5200,5000
Keralam,Thiruvananthapuram,Parassala Market,Brinjal,Round/Long,Local,06-09-2026,3800,4200,4000
Maharashtra,Pune,Pune(Moshi) ,Chilly Capsicum,Other,Local,06-09-2026,3000,4000,3500
Maharashtra,Pune,Pune(Moshi) ,Mousambi(Sweet Lime),Other,Local,06-09-2026,3000,5000,4000
Maharashtra,Pune,Pune(Moshi) ,Orange,Other,Local,06-09-2026,10000,10000,10000
Maharashtra,Pune,Pune(Moshi) ,Cabbage,Other,Local,06-09-2026,1000,1500,1250
Maharashtra,Pune,Pune(Moshi) ,Seetapal,Other,Local,06-09-2026,8000,8000,8000
Tamil Nadu,Erode,Thalavadi(Uzhavar Sandhai ),Ridgeguard(Tori),Ridgeguard(Tori),Local,06-09-2026,3000,3600,3300
Tamil Nadu,Erode,Thalavadi(Uzhavar Sandhai ),Potato,Red Nanital,Local,06-09-2026,3400,3800,3600
Tamil Nadu,Erode,Thalavadi(Uzhavar Sandhai ),Tomato,Other,Local,06-09-2026,2000,2200,2100
Tamil Nadu,Erode,Thalavadi(Uzhavar Sandhai ),Bitter gourd,Other,Local,06-09-2026,4400,4800,4600
Tamil Nadu,Erode,Thalavadi(Uzhavar Sandhai ),Raddish,Raddish,Local,06-09-2026,2400,2800,2600
Tamil Nadu,Erode,Thalavadi(Uzhavar Sandhai ),Coconut,Coconut,Local,06-09-2026,4000,5000,4500
Tamil Nadu,Erode,Thalavadi(Uzhavar Sandhai ),Chow Chow,Chow Chow,Local,06-09-2026,2200,2800,2500
Tamil Nadu,Cuddalore,Viruthachalam(Uzhavar Sandhai ),Coriander(Leaves),I Sort,Local,06-09-2026,5000,5000,5000
Tamil Nadu,Cuddalore,Viruthachalam(Uzhavar Sandhai ),Bitter gourd,Bitter Gourd,Local,06-09-2026,5000,5000,5000
Tamil Nadu,Cuddalore,Viruthachalam(Uzhavar Sandhai ),Pumpkin,Pumpkin,Local,06-09-2026,2000,2000,2000
Tamil Nadu,Cuddalore,Viruthachalam(Uzhavar Sandhai ),Bhindi(Ladies Finger),Bhindi,Local,06-09-2026,2000,2000,2000
Tamil Nadu,Cuddalore,Viruthachalam(Uzhavar Sandhai ),Green Avare(W),Green Avare (W),Local,06-09-2026,7000,10000,8500
Tamil Nadu,Cuddalore,Viruthachalam(Uzhavar Sandhai ),Onion Green,Onion Green,Local,06-09-2026,8000,8000,8000
Keralam,Alappuzha,Madhavapuram Market,Elephant Yam(Suran)/Amorphophallus,Other,FAQ,06-09-2026,5000,5500,5300
Maharashtra,Satara,APMC Satara ,Drumstick,Other,Local,06-09-2026,3000,4000,3500
Maharashtra,Satara,APMC Satara ,Tomato,Other,Local,06-09-2026,1000,2000,1500
Maharashtra,Satara,APMC Satara ,Green Chilli,Other,Local,06-09-2026,2000,2500,2250
Tamil Nadu,Krishnagiri,Krishnagiri(Uzhavar Sandhai ),Carrot,Pusakesar,Local,06-09-2026,7000,8000,7500
Tamil Nadu,Krishnagiri,Krishnagiri(Uzhavar Sandhai ),Snakeguard,Snakeguard,Local,06-09-2026,3000,3400,3200
Tamil Nadu,Krishnagiri,Krishnagiri(Uzhavar Sandhai ),Potato,Red Nanital,Local,06-09-2026,2200,2600,2400
Tamil Nadu,Krishnagiri,Krishnagiri(Uzhavar Sandhai ),Brinjal,Round,Local,06-09-2026,1600,2000,1800
Tamil Nadu,Krishnagiri,Krishnagiri(Uzhavar Sandhai ),Bitter gourd,Bitter Gourd,Local,06-09-2026,2400,2800,2600
Tamil Nadu,Krishnagiri,Krishnagiri(Uzhavar Sandhai ),Amaranthus,Amaranthus,Local,06-09-2026,2600,3000,2800
Tamil Nadu,Krishnagiri,Krishnagiri(Uzhavar Sandhai ),Green Chilli,Green Chilly,Local,06-09-2026,3000,3400,3200
Tamil Nadu,Krishnagiri,Krishnagiri(Uzhavar Sandhai ),Cowpea(Veg),Cowpea (Veg),Local,06-09-2026,5500,6000,5750
Tamil Nadu,Krishnagiri,Krishnagiri(Uzhavar Sandhai ),Beans,Beans (Whole),Local,06-09-2026,5000,6000,5500
Tamil Nadu,Krishnagiri,Krishnagiri(Uzhavar Sandhai ),Tapioca,Tapioca,Local,06-09-2026,2400,2800,2600
Tamil Nadu,Krishnagiri,Krishnagiri(Uzhavar Sandhai ),Raddish,Raddish,Local,06-09-2026,1000,1200,1100
Tamil Nadu,Krishnagiri,Krishnagiri(Uzhavar Sandhai ),Guava,Guava Allahabad,Local,06-09-2026,4500,5000,4750
Maharashtra,Solapur,APMC Mangal Wedha ,Bitter gourd,Other,Local,06-09-2026,1300,2000,1800
Tamil Nadu,Nagapattinam,Nagapattinam(Uzhavar Sandhai ),Papaya,Papaya,Local,06-09-2026,3600,3600,3600
Tamil Nadu,Nagapattinam,Nagapattinam(Uzhavar Sandhai ),Bhindi(Ladies Finger),Bhindi,Local,06-09-2026,4700,4700,4700
Tamil Nadu,Nagapattinam,Nagapattinam(Uzhavar Sandhai ),Amaranthus,Amaranthus,Local,06-09-2026,1800,2200,2000
Tamil Nadu,Nagapattinam,Nagapattinam(Uzhavar Sandhai ),Beans,Beans (Whole),Local,06-09-2026,9000,10600,9800
Tamil Nadu,Nagapattinam,Nagapattinam(Uzhavar Sandhai ),Raddish,Raddish,Local,06-09-2026,4100,4100,4100
Tamil Nadu,Nagapattinam,Nagapattinam(Uzhavar Sandhai ),Mango(Raw-Ripe),Mango - Raw-Ripe,Local,06-09-2026,5300,6500,5900
Tamil Nadu,Nagapattinam,Nagapattinam(Uzhavar Sandhai ),Elephant Yam(Suran)/Amorphophallus,Elephant Yam (Suran),Local,06-09-2026,6600,7000,6800
Tamil Nadu,Tenkasi,Sankarankoil(Uzhavar Sandhai ),Groundnut,Big (With Shell),Local,06-09-2026,6000,6000,6000
Tamil Nadu,Tenkasi,Sankarankoil(Uzhavar Sandhai ),Banana,Besrai,Local,06-09-2026,5000,6000,5500
Tamil Nadu,Tenkasi,Sankarankoil(Uzhavar Sandhai ),Coriander(Leaves),I Sort,Local,06-09-2026,4500,4500,4500
Tamil Nadu,Tenkasi,Sankarankoil(Uzhavar Sandhai ),Cluster beans,Cluster Beans,Local,06-09-2026,3000,3000,3000
Tamil Nadu,Tenkasi,Sankarankoil(Uzhavar Sandhai ),Ashgourd,Gouard,Local,06-09-2026,1500,1500,1500
Tamil Nadu,Tenkasi,Sankarankoil(Uzhavar Sandhai ),Bhindi(Ladies Finger),Bhindi,Local,06-09-2026,3000,3000,3000
Tamil Nadu,Tenkasi,Sankarankoil(Uzhavar Sandhai ),Green Chilli,Green Chilly,Local,06-09-2026,6000,6000,6000
Tamil Nadu,Tenkasi,Sankarankoil(Uzhavar Sandhai ),Green Avare(W),Green Avare (W),Local,06-09-2026,6000,6000,6000
Tamil Nadu,Tenkasi,Sankarankoil(Uzhavar Sandhai ),Elephant Yam(Suran)/Amorphophallus,Elephant Yam (Suran),Local,06-09-2026,5000,5000,5000
Tamil Nadu,Tenkasi,Sankarankoil(Uzhavar Sandhai ),Amla(Nelli Kai),Amla,Local,06-09-2026,6000,6000,6000
Tamil Nadu,Tenkasi,Tenkasi(Uzhavar Sandhai ),Beetroot,Beetroot,Local,06-09-2026,4000,4000,4000
Tamil Nadu,Tenkasi,Tenkasi(Uzhavar Sandhai ),Onion,Bellary,Local,06-09-2026,5000,5500,5250
Tamil Nadu,Tenkasi,Tenkasi(Uzhavar Sandhai ),Cauliflower,Ranchi,Local,06-09-2026,5000,5000,5000
Tamil Nadu,Tenkasi,Tenkasi(Uzhavar Sandhai ),Papaya,Papaya,Local,06-09-2026,3000,3000,3000
Tamil Nadu,Tenkasi,Tenkasi(Uzhavar Sandhai ),Cluster beans,Cluster Beans,Local,06-09-2026,3000,3000,3000
Tamil Nadu,Tenkasi,Tenkasi(Uzhavar Sandhai ),Bitter gourd,Other,Local,06-09-2026,5000,5000,5000
Tamil Nadu,Tenkasi,Tenkasi(Uzhavar Sandhai ),Bottle gourd,Bottle Gourd,Local,06-09-2026,1500,1500,1500
Tamil Nadu,Tenkasi,Tenkasi(Uzhavar Sandhai ),Ashgourd,Gouard,Local,06-09-2026,1500,1500,1500
Tamil Nadu,Tenkasi,Tenkasi(Uzhavar Sandhai ),Beans,Beans (Whole),Local,06-09-2026,10000,10000,10000
Tamil Nadu,Tenkasi,Tenkasi(Uzhavar Sandhai ),Drumstick,Drumstick,Local,06-09-2026,3000,3000,3000
Tamil Nadu,Tenkasi,Tenkasi(Uzhavar Sandhai ),Mango(Raw-Ripe),Mango - Raw-Ripe,Local,06-09-2026,6000,6000,6000
Tamil Nadu,Tenkasi,Tenkasi(Uzhavar Sandhai ),Lemon,Lemon,Local,06-09-2026,10000,10000,10000
Tamil Nadu,Tenkasi,Tenkasi(Uzhavar Sandhai ),Colacasia,Colacasia,Local,06-09-2026,5000,6000,5500
Tamil Nadu,Pudukkottai,Pudukottai(Uzhavar Sandhai ),Carrot,Pusakesar,Local,06-09-2026,6000,7000,6500
Tamil Nadu,Pudukkottai,Pudukottai(Uzhavar Sandhai ),Onion,Bellary,Local,06-09-2026,6000,7000,6500
Tamil Nadu,Pudukkottai,Pudukottai(Uzhavar Sandhai ),Tomato,Deshi,Local,06-09-2026,2500,3000,2750
Tamil Nadu,Pudukkottai,Pudukottai(Uzhavar Sandhai ),Tapioca,Tapioca,Local,06-09-2026,3000,4000,3500
Tamil Nadu,Pudukkottai,Pudukottai(Uzhavar Sandhai ),Green Avare(W),Other,Local,06-09-2026,6000,7000,6500
Tamil Nadu,Pudukkottai,Pudukottai(Uzhavar Sandhai ),Jack Fruit(Ripe),Jack Fruit,Local,06-09-2026,2500,3000,2750
Tamil Nadu,Pudukkottai,Pudukottai(Uzhavar Sandhai ),Lemon,Lemon,Local,06-09-2026,18000,20000,19000
Tamil Nadu,Thanjavur,Kumbakonam (Uzhavar Sandhai ),Ridgeguard(Tori),Ridgeguard(Tori),Local,06-09-2026,6000,6000,6000
Tamil Nadu,Thanjavur,Kumbakonam (Uzhavar Sandhai ),Onion,Bellary,Local,06-09-2026,4800,7200,6000
Tamil Nadu,Thanjavur,Kumbakonam (Uzhavar Sandhai ),Coriander(Leaves),I Sort,Local,06-09-2026,4800,4800,4800
Tamil Nadu,Thanjavur,Kumbakonam (Uzhavar Sandhai ),Papaya,Papaya,Local,06-09-2026,4000,4000,4000
Tamil Nadu,Thanjavur,Kumbakonam (Uzhavar Sandhai ),Cluster beans,Cluster Beans,Local,06-09-2026,4800,4800,4800
Tamil Nadu,Thanjavur,Kumbakonam (Uzhavar Sandhai ),Banana - Green,Banana - Green,Local,06-09-2026,4800,4800,4800
Tamil Nadu,Thanjavur,Kumbakonam (Uzhavar Sandhai ),Chow Chow,Chow Chow,Local,06-09-2026,3000,4200,3600
Tamil Nadu,Thanjavur,Kumbakonam (Uzhavar Sandhai ),Jack Fruit(Ripe),Jack Fruit,Local,06-09-2026,3000,3000,3000
Tamil Nadu,Thanjavur,Kumbakonam (Uzhavar Sandhai ),Guava,Guava Allahabad,Local,06-09-2026,8000,8000,8000
Tamil Nadu,Thanjavur,Kumbakonam (Uzhavar Sandhai ),Lemon,Lemon,Local,06-09-2026,15000,20000,17500
Uttar Pradesh,Etah,Awagarh APMC,Potato,Other,FAQ,06-09-2026,500,500,500
Tamil Nadu,The Nilgiris,Udhagamandalam(Uzhavar Sandhai ),Grapes,Annabesahai,Local,06-09-2026,8000,10000,9000
Tamil Nadu,The Nilgiris,Udhagamandalam(Uzhavar Sandhai ),Onion,Bellary,Local,06-09-2026,5500,6000,5750
Tamil Nadu,The Nilgiris,Udhagamandalam(Uzhavar Sandhai ),Papaya,Papaya,Local,06-09-2026,4500,5000,4750
Tamil Nadu,The Nilgiris,Udhagamandalam(Uzhavar Sandhai ),Mousambi(Sweet Lime),Mousambi,Local,06-09-2026,10000,11000,10500
Tamil Nadu,The Nilgiris,Udhagamandalam(Uzhavar Sandhai ),Tomato,Deshi,Local,06-09-2026,2500,2800,2650
Tamil Nadu,The Nilgiris,Udhagamandalam(Uzhavar Sandhai ),Bhindi(Ladies Finger),Bhindi,Local,06-09-2026,4000,4400,4200
Tamil Nadu,The Nilgiris,Udhagamandalam(Uzhavar Sandhai ),Amaranthus,Amaranthus,Local,06-09-2026,5500,6000,5750
Tamil Nadu,The Nilgiris,Udhagamandalam(Uzhavar Sandhai ),Banana - Green,Banana - Green,Local,06-09-2026,4000,4500,4250
Tamil Nadu,Theni,Andipatti(Uzhavar Sandhai ),Snakeguard,Snakeguard,Local,06-09-2026,1800,2000,1900
Tamil Nadu,Theni,Andipatti(Uzhavar Sandhai ),Soyabean,Local,Local,06-09-2026,9500,10000,9750
Tamil Nadu,Theni,Andipatti(Uzhavar Sandhai ),Brinjal,Other,Local,06-09-2026,3300,3500,3400
Tamil Nadu,Theni,Andipatti(Uzhavar Sandhai ),Coriander(Leaves),I Sort,Local,06-09-2026,2500,2500,2500
Tamil Nadu,Theni,Andipatti(Uzhavar Sandhai ),Bhindi(Ladies Finger),Bhindi,Local,06-09-2026,2800,3000,2900
Tamil Nadu,Theni,Andipatti(Uzhavar Sandhai ),Amaranthus,Amaranthus,Local,06-09-2026,2000,2500,2250
Tamil Nadu,Theni,Andipatti(Uzhavar Sandhai ),Green Chilli,Green Chilly,Local,06-09-2026,3500,4000,3750
Tamil Nadu,Theni,Andipatti(Uzhavar Sandhai ),Banana - Green,Banana - Green,Local,06-09-2026,3000,3500,3250
Tamil Nadu,Theni,Andipatti(Uzhavar Sandhai ),Lime,Lime,Local,06-09-2026,11500,12000,11750
Tamil Nadu,Theni,Andipatti(Uzhavar Sandhai ),Elephant Yam(Suran)/Amorphophallus,Elephant Yam (Suran),Local,06-09-2026,3800,4000,3900
Tamil Nadu,Theni,Andipatti(Uzhavar Sandhai ),Indian Beans(Seam),Indian Beans (Seam),Local,06-09-2026,4600,4800,4700
Tamil Nadu,Theni,Bodinayakanur(Uzhavar Sandhai ),Ridgeguard(Tori),Ridgeguard(Tori),Local,06-09-2026,3800,3800,3800
Tamil Nadu,Theni,Bodinayakanur(Uzhavar Sandhai ),Onion,Bellary,Local,06-09-2026,6000,6000,6000
Tamil Nadu,Theni,Bodinayakanur(Uzhavar Sandhai ),Potato,Red Nanital,Local,06-09-2026,2800,2800,2800
Tamil Nadu,Theni,Bodinayakanur(Uzhavar Sandhai ),Cauliflower,Ranchi,Local,06-09-2026,3500,3500,3500
Tamil Nadu,Theni,Bodinayakanur(Uzhavar Sandhai ),Coriander(Leaves),I Sort,Local,06-09-2026,2500,2500,2500
Tamil Nadu,Theni,Bodinayakanur(Uzhavar Sandhai ),Bottle gourd,Bottle Gourd,Local,06-09-2026,2200,2200,2200
Tamil Nadu,Theni,Bodinayakanur(Uzhavar Sandhai ),Bhindi(Ladies Finger),Bhindi,Local,06-09-2026,3000,3000,3000
Tamil Nadu,Theni,Bodinayakanur(Uzhavar Sandhai ),Mint(Pudina),Mint(Pudina),Local,06-09-2026,5000,5000,5000
West Bengal,Bankura,Bishnupur(Bankura) APMC,Mustard,Mustard,FAQ,06-09-2026,6000,6700,6400
Tamil Nadu,Thiruvarur,Needamangalam(Uzhavar Sandhai ),Coriander(Leaves),I Sort,Local,06-09-2026,4000,4000,4000
Tamil Nadu,Thiruvarur,Needamangalam(Uzhavar Sandhai ),Bitter gourd,Bitter Gourd,Local,06-09-2026,5800,5800,5800
Tamil Nadu,Thiruvarur,Tiruvarur(Uzhavar Sandhai ),Tomato,Deshi,Local,06-09-2026,2600,2600,2600
Tamil Nadu,Thiruvarur,Tiruvarur(Uzhavar Sandhai ),Bitter gourd,Bitter Gourd,Local,06-09-2026,6000,6000,6000
Tamil Nadu,Thiruvarur,Tiruvarur(Uzhavar Sandhai ),Raddish,Raddish,Local,06-09-2026,3000,3000,3000
Tamil Nadu,Thiruvarur,Tiruvarur(Uzhavar Sandhai ),Mint(Pudina),Mint(Pudina),Local,06-09-2026,5000,5000,5000
Tamil Nadu,Virudhunagar,Aruppukottai(Uzhavar Sandhai ),Snakeguard,Snakeguard,Local,06-09-2026,3500,4000,3750
Tamil Nadu,Virudhunagar,Aruppukottai(Uzhavar Sandhai ),Cucumbar(Kheera),Cucumbar,Local,06-09-2026,11000,12000,11500
Tamil Nadu,Virudhunagar,Aruppukottai(Uzhavar Sandhai ),Garlic,Garlic,Local,06-09-2026,23000,24000,23500
Tamil Nadu,Virudhunagar,Aruppukottai(Uzhavar Sandhai ),Bitter gourd,Bitter Gourd,Local,06-09-2026,7500,8000,7750
Tamil Nadu,Virudhunagar,Aruppukottai(Uzhavar Sandhai ),Green Avare(W),Green Avare (W),Local,06-09-2026,7500,8000,7750
Tamil Nadu,Villupuram,Gingee(Uzhavar Sandhai ),Groundnut,Big (With Shell),Local,06-09-2026,7000,7000,7000
Tamil Nadu,Villupuram,Gingee(Uzhavar Sandhai ),Onion,Bellary,Local,06-09-2026,5000,6000,5500
Tamil Nadu,Villupuram,Gingee(Uzhavar Sandhai ),Brinjal,Round,Local,06-09-2026,3500,3500,3500
Tamil Nadu,Villupuram,Gingee(Uzhavar Sandhai ),Papaya,Papaya,Local,06-09-2026,5000,5000,5000
Tamil Nadu,Villupuram,Gingee(Uzhavar Sandhai ),Amaranthus,Amaranthus,Local,06-09-2026,4000,5000,4500
Tamil Nadu,Villupuram,Gingee(Uzhavar Sandhai ),Beans,Beans (Whole),Local,06-09-2026,9000,9000,9000
Tamil Nadu,Villupuram,Gingee(Uzhavar Sandhai ),Raddish,Raddish,Local,06-09-2026,4000,4000,4000
Tamil Nadu,Villupuram,Gingee(Uzhavar Sandhai ),Tender Coconut,Tender Coconut,Local,06-09-2026,3500,4000,3750
Tamil Nadu,Villupuram,Gingee(Uzhavar Sandhai ),Onion Green,Onion Green,Local,06-09-2026,7500,7500,7500
Uttar Pradesh,Unnao,Bangarmau APMC,Wood,Eucalyptus,FAQ,06-09-2026,450,450,450
Uttar Pradesh,Barabanki,Barabanki APMC,Potato,Other,FAQ,06-09-2026,600,600,600
Uttar Pradesh,Barabanki,Barabanki APMC,Firewood,Firewood,FAQ,06-09-2026,500,500,500
Tamil Nadu,Thiruvarur,Valangaiman APMC,Snakeguard,Snakeguard,Local,06-09-2026,4000,4000,4000
Tamil Nadu,Thiruvarur,Valangaiman APMC,Cluster beans,Cluster Beans,Local,06-09-2026,4000,4000,4000
Tamil Nadu,Thiruvarur,Valangaiman APMC,Ashgourd,Gouard,Local,06-09-2026,2400,2400,2400
Tamil Nadu,Thiruvarur,Valangaiman APMC,Banana - Green,Banana - Green,Local,06-09-2026,4000,4000,4000
Tamil Nadu,Thiruvarur,Valangaiman APMC,Green Avare(W),Green Avare (W),Local,06-09-2026,6000,6000,6000
Tamil Nadu,Thiruvarur,Valangaiman APMC,Mango(Raw-Ripe),Mango - Raw-Ripe,Local,06-09-2026,6000,6000,6000
Tamil Nadu,Thiruvarur,Valangaiman APMC,Onion Green,Onion Green,Local,06-09-2026,8000,8000,8000
Tamil Nadu,Virudhunagar,Kariyapatti(Uzhavar Sandhai ),Onion,Bellary,Local,06-09-2026,5500,6000,5750
Tamil Nadu,Virudhunagar,Kariyapatti(Uzhavar Sandhai ),Coriander(Leaves),I Sort,Local,06-09-2026,3500,4000,3750
Tamil Nadu,Virudhunagar,Kariyapatti(Uzhavar Sandhai ),Banana - Green,Banana - Green,Local,06-09-2026,3000,3500,3250
Tamil Nadu,Virudhunagar,Kariyapatti(Uzhavar Sandhai ),Chow Chow,Chow Chow,Local,06-09-2026,3500,4000,3750
Tamil Nadu,Virudhunagar,Kariyapatti(Uzhavar Sandhai ),Onion Green,Onion Green,Local,06-09-2026,7500,8000,7750
Uttar Pradesh,Sambhal,Chandausi APMC,Rice,Common,FAQ,06-09-2026,2900,2900,2900
Uttar Pradesh,Gonda,Colonelganj APMC,Wheat,Dara,FAQ,06-09-2026,2500,2500,2500
Madhya Pradesh,Dhar,Manawar(F&V) APMC,Bitter gourd,Bitter Gourd,Grade B,06-09-2026,1400,2000,1500
Madhya Pradesh,Dhar,Manawar(F&V) APMC,Cauliflower,Cauliflower,Grade B,06-09-2026,1400,1800,1500
Tamil Nadu,Vellore,Katpadi (Uzhavar Sandhai ),Cucumbar(Kheera),Cucumbar,Local,06-09-2026,3500,4000,3750
Tamil Nadu,Vellore,Katpadi (Uzhavar Sandhai ),Garlic,Garlic,Local,06-09-2026,21000,21000,21000
Tamil Nadu,Vellore,Katpadi (Uzhavar Sandhai ),Coriander(Leaves),I Sort,Local,06-09-2026,3000,3000,3000
Tamil Nadu,Vellore,Katpadi (Uzhavar Sandhai ),Green Avare(W),Green Avare (W),Local,06-09-2026,6000,6000,6000
Tamil Nadu,Vellore,Katpadi (Uzhavar Sandhai ),Marigold(Calcutta),Marigold(Calcutta),Local,06-09-2026,20000,20000,20000
Tamil Nadu,Vellore,Katpadi (Uzhavar Sandhai ),Elephant Yam(Suran)/Amorphophallus,Elephant Yam (Suran),Local,06-09-2026,5000,5000,5000
Tamil Nadu,Vellore,Katpadi (Uzhavar Sandhai ),Onion Green,Onion Green,Local,06-09-2026,8000,8000,8000
Andhra Pradesh,Kakinada,Peddapuram APMC,Paddy(Common),1001,FAQ,06-09-2026,2369,2390,2369
Tamil Nadu,Madurai,Thirumangalam(Uzhavar Sandhai ),Banana,Besrai,Local,06-09-2026,3000,4000,3500
Tamil Nadu,Madurai,Thirumangalam(Uzhavar Sandhai ),Brinjal,Round,Local,06-09-2026,3000,4000,3500
Tamil Nadu,Madurai,Thirumangalam(Uzhavar Sandhai ),Drumstick,Drumstick,Local,06-09-2026,4000,5000,4500
Tamil Nadu,Madurai,Thirumangalam(Uzhavar Sandhai ),Onion Green,Onion Green,Local,06-09-2026,7500,8000,7750
Tamil Nadu,Madurai,Melur(Uzhavar Sandhai ),Snakeguard,Snakeguard,Local,06-09-2026,3600,4000,3800
Tamil Nadu,Madurai,Melur(Uzhavar Sandhai ),Cucumbar(Kheera),Cucumbar,Local,06-09-2026,4000,5000,4500
Tamil Nadu,Madurai,Melur(Uzhavar Sandhai ),Tomato,Deshi,Local,06-09-2026,2600,3000,2800
Tamil Nadu,Madurai,Melur(Uzhavar Sandhai ),Raddish,Raddish,Local,06-09-2026,2400,2800,2600
Tamil Nadu,Madurai,Melur(Uzhavar Sandhai ),Thondekai,Thondekai,Local,06-09-2026,4500,4800,4650
Tamil Nadu,Madurai,Melur(Uzhavar Sandhai ),Drumstick,Drumstick,Local,06-09-2026,4000,5000,4500
Tamil Nadu,Madurai,Melur(Uzhavar Sandhai ),Elephant Yam(Suran)/Amorphophallus,Elephant Yam (Suran),Local,06-09-2026,4000,4500,4250
Tamil Nadu,Madurai,Melur(Uzhavar Sandhai ),Lemon,Lemon,Local,06-09-2026,22000,24000,23000
Tamil Nadu,Salem,Vazhapadi(Uzhavar Sandhai),Cabbage,Cabbage,Local,06-09-2026,3000,3000,3000
Tamil Nadu,Salem,Vazhapadi(Uzhavar Sandhai),Potato,Red Nanital,Local,06-09-2026,3000,3600,3300
Tamil Nadu,Salem,Vazhapadi(Uzhavar Sandhai),Cauliflower,Ranchi,Local,06-09-2026,2500,2500,2500
Tamil Nadu,Salem,Vazhapadi(Uzhavar Sandhai),Bottle gourd,Bottle Gourd,Local,06-09-2026,2000,2500,2250
Tamil Nadu,Salem,Vazhapadi(Uzhavar Sandhai),Ashgourd,Gouard,Local,06-09-2026,2500,2500,2500
Tamil Nadu,Salem,Vazhapadi(Uzhavar Sandhai),Pumpkin,Pumpkin,Local,06-09-2026,2000,2000,2000
Tamil Nadu,Salem,Vazhapadi(Uzhavar Sandhai),Amaranthus,Amaranthus,Local,06-09-2026,2000,2500,2250
Tamil Nadu,Salem,Vazhapadi(Uzhavar Sandhai),Beans,Beans (Whole),Local,06-09-2026,7000,8000,7500
Tamil Nadu,Salem,Vazhapadi(Uzhavar Sandhai),Thondekai,Thondekai,Local,06-09-2026,5000,5000,5000
Tamil Nadu,Salem,Vazhapadi(Uzhavar Sandhai),Green Avare(W),Green Avare (W),Local,06-09-2026,5500,6000,5750
Tamil Nadu,Salem,Vazhapadi(Uzhavar Sandhai),Onion Green,Onion Green,Local,06-09-2026,6000,6500,6250
Tamil Nadu,Karur,Gandhigramam(Uzhavar Sandhai),Sweet Potato,Hosur Red,Local,06-09-2026,3500,4000,3750
Tamil Nadu,Karur,Gandhigramam(Uzhavar Sandhai),Cucumbar(Kheera),Cucumbar,Local,06-09-2026,4000,8000,6000
Tamil Nadu,Karur,Gandhigramam(Uzhavar Sandhai),Bottle gourd,Bottle Gourd,Local,06-09-2026,2500,3000,2750
Tamil Nadu,Karur,Gandhigramam(Uzhavar Sandhai),Cowpea(Veg),Cowpea (Veg),Local,06-09-2026,3500,4000,3750
Tamil Nadu,Karur,Gandhigramam(Uzhavar Sandhai),Raddish,Raddish,Local,06-09-2026,2500,3000,2750
Tamil Nadu,Karur,Gandhigramam(Uzhavar Sandhai),Capsicum,Capsicum,Local,06-09-2026,6500,7000,6750
Tamil Nadu,Karur,Gandhigramam(Uzhavar Sandhai),Chow Chow,Chow Chow,Local,06-09-2026,3500,4000,3750
Tamil Nadu,Karur,Gandhigramam(Uzhavar Sandhai),Guava,Guava Allahabad,Local,06-09-2026,6000,7000,6500
Tamil Nadu,Karur,Gandhigramam(Uzhavar Sandhai),Elephant Yam(Suran)/Amorphophallus,Elephant Yam (Suran),Local,06-09-2026,4000,5000,4500
Karnataka,Bengaluru South,Ramanagara APMC,Carrot,Carrot,Local,06-09-2026,4000,5600,5000
Karnataka,Bengaluru South,Ramanagara APMC,Green Chilli,Green Chilly,Local,06-09-2026,3000,5000,4000
Karnataka,Bengaluru South,Ramanagara APMC,Snakeguard,Snakeguard,Local,06-09-2026,2000,3000,2400
Karnataka,Bengaluru South,Ramanagara APMC,Beetroot,Beetroot,Local,06-09-2026,3000,3600,3200
Keralam,Palakad,Vaniyamkulam  VFPCK Market,Bitter gourd,Bitter Gourd,Grade A,06-09-2026,3000,3200,3100
Tamil Nadu,Pudukkottai,Aranthangi(Uzhavar Sandhai ),Snakeguard,Snakeguard,Local,06-09-2026,3500,4000,3750
Tamil Nadu,Pudukkottai,Aranthangi(Uzhavar Sandhai ),Coriander(Leaves),I Sort,Local,06-09-2026,4500,5000,4750
Tamil Nadu,Pudukkottai,Aranthangi(Uzhavar Sandhai ),Cluster beans,Cluster Beans,Local,06-09-2026,3500,4000,3750
Tamil Nadu,Pudukkottai,Aranthangi(Uzhavar Sandhai ),Ashgourd,Gouard,Local,06-09-2026,1000,1500,1250
Tamil Nadu,Pudukkottai,Aranthangi(Uzhavar Sandhai ),Ridgeguard(Tori),Ridgeguard(Tori),Local,06-09-2026,4500,5000,4750
Tamil Nadu,Pudukkottai,Aranthangi(Uzhavar Sandhai ),Amaranthus,Amaranthus,Local,06-09-2026,1500,2000,1750
Tamil Nadu,Pudukkottai,Aranthangi(Uzhavar Sandhai ),Raddish,Raddish,Local,06-09-2026,3500,4000,3750
Tamil Nadu,Pudukkottai,Aranthangi(Uzhavar Sandhai ),Green Avare(W),Other,Local,06-09-2026,5000,6000,5500
Tamil Nadu,Nagapattinam,Vedaranyam(Uzhavar Sandhai),Beetroot,Beetroot,Local,06-09-2026,4000,4500,4250
Tamil Nadu,Nagapattinam,Vedaranyam(Uzhavar Sandhai),Brinjal,Round,Local,06-09-2026,5000,5500,5250
Tamil Nadu,Nagapattinam,Vedaranyam(Uzhavar Sandhai),Pumpkin,Pumpkin,Local,06-09-2026,2000,2500,2250
Tamil Nadu,Nagapattinam,Vedaranyam(Uzhavar Sandhai),Banana - Green,Banana - Green,Local,06-09-2026,1800,2500,2150
Tamil Nadu,Nagapattinam,Vedaranyam(Uzhavar Sandhai),Chow Chow,Chow Chow,Local,06-09-2026,2600,2600,2600
Tamil Nadu,Nagapattinam,Vedaranyam(Uzhavar Sandhai),Lemon,Lemon,Local,06-09-2026,9000,10000,9500
Tamil Nadu,Vellore,Perampet(Uzhavar Sandhai),Coconut,Coconut,Local,06-09-2026,2500,3000,2750
Tamil Nadu,Vellore,Perampet(Uzhavar Sandhai),Beetroot,Beetroot,Local,06-09-2026,4000,4600,4300
Tamil Nadu,Vellore,Perampet(Uzhavar Sandhai),Cucumbar(Kheera),Cucumbar,Local,06-09-2026,3000,3000,3000
Tamil Nadu,Vellore,Perampet(Uzhavar Sandhai),Banana,Other,Local,06-09-2026,5500,5500,5500
Tamil Nadu,Vellore,Perampet(Uzhavar Sandhai),Garlic,Garlic,Local,06-09-2026,22000,23000,22500
Tamil Nadu,Vellore,Perampet(Uzhavar Sandhai),Coriander(Leaves),I Sort,Local,06-09-2026,5000,5000,5000
Tamil Nadu,Vellore,Perampet(Uzhavar Sandhai),Papaya,Papaya,Local,06-09-2026,3000,3500,3250
Tamil Nadu,Vellore,Perampet(Uzhavar Sandhai),Pumpkin,Pumpkin,Local,06-09-2026,2400,2400,2400
Tamil Nadu,Vellore,Perampet(Uzhavar Sandhai),Banana - Green,Banana - Green,Local,06-09-2026,4000,4000,4000
Tamil Nadu,Vellore,Perampet(Uzhavar Sandhai),Raddish,Raddish,Local,06-09-2026,2000,2400,2200
Tamil Nadu,Vellore,Perampet(Uzhavar Sandhai),Tender Coconut,Tender Coconut,Local,06-09-2026,2000,2500,2250
Tamil Nadu,Vellore,Perampet(Uzhavar Sandhai),Indian Beans(Seam),Indian Beans (Seam),Local,06-09-2026,5000,5600,5300
Tamil Nadu,Vellore,Perampet(Uzhavar Sandhai),Lemon,Lemon,Local,06-09-2026,11000,12000,11500
Uttar Pradesh,Ayodhya,Ayodhya APMC,Onion,Other,FAQ,06-09-2026,2500,2500,2500
Madhya Pradesh,Badwani,Sendhwa(F&V) APMC,Bhindi(Ladies Finger),Bhindi,Local,06-09-2026,700,1200,900
Madhya Pradesh,Badwani,Sendhwa(F&V) APMC,Pumpkin,Pumpkin,Large,06-09-2026,800,1100,800
Maharashtra,Pune,Pune(Pimpri) ,Raddish,Other,Local,06-09-2026,8,10,9
Maharashtra,Pune,Pune(Pimpri) ,Green Chilli,Other,Local,06-09-2026,2000,3000,2500
Tamil Nadu,Karur,Kulithalai(Uzhavar Sandhai ),Betal Leaves,Mysore,Local,06-09-2026,9000,10000,9500
Tamil Nadu,Karur,Kulithalai(Uzhavar Sandhai ),Cabbage,Cabbage,Local,06-09-2026,3000,3200,3100
Tamil Nadu,Karur,Kulithalai(Uzhavar Sandhai ),Papaya,Papaya,Local,06-09-2026,2500,3000,2750
Tamil Nadu,Karur,Kulithalai(Uzhavar Sandhai ),Bitter gourd,Other,Local,06-09-2026,5000,5600,5300
Tamil Nadu,Karur,Kulithalai(Uzhavar Sandhai ),Bottle gourd,Bottle Gourd,Local,06-09-2026,1500,2000,1750
Tamil Nadu,Karur,Kulithalai(Uzhavar Sandhai ),Amaranthus,Amaranthus,Local,06-09-2026,2000,3000,2500
Tamil Nadu,Karur,Kulithalai(Uzhavar Sandhai ),Drumstick,Drumstick,Local,06-09-2026,2500,3000,2750
Tamil Nadu,Karur,Kulithalai(Uzhavar Sandhai ),Mashrooms,Mashrooms,Local,06-09-2026,16000,20000,18000
Tamil Nadu,Chengalpattu,Guduvancheri(Uzhavar Sandhai ),Green Chilli,Green Chilly,Local,06-09-2026,5000,6000,5500
Tamil Nadu,Chengalpattu,Guduvancheri(Uzhavar Sandhai ),Banana - Green,Banana - Green,Local,06-09-2026,3500,4000,3750
Tamil Nadu,Thirupur,Dharapuram(Uzhavar Sandhai ),Beetroot,Beetroot,Local,06-09-2026,3500,7000,5250
Tamil Nadu,Thirupur,Dharapuram(Uzhavar Sandhai ),Cauliflower,Ranchi,Local,06-09-2026,3000,3500,3250
Tamil Nadu,Thirupur,Dharapuram(Uzhavar Sandhai ),Cluster beans,Cluster Beans,Local,06-09-2026,4000,4500,4250
Tamil Nadu,Thirupur,Dharapuram(Uzhavar Sandhai ),Cowpea(Veg),Cowpea (Veg),Local,06-09-2026,3500,4000,3750
Tamil Nadu,Thirupur,Dharapuram(Uzhavar Sandhai ),Green Avare(W),Green Avare (W),Local,06-09-2026,6500,7000,6750
Tamil Nadu,Thirupur,Dharapuram(Uzhavar Sandhai ),Guava,Guava Allahabad,Local,06-09-2026,3500,4000,3750
Tamil Nadu,Thirupur,Dharapuram(Uzhavar Sandhai ),Elephant Yam(Suran)/Amorphophallus,Elephant Yam (Suran),Local,06-09-2026,4400,4800,4600
Tamil Nadu,Thirupur,Palladam(Uzhavar Sandhai ),Beetroot,Beetroot,Local,06-09-2026,2500,3000,2750
Tamil Nadu,Thirupur,Palladam(Uzhavar Sandhai ),Bitter gourd,Other,Local,06-09-2026,5000,6000,5500
Tamil Nadu,Thirupur,Palladam(Uzhavar Sandhai ),Ashgourd,Gouard,Local,06-09-2026,2000,2500,2250
Tamil Nadu,Thirupur,Palladam(Uzhavar Sandhai ),Mint(Pudina),Mint(Pudina),Local,06-09-2026,2500,3000,2750
Telangana,Ranga Reddy,"Saroornagar,RBZ",Little gourd(Kundru),Other,Medium,06-09-2026,3500,3500,3500
Uttar Pradesh,Amethi,Jafarganj APMC,Wheat,Dara,FAQ,06-09-2026,2540,2540,2540
Uttar Pradesh,Raebarelli,Jayas APMC,Garlic,Other,FAQ,06-09-2026,8000,8000,8000
Uttar Pradesh,Jalaun (Orai),Jalaun APMC,Wheat,Mill Quality,FAQ,06-09-2026,2600,2600,2600
Uttar Pradesh,Ghazipur,Jangipura APMC,Tomato,Other,FAQ,06-09-2026,1600,1600,1600
Tamil Nadu,Kallakuruchi,Kallakurichi(Uzhavar Sandhai ),Carrot,Pusakesar,Local,06-09-2026,7000,7000,7000
Tamil Nadu,Kallakuruchi,Kallakurichi(Uzhavar Sandhai ),Beetroot,Beetroot,Local,06-09-2026,5000,5000,5000
Tamil Nadu,Kallakuruchi,Kallakurichi(Uzhavar Sandhai ),Banana,Red Banana,Local,06-09-2026,7000,7000,7000
Tamil Nadu,Kallakuruchi,Kallakurichi(Uzhavar Sandhai ),Onion,Bellary,Local,06-09-2026,6000,6000,6000
Tamil Nadu,Kallakuruchi,Kallakurichi(Uzhavar Sandhai ),Brinjal,Other,Local,06-09-2026,6000,6000,6000
Tamil Nadu,Kallakuruchi,Kallakurichi(Uzhavar Sandhai ),Bitter gourd,Bitter Gourd,Local,06-09-2026,6000,6000,6000
Tamil Nadu,Kallakuruchi,Kallakurichi(Uzhavar Sandhai ),Bottle gourd,Bottle Gourd,Local,06-09-2026,1500,1500,1500
Tamil Nadu,Kallakuruchi,Kallakurichi(Uzhavar Sandhai ),Ashgourd,Gouard,Local,06-09-2026,3000,3000,3000
Tamil Nadu,Kallakuruchi,Kallakurichi(Uzhavar Sandhai ),Green Chilli,Green Chilly,Local,06-09-2026,6000,6000,6000
Tamil Nadu,Kallakuruchi,Kallakurichi(Uzhavar Sandhai ),Beans,Beans (Whole),Local,06-09-2026,12000,12000,12000
Tamil Nadu,Kallakuruchi,Kallakurichi(Uzhavar Sandhai ),Ginger(Green),Green Ginger,Local,06-09-2026,22000,22000,22000
Tamil Nadu,Kallakuruchi,Kallakurichi(Uzhavar Sandhai ),Mashrooms,Mashrooms,Local,06-09-2026,22500,22500,22500
Madhya Pradesh,Khargone,Bedia APMC,Chili Red,Red,FAQ,06-09-2026,10000,25100,15000
Uttar Pradesh,Bulandshahar,Khurja APMC,Potato,Other,FAQ,06-09-2026,700,700,700
Uttar Pradesh,Hardoi,Madhoganj APMC,Wheat,Dara,FAQ,06-09-2026,2500,2600,2521.47
Uttar Pradesh,Sitapur,Mehmoodabad APMC,Mentha Oil,Other,FAQ,06-09-2026,130500,130500,130500
Uttar Pradesh,Maharajganj,Nautnava APMC,Wood,Other,FAQ,06-09-2026,700,700,700
Andhra Pradesh,Markapuram,Giddalur APMC,Bengal Gram(Gram)(Whole),Other,FAQ,06-09-2026,5850,6000,5900
Andhra Pradesh,Anakapally,Payakaraopeta APMC,Mango,Other,Local,06-09-2026,2400,2500,2450
Andhra Pradesh,Anakapally,Payakaraopeta APMC,Banana,Karpura,Local,06-09-2026,1500,1600,1550
Andhra Pradesh,Anakapally,Payakaraopeta APMC,Green Gram(Moong)(Whole),Local,Local,06-09-2026,8748,8768,8758
Tripura,South Tripura,Kalsi APMC,Bhindi(Ladies Finger),Other,FAQ,06-09-2026,2000,2100,2050
Tamil Nadu,Salem,Athur(Uzhavar Sandhai ),Beetroot,Beetroot,Local,06-09-2026,4000,7000,5500
Tamil Nadu,Salem,Athur(Uzhavar Sandhai ),Onion,Bellary,Local,06-09-2026,5500,6200,5850
Tamil Nadu,Salem,Athur(Uzhavar Sandhai ),Brinjal,Other,Local,06-09-2026,2500,3000,2750
Tamil Nadu,Salem,Athur(Uzhavar Sandhai ),Tapioca,Tapioca,Local,06-09-2026,2500,3000,2750
Tamil Nadu,Salem,Athur(Uzhavar Sandhai ),Raddish,Raddish,Local,06-09-2026,2000,2500,2250
Tamil Nadu,Salem,Athur(Uzhavar Sandhai ),Thondekai,Thondekai,Local,06-09-2026,4500,5000,4750
Tamil Nadu,Salem,Athur(Uzhavar Sandhai ),Capsicum,Capsicum,Local,06-09-2026,7500,8000,7750
Tamil Nadu,Salem,Athur(Uzhavar Sandhai ),Guava,Guava Allahabad,Local,06-09-2026,5500,6000,5750
Tamil Nadu,Salem,Athur(Uzhavar Sandhai ),Marigold(Calcutta),Marigold(Calcutta),Local,06-09-2026,20000,24000,22000
Tamil Nadu,Salem,Athur(Uzhavar Sandhai ),Tamarind Fruit,Tamarind Fruit,Local,06-09-2026,13000,16000,14500
Tamil Nadu,Salem,Athur(Uzhavar Sandhai ),Elephant Yam(Suran)/Amorphophallus,Elephant Yam (Suran),Local,06-09-2026,3000,3500,3250
Tamil Nadu,Salem,Athur(Uzhavar Sandhai ),Rose(Local),Rose (Local),Local,06-09-2026,14000,16000,15000
Uttar Pradesh,Pratapgarh,Pratapgarh APMC,Wheat,Dara,FAQ,06-09-2026,2400,2400,2400
Uttar Pradesh,Pratapgarh,Pratapgarh APMC,Wood,Other,FAQ,06-09-2026,400,400,400
Tamil Nadu,Theni,Periyakulam(Uzhavar Sandhai ),Snakeguard,Snakeguard,Local,06-09-2026,1800,2000,1900
Tamil Nadu,Theni,Periyakulam(Uzhavar Sandhai ),Potato,Other,Local,06-09-2026,2600,2800,2700
Tamil Nadu,Theni,Periyakulam(Uzhavar Sandhai ),Coriander(Leaves),I Sort,Local,06-09-2026,2500,2500,2500
Tamil Nadu,Theni,Periyakulam(Uzhavar Sandhai ),Bhindi(Ladies Finger),Bhindi,Local,06-09-2026,2800,3000,2900
Tamil Nadu,Theni,Periyakulam(Uzhavar Sandhai ),Green Chilli,Green Chilly,Local,06-09-2026,3500,4000,3750
Tamil Nadu,Theni,Periyakulam(Uzhavar Sandhai ),Indian Beans(Seam),Indian Beans (Seam),Local,06-09-2026,4400,4800,4600
Tamil Nadu,Theni,Periyakulam(Uzhavar Sandhai ),Onion Green,Onion Green,Local,06-09-2026,7500,8000,7750
Tamil Nadu,Theni,Periyakulam(Uzhavar Sandhai ),Mint(Pudina),Mint(Pudina),Local,06-09-2026,5000,5000,5000
Tamil Nadu,Virudhunagar,Srivilliputhur(Uzhavar Sandhai ),Coconut,Coconut,Local,06-09-2026,5000,6000,5500
Tamil Nadu,Virudhunagar,Srivilliputhur(Uzhavar Sandhai ),Carrot,Pusakesar,Local,06-09-2026,4000,4500,4250
Tamil Nadu,Virudhunagar,Srivilliputhur(Uzhavar Sandhai ),Beetroot,Beetroot,Local,06-09-2026,4000,4500,4250
Tamil Nadu,Virudhunagar,Srivilliputhur(Uzhavar Sandhai ),Onion,Bellary,Local,06-09-2026,5000,6000,5500
Tamil Nadu,Virudhunagar,Srivilliputhur(Uzhavar Sandhai ),Cauliflower,Ranchi,Local,06-09-2026,2500,3000,2750
Tamil Nadu,Virudhunagar,Srivilliputhur(Uzhavar Sandhai ),Raddish,Raddish,Local,06-09-2026,3000,3500,3250
Tamil Nadu,Virudhunagar,Srivilliputhur(Uzhavar Sandhai ),Drumstick,Drumstick,Local,06-09-2026,3500,4000,3750
Tamil Nadu,Virudhunagar,Srivilliputhur(Uzhavar Sandhai ),Elephant Yam(Suran)/Amorphophallus,Elephant Yam (Suran),Local,06-09-2026,4500,5000,4750
Uttar Pradesh,Rampur,Rampur APMC,Wood,Other,FAQ,06-09-2026,500,720,655.81
Uttar Pradesh,Barabanki,Safdarganj APMC,Wood,Other,FAQ,06-09-2026,550,550,550
Uttar Pradesh,Barabanki,Safdarganj APMC,Wheat,Dara,FAQ,06-09-2026,2480,2500,2495.61
Uttar Pradesh,Barabanki,Safdarganj APMC,Mentha Oil,Other,FAQ,06-09-2026,129500,129500,129500
Uttar Pradesh,Barabanki,Safdarganj APMC,Wheat,Other,FAQ,06-09-2026,2450,2450,2450
Rajasthan,Rajsamand,Rajsamand APMC,Potato,Potato,FAQ,06-09-2026,1000,1200,1100
Rajasthan,Rajsamand,Rajsamand APMC,Onion,Onion,FAQ,06-09-2026,2000,2500,2250
Uttar Pradesh,Shamli,Shamli APMC,Potato,Other,FAQ,06-09-2026,1000,1200,1089.21
Uttar Pradesh,Amethi,Sultanpur APMC,Wheat,Dara,FAQ,06-09-2026,2450,2450,2450
Punjab,Sangrur,Bhawanigarh APMC,Guava,Other,Local,06-09-2026,4200,4600,4400
Punjab,Sangrur,Bhawanigarh APMC,Mousambi(Sweet Lime),Other,Medium,06-09-2026,3500,4000,3850
Punjab,Sangrur,Bhawanigarh APMC,Tomato,Other,Medium,06-09-2026,2500,2700,2600
Punjab,Sangrur,Bhawanigarh APMC,Peas Wet,Other,Grade Range-1,06-09-2026,8000,9000,8500
Odisha,Kalahandi,Mukhiguda APMC,Tomato,Tomato,Grade B,06-09-2026,2400,3400,2900
West Bengal,North 24 Parganas,Habra APMC,Bitter gourd,Other,FAQ,06-09-2026,3500,3500,3500
West Bengal,Murshidabad,Jangipur APMC,Maize,Other,FAQ,06-09-2026,2500,2600,2550
West Bengal,Murshidabad,Jangipur APMC,Brinjal,Other,FAQ,06-09-2026,4100,4300,4200
West Bengal,Murshidabad,Jangipur APMC,Rice,Common,FAQ,06-09-2026,5100,5300,5200
West Bengal,Murshidabad,Jangipur APMC,Green Chilli,Other,FAQ,06-09-2026,7000,7200,7100
West Bengal,Murshidabad,Jangipur APMC,Onion,Bellary,FAQ,06-09-2026,3650,3750,3700
West Bengal,Bankura,Khatra APMC,Sweet Pumpkin,Sweet Pumpkin,FAQ,06-09-2026,1200,1500,1300
Tripura,North Tripura,Dasda APMC,Brinjal,Round/Long,FAQ,06-09-2026,2700,2800,2750
Tripura,North Tripura,Dasda APMC,Potato,Other,FAQ,06-09-2026,1400,1500,1450
Tamil Nadu,Coimbatore,Vadavalli(Uzhavar Sandhai ),Orange,Darjeeling,Local,06-09-2026,14000,17000,15500
Tamil Nadu,Coimbatore,Vadavalli(Uzhavar Sandhai ),Grapes,Annabesahai,Local,06-09-2026,9000,10000,9500
Tamil Nadu,Coimbatore,Vadavalli(Uzhavar Sandhai ),Potato,Other,Local,06-09-2026,5000,6000,5500
Tamil Nadu,Coimbatore,Vadavalli(Uzhavar Sandhai ),Bitter gourd,Other,Local,06-09-2026,4000,4400,4200
Tamil Nadu,Coimbatore,Vadavalli(Uzhavar Sandhai ),Bottle gourd,Bottle Gourd,Local,06-09-2026,2600,3200,2900
Tamil Nadu,Coimbatore,Vadavalli(Uzhavar Sandhai ),Pumpkin,Pumpkin,Local,06-09-2026,1600,1800,1700
Tamil Nadu,Coimbatore,Vadavalli(Uzhavar Sandhai ),Amaranthus,Amaranthus,Local,06-09-2026,5400,6200,5800
Tamil Nadu,Coimbatore,Vadavalli(Uzhavar Sandhai ),Chow Chow,Chow Chow,Local,06-09-2026,2800,3200,3000
Tamil Nadu,Coimbatore,Vadavalli(Uzhavar Sandhai ),Knool Khol,Knool Khol,Local,06-09-2026,3200,3500,3350
Tamil Nadu,Coimbatore,Vadavalli(Uzhavar Sandhai ),Onion Green,Onion Green,Local,06-09-2026,7500,8300,7900
Tamil Nadu,Coimbatore,Vadavalli(Uzhavar Sandhai ),Mint(Pudina),Mint(Pudina),Local,06-09-2026,4500,5000,4750
West Bengal,Alipurduar,Falakata APMC,Tomato,Other,FAQ,06-09-2026,3000,3800,3500
West Bengal,Alipurduar,Falakata APMC,Potato,Jyoti,FAQ,06-09-2026,590,640,620
West Bengal,Darjeeling,Karsiyang(Matigara) APMC,Cabbage,Other,FAQ,06-09-2026,2800,3000,2900
West Bengal,Darjeeling,Karsiyang(Matigara) APMC,Potato,Red,FAQ,06-09-2026,1400,1600,1500
West Bengal,Darjeeling,Karsiyang(Matigara) APMC,Tomato,Other,FAQ,06-09-2026,3800,4000,3900
West Bengal,Darjeeling,Darjeeling APMC,Cabbage,Other,FAQ,06-09-2026,2700,2900,2800
Tamil Nadu,Dindigul,Vedasanthur(Uzhavar Sandhai ),Coconut,Coconut,Local,06-09-2026,5000,5500,5250
Andhra Pradesh,Annamayya,Piler APMC,Gur(Jaggery),NO 3,Local,06-09-2026,4300,4700,4500
Haryana,Kaithal,Dhand APMC,Tomato,Other,Medium,06-09-2026,3000,4000,3800
West Bengal,Murshidabad,Kandi APMC,Rice,Common,FAQ,06-09-2026,3500,3700,3600
West Bengal,Murshidabad,Kandi APMC,Mustard,Yellow (Black),FAQ,06-09-2026,7200,7300,7250
Tamil Nadu,Coimbatore,Udumalpet APMC,Coconut,Coconut,Local,06-09-2026,5000,6000,5500
Tamil Nadu,Coimbatore,Udumalpet APMC,Cowpea(Veg),Cowpea (Veg),Local,06-09-2026,3000,4000,3500
Tamil Nadu,Coimbatore,Udumalpet APMC,Beans,Beans (Whole),Local,06-09-2026,7000,7500,7250
Tamil Nadu,Coimbatore,Udumalpet APMC,Thondekai,Thondekai,Local,06-09-2026,5000,5500,5250
Tamil Nadu,Coimbatore,Udumalpet APMC,Green Avare(W),Other,Local,06-09-2026,5000,6000,5500
Tamil Nadu,Coimbatore,Udumalpet APMC,Chow Chow,Chow Chow,Local,06-09-2026,4000,4500,4250
Tamil Nadu,Coimbatore,Udumalpet APMC,Yam(Ratalu),Yam (Ratalu),Local,06-09-2026,8000,9500,8750
Andhra Pradesh,Kakinada,Karapa APMC,Paddy(Common),1001,FAQ,06-09-2026,2359,2369,2365
Madhya Pradesh,Alirajpur,Alirajpur APMC,Maize,Local,Non-FAQ,06-09-2026,1800,1800,1800
West Bengal,Darjeeling,Siliguri APMC,Rice,Fine(Basmati),FAQ,06-09-2026,5100,5300,5200
Tamil Nadu,Erode,Gobichettipalayam(Uzhavar Sandhai ),Banana,Besrai,Local,06-09-2026,3500,4000,3750
Tamil Nadu,Erode,Gobichettipalayam(Uzhavar Sandhai ),Cauliflower,Ranchi,Local,06-09-2026,3600,4000,3800
Tamil Nadu,Erode,Gobichettipalayam(Uzhavar Sandhai ),Chikoos(Sapota),Sapota,Local,06-09-2026,3600,4000,3800
Tamil Nadu,Erode,Gobichettipalayam(Uzhavar Sandhai ),Amaranthus,Amaranthus,Local,06-09-2026,4000,4400,4200
Tamil Nadu,Erode,Gobichettipalayam(Uzhavar Sandhai ),Tapioca,Tapioca,Local,06-09-2026,2000,2500,2250
Tamil Nadu,Erode,Gobichettipalayam(Uzhavar Sandhai ),Drumstick,Drumstick,Local,06-09-2026,2200,2500,2350
Uttar Pradesh,Gorakhpur,Gorakhpur APMC,Broken Rice,Broken Rice,FAQ,06-09-2026,1,1,1
Uttar Pradesh,Gorakhpur,Gorakhpur APMC,Gram Raw(Chholia),Other,FAQ,06-09-2026,7200,8400,7680
West Bengal,Puruliya,Balarampur APMC,Tomato,Other,FAQ,06-09-2026,2500,3000,2800
Punjab,Tarntaran,Bhikhiwind APMC,Brinjal,Brinjal,Local,06-09-2026,800,800,800
Punjab,Tarntaran,Bhikhiwind APMC,Ridgeguard(Tori),Ridgeguard(Tori),Local,06-09-2026,800,800,800
Tamil Nadu,Erode,Sampath Nagar(Uzhavar Sandhai ),Cucumbar(Kheera),Cucumbar,Local,06-09-2026,4500,5000,4750
Tamil Nadu,Erode,Sampath Nagar(Uzhavar Sandhai ),Onion,Bellary,Local,06-09-2026,6000,6400,6200
Tamil Nadu,Erode,Sampath Nagar(Uzhavar Sandhai ),Brinjal,Other,Local,06-09-2026,2600,3000,2800
Tamil Nadu,Erode,Sampath Nagar(Uzhavar Sandhai ),Papaya,Papaya,Local,06-09-2026,3000,3400,3200
Tamil Nadu,Erode,Sampath Nagar(Uzhavar Sandhai ),Mousambi(Sweet Lime),Mousambi,Local,06-09-2026,5000,5500,5250
Tamil Nadu,Erode,Sampath Nagar(Uzhavar Sandhai ),Cluster beans,Cluster Beans,Local,06-09-2026,2600,3000,2800
Tamil Nadu,Erode,Sampath Nagar(Uzhavar Sandhai ),Ashgourd,Gouard,Local,06-09-2026,2000,2400,2200
Tamil Nadu,Erode,Sampath Nagar(Uzhavar Sandhai ),Green Chilli,Green Chilly,Local,06-09-2026,4500,5000,4750
Tamil Nadu,Erode,Sampath Nagar(Uzhavar Sandhai ),Chow Chow,Chow Chow,Local,06-09-2026,3000,3500,3250
Tamil Nadu,Erode,Sampath Nagar(Uzhavar Sandhai ),Drumstick,Drumstick,Local,06-09-2026,3000,3400,3200
Tamil Nadu,Erode,Sampath Nagar(Uzhavar Sandhai ),Baby Corn,Baby Corn,Grade A,06-09-2026,1500,1700,1600
Himachal Pradesh,Kullu,SMY Bandrol,Cabbage,Other,FAQ,06-09-2026,800,1200,1000
Himachal Pradesh,Kullu,SMY Bandrol,Cucumbar(Kheera),Other,FAQ,06-09-2026,1200,2200,1800
Himachal Pradesh,Kullu,SMY Bandrol,Apple,Delicious,Grade A,06-09-2026,1200,8500,5500
Telangana,Ranga Reddy,Chevella APMC,Tomato,Local,Local,06-09-2026,1000,1000,1000
West Bengal,Jhargram,Jhargram APMC,Cucumbar(Kheera),Other,FAQ,06-09-2026,2600,3000,2800
Tripura,Khowai,Kalyanpur APMC,Cucumbar(Kheera),Cucumbar,FAQ,06-09-2026,4900,5100,5000
Tripura,Khowai,Kalyanpur APMC,Pointed gourd(Parval),Pointed gourd (Parval),FAQ,06-09-2026,4000,4200,4100
Tripura,Khowai,Kalyanpur APMC,Fish,Rahu(Andhra),FAQ,06-09-2026,22000,23000,22500
Tamil Nadu,Vellore,Pallikonda(Uzhavar Sandhai),Snakeguard,Snakeguard,Local,06-09-2026,3000,3000,3000
Tamil Nadu,Vellore,Pallikonda(Uzhavar Sandhai),Brinjal,Round,Local,06-09-2026,4000,4500,4250
Tamil Nadu,Vellore,Pallikonda(Uzhavar Sandhai),Tomato,Deshi,Local,06-09-2026,2200,2400,2300
Tamil Nadu,Vellore,Pallikonda(Uzhavar Sandhai),Bitter gourd,Bitter Gourd,Local,06-09-2026,4500,4500,4500
Tamil Nadu,Vellore,Pallikonda(Uzhavar Sandhai),Green Avare(W),Green Avare (W),Local,06-09-2026,5500,6000,5750
Tamil Nadu,Vellore,Pallikonda(Uzhavar Sandhai),Onion Green,Onion Green,Local,06-09-2026,7500,8000,7750
Tamil Nadu,Vellore,Pallikonda(Uzhavar Sandhai),Sweet Corn ,Sweet Corn ,Local,06-09-2026,2500,3000,2750
Tamil Nadu,Pudukkottai,Ponnamaravathi(Uzhavar Sandhai),Papaya,Papaya,Local,06-09-2026,2500,3000,2750
Tamil Nadu,Pudukkottai,Ponnamaravathi(Uzhavar Sandhai),Tomato,Deshi,Local,06-09-2026,2500,3000,2750
Tamil Nadu,Pudukkottai,Ponnamaravathi(Uzhavar Sandhai),Bottle gourd,Bottle Gourd,Local,06-09-2026,2000,2500,2250
Tamil Nadu,Pudukkottai,Ponnamaravathi(Uzhavar Sandhai),Banana - Green,Banana - Green,Local,06-09-2026,2500,3000,2750
Tamil Nadu,Pudukkottai,Ponnamaravathi(Uzhavar Sandhai),Onion Green,Onion Green,Local,06-09-2026,7500,8000,7750
Haryana,Palwal,Hodal APMC,Tomato,Hybrid,FAQ,06-09-2026,3000,4000,3500
Haryana,Palwal,Hodal APMC,Bottle gourd,Bottle Gourd,FAQ,06-09-2026,900,1100,1000
Odisha,Kalahandi,Bhawanipatna APMC,Cabbage,Cabbage,Local,06-09-2026,2600,2600,2600
Tamil Nadu,Nagapattinam,Mayiladuthurai(Uzhavar Sandhai ),Coconut,Coconut,Local,06-09-2026,3000,4000,3500
Tamil Nadu,Nagapattinam,Mayiladuthurai(Uzhavar Sandhai ),Carrot,Pusakesar,Local,06-09-2026,8000,9000,8500
Tamil Nadu,Nagapattinam,Mayiladuthurai(Uzhavar Sandhai ),Onion,Bellary,Local,06-09-2026,3600,4000,3800
Tamil Nadu,Nagapattinam,Mayiladuthurai(Uzhavar Sandhai ),Ashgourd,Gouard,Local,06-09-2026,1500,2000,1750
Tamil Nadu,Nagapattinam,Mayiladuthurai(Uzhavar Sandhai ),Green Chilli,Green Chilly,Local,06-09-2026,5500,6000,5750
Tamil Nadu,Nagapattinam,Mayiladuthurai(Uzhavar Sandhai ),Green Avare(W),Green Avare (W),Local,06-09-2026,7000,8000,7500
Uttar Pradesh,Hardoi,Hardoi APMC,Tomato,Other,FAQ,06-09-2026,1500,1500,1500
Uttar Pradesh,Lucknow,Lucknow APMC,Potato,Other,FAQ,06-09-2026,700,700,700
Tamil Nadu,Pudukkottai,Viralimalai(Uzhavar Sandhai ),Brinjal,Other,Local,06-09-2026,6500,7000,6750
Tamil Nadu,Pudukkottai,Viralimalai(Uzhavar Sandhai ),Cluster beans,Cluster Beans,Local,06-09-2026,3000,4000,3500
Tamil Nadu,Pudukkottai,Viralimalai(Uzhavar Sandhai ),Bitter gourd,Other,Local,06-09-2026,6000,8000,7000
Tamil Nadu,Pudukkottai,Viralimalai(Uzhavar Sandhai ),Pumpkin,Pumpkin,Local,06-09-2026,1000,1500,1250
Tamil Nadu,Pudukkottai,Viralimalai(Uzhavar Sandhai ),Amaranthus,Amaranthus,Local,06-09-2026,1500,2000,1750
Tamil Nadu,Pudukkottai,Viralimalai(Uzhavar Sandhai ),Mango(Raw-Ripe),Mango - Raw-Ripe,Local,06-09-2026,8000,10000,9000
Tamil Nadu,Ramanathapuram,Kamuthi(Uzhavar Sandhai ),Cluster beans,Cluster Beans,Local,06-09-2026,4000,4500,4250
Tamil Nadu,Ramanathapuram,Paramakudi(Uzhavar Sandhai ),Banana,Besrai,Local,06-09-2026,4500,5000,4750
Tamil Nadu,Ramanathapuram,Paramakudi(Uzhavar Sandhai ),Tomato,Deshi,Local,06-09-2026,2500,3000,2750
Tamil Nadu,Ramanathapuram,Paramakudi(Uzhavar Sandhai ),Cluster beans,Cluster Beans,Local,06-09-2026,3800,4000,3900
Tamil Nadu,Ramanathapuram,Paramakudi(Uzhavar Sandhai ),Bitter gourd,Bitter Gourd,Local,06-09-2026,5800,6000,5900
Tamil Nadu,Ramanathapuram,Paramakudi(Uzhavar Sandhai ),Bhindi(Ladies Finger),Bhindi,Local,06-09-2026,5500,6000,5750
Tamil Nadu,Ramanathapuram,Paramakudi(Uzhavar Sandhai ),Amaranthus,Amaranthus,Local,06-09-2026,3800,4000,3900
Tamil Nadu,Ramanathapuram,Paramakudi(Uzhavar Sandhai ),Green Chilli,Green Chilly,Local,06-09-2026,6000,7000,6500
Tamil Nadu,Ramanathapuram,Paramakudi(Uzhavar Sandhai ),Raddish,Raddish,Local,06-09-2026,4000,4500,4250
Tamil Nadu,Ramanathapuram,Paramakudi(Uzhavar Sandhai ),Onion Green,Onion Green,Local,06-09-2026,8000,9000,8500
Tamil Nadu,Ramanathapuram,Ramanathapuram(Uzhavar Sandhai ),Bitter gourd,Bitter Gourd,Local,06-09-2026,5500,6000,5750
Tamil Nadu,Ramanathapuram,Ramanathapuram(Uzhavar Sandhai ),Ashgourd,Gouard,Local,06-09-2026,2800,3000,2900
Tamil Nadu,Ramanathapuram,Ramanathapuram(Uzhavar Sandhai ),Pumpkin,Pumpkin,Local,06-09-2026,2400,2600,2500
Tamil Nadu,Ramanathapuram,Ramanathapuram(Uzhavar Sandhai ),Amaranthus,Amaranthus,Local,06-09-2026,3500,4000,3750
Tamil Nadu,Ramanathapuram,Ramanathapuram(Uzhavar Sandhai ),Green Avare(W),Green Avare (W),Local,06-09-2026,8000,8500,8250
Tamil Nadu,Ramanathapuram,Ramanathapuram(Uzhavar Sandhai ),Kakada,Kakada,Local,06-09-2026,70000,75000,72500
Tamil Nadu,Ramanathapuram,Ramanathapuram(Uzhavar Sandhai ),Lemon,Lemon,Local,06-09-2026,17000,17500,17250
Tamil Nadu,Pudukkottai,Alangudi(Uzhavar Sandhai ),Banana,Poovan,Local,06-09-2026,4500,5000,4750
Tamil Nadu,Pudukkottai,Alangudi(Uzhavar Sandhai ),Brinjal,Other,Local,06-09-2026,5000,6000,5500
Tamil Nadu,Pudukkottai,Alangudi(Uzhavar Sandhai ),Amaranthus,Amaranthus,Local,06-09-2026,1500,2000,1750
Tamil Nadu,Pudukkottai,Alangudi(Uzhavar Sandhai ),Raddish,Raddish,Local,06-09-2026,3500,4000,3750
Tamil Nadu,Pudukkottai,Alangudi(Uzhavar Sandhai ),Green Avare(W),Other,Local,06-09-2026,6000,7000,6500
Tamil Nadu,Thiruvannamalai,Arani(Uzhavar Sandhai ),Cabbage,Cabbage,Local,06-09-2026,2500,3000,2750
Tamil Nadu,Thiruvannamalai,Arani(Uzhavar Sandhai ),Beetroot,Beetroot,Local,06-09-2026,4000,4800,4400
Tamil Nadu,Thiruvannamalai,Arani(Uzhavar Sandhai ),Tomato,Deshi,Local,06-09-2026,2000,2500,2250
Tamil Nadu,Thiruvannamalai,Arani(Uzhavar Sandhai ),Green Avare(W),Green Avare (W),Local,06-09-2026,7000,8400,7700
Tamil Nadu,Thiruvannamalai,Polur(Uzhavar Sandhai ),Banana,Besrai,Local,06-09-2026,4200,5000,4600
Tamil Nadu,Thiruvannamalai,Polur(Uzhavar Sandhai ),Bottle gourd,Bottle Gourd,Local,06-09-2026,1600,2000,1800
Tamil Nadu,Thiruvannamalai,Polur(Uzhavar Sandhai ),Green Avare(W),Green Avare (W),Local,06-09-2026,7000,8400,7700
Tamil Nadu,Thiruvannamalai,Polur(Uzhavar Sandhai ),Custard Apple(Sharifa),Custard Apple(Sharifa),Local,06-09-2026,3300,4000,3650
Tamil Nadu,Thiruvannamalai,Tiruvannamalai(Uzhavar Sandhai ),Cabbage,Cabbage,Local,06-09-2026,2000,2500,2250
Tamil Nadu,Thiruvannamalai,Tiruvannamalai(Uzhavar Sandhai ),Snakeguard,Snakeguard,Local,06-09-2026,2500,3000,2750
Tamil Nadu,Thiruvannamalai,Tiruvannamalai(Uzhavar Sandhai ),Potato,Red Nanital,Local,06-09-2026,3500,4000,3750
Tamil Nadu,Thiruvannamalai,Tiruvannamalai(Uzhavar Sandhai ),Cauliflower,Ranchi,Local,06-09-2026,3500,4000,3750
Tamil Nadu,Thiruvannamalai,Tiruvannamalai(Uzhavar Sandhai ),Papaya,Papaya,Local,06-09-2026,3500,4000,3750
Tamil Nadu,Thiruvannamalai,Tiruvannamalai(Uzhavar Sandhai ),Bitter gourd,Bitter Gourd,Local,06-09-2026,4000,5000,4500
Tamil Nadu,Thiruvannamalai,Tiruvannamalai(Uzhavar Sandhai ),Bhindi(Ladies Finger),Bhindi,Local,06-09-2026,2500,3000,2750
Tamil Nadu,Thiruvannamalai,Tiruvannamalai(Uzhavar Sandhai ),Banana - Green,Banana - Green,Local,06-09-2026,2500,3000,2750
Tamil Nadu,Thiruvannamalai,Tiruvannamalai(Uzhavar Sandhai ),Thondekai,Thondekai,Local,06-09-2026,3600,4000,3800
Tamil Nadu,Thiruvannamalai,Tiruvannamalai(Uzhavar Sandhai ),Knool Khol,Knool Khol,Local,06-09-2026,3500,4000,3750
Tamil Nadu,Thiruvannamalai,Tiruvannamalai(Uzhavar Sandhai ),Karbuja(Musk Melon),Karbhuja,Local,06-09-2026,3000,3500,3250
Tamil Nadu,Thiruvannamalai,Tiruvannamalai(Uzhavar Sandhai ),Rose(Local),Rose (Local),Local,06-09-2026,14000,16000,15000
Tamil Nadu,Thiruvarur,Mannargudi I(Uzhavar Sandhai ),Snakeguard,Snakeguard,Local,06-09-2026,3400,3400,3400
Tamil Nadu,Thiruvarur,Mannargudi I(Uzhavar Sandhai ),Beetroot,Beetroot,Local,06-09-2026,4400,4400,4400
Tamil Nadu,Thiruvarur,Mannargudi I(Uzhavar Sandhai ),Potato,Red Nanital,Local,06-09-2026,3000,3000,3000
Tamil Nadu,Thiruvarur,Mannargudi I(Uzhavar Sandhai ),Garlic,Garlic,Local,06-09-2026,20000,20000,20000
Tamil Nadu,Thiruvarur,Mannargudi I(Uzhavar Sandhai ),Cluster beans,Cluster Beans,Local,06-09-2026,3600,3600,3600
Tamil Nadu,Thiruvarur,Mannargudi I(Uzhavar Sandhai ),Bottle gourd,Bottle Gourd,Local,06-09-2026,3000,3000,3000
Tamil Nadu,Thiruvarur,Mannargudi I(Uzhavar Sandhai ),Chow Chow,Chow Chow,Local,06-09-2026,3800,3800,3800
Tamil Nadu,Thiruvarur,Mannargudi I(Uzhavar Sandhai ),Elephant Yam(Suran)/Amorphophallus,Elephant Yam (Suran),Local,06-09-2026,5600,5600,5600
Tamil Nadu,Thiruvarur,Mannargudi I(Uzhavar Sandhai ),Mint(Pudina),Mint(Pudina),Local,06-09-2026,5000,5000,5000
Tamil Nadu,Thiruvarur,Mannargudi II(Uzhavar Sandhai ),Ridgeguard(Tori),Ridgeguard(Tori),Local,06-09-2026,4400,4400,4400
Tamil Nadu,Thiruvarur,Mannargudi II(Uzhavar Sandhai ),Mango,Safeda,Local,06-09-2026,16000,16000,16000
Tamil Nadu,Thiruvarur,Mannargudi II(Uzhavar Sandhai ),Garlic,Garlic,Local,06-09-2026,20000,20000,20000
Tamil Nadu,Thiruvarur,Mannargudi II(Uzhavar Sandhai ),Cluster beans,Cluster Beans,Local,06-09-2026,3600,3600,3600
Tamil Nadu,Thiruvarur,Mannargudi II(Uzhavar Sandhai ),Bottle gourd,Bottle Gourd,Local,06-09-2026,3000,3000,3000
Tamil Nadu,Thiruvarur,Mannargudi II(Uzhavar Sandhai ),Ashgourd,Gouard,Local,06-09-2026,3000,3000,3000
Tamil Nadu,Thiruvarur,Mannargudi II(Uzhavar Sandhai ),Ginger(Green),Green Ginger,Local,06-09-2026,17000,17000,17000
Tamil Nadu,Thiruvarur,Mannargudi II(Uzhavar Sandhai ),Drumstick,Drumstick,Local,06-09-2026,4600,4600,4600
Tamil Nadu,Thiruvarur,Mannargudi II(Uzhavar Sandhai ),Onion Green,Onion Green,Local,06-09-2026,8400,8400,8400
Tamil Nadu,Thiruvarur,Tiruthuraipoondi(Uzhavar Sandhai ),Papaya,Papaya,Local,06-09-2026,3500,3500,3500
Tamil Nadu,Thiruvarur,Tiruthuraipoondi(Uzhavar Sandhai ),Bitter gourd,Bitter Gourd,Local,06-09-2026,5800,5800,5800
Tamil Nadu,Thiruvarur,Tiruthuraipoondi(Uzhavar Sandhai ),Banana - Green,Banana - Green,Local,06-09-2026,4000,4000,4000
Tamil Nadu,Thiruvarur,Tiruthuraipoondi(Uzhavar Sandhai ),Tapioca,Tapioca,Local,06-09-2026,4400,4400,4400
Tamil Nadu,Thiruvarur,Tiruthuraipoondi(Uzhavar Sandhai ),Coconut,Coconut,Local,06-09-2026,4500,4500,4500
Tamil Nadu,Thiruvellore,Naravarikuppam(Uzhavar Sandhai ),Potato,Red Nanital,Local,06-09-2026,4000,4000,4000
Tamil Nadu,Thiruvellore,Naravarikuppam(Uzhavar Sandhai ),Bottle gourd,Bottle Gourd,Local,06-09-2026,3000,3000,3000
Tamil Nadu,Thiruvellore,Naravarikuppam(Uzhavar Sandhai ),Green Chilli,Green Chilly,Local,06-09-2026,6000,6000,6000
Tamil Nadu,Thiruvellore,Naravarikuppam(Uzhavar Sandhai ),Rose(Local),Rose (Local),Local,06-09-2026,8000,8000,8000
Tamil Nadu,Thiruvellore,Perambakkam(Uzhavar Sandhai ),Amaranthus,Amaranthus,Local,06-09-2026,3000,3000,3000
Tamil Nadu,Thiruvellore,Perambakkam(Uzhavar Sandhai ),Jasmine,Jasmine,Local,06-09-2026,60000,60000,60000
Tamil Nadu,Tuticorin,Kovilpatti(Uzhavar Sandhai ),Cabbage,Cabbage,Local,06-09-2026,3500,4000,3750
Tamil Nadu,Tuticorin,Kovilpatti(Uzhavar Sandhai ),Tomato,Local,Local,06-09-2026,3500,4000,3750
Tamil Nadu,Tuticorin,Kovilpatti(Uzhavar Sandhai ),Banana - Green,Banana - Green,Local,06-09-2026,3500,4000,3750
Tamil Nadu,Tuticorin,Kovilpatti(Uzhavar Sandhai ),Capsicum,Capsicum,Local,06-09-2026,6500,7000,6750
Tamil Nadu,Tuticorin,Kovilpatti(Uzhavar Sandhai ),Lemon,Lemon,Local,06-09-2026,17000,17500,17250
Tamil Nadu,Vellore,Gudiyatham(Uzhavar Sandhai ),Coriander(Leaves),I Sort,Local,06-09-2026,5000,5000,5000
Tamil Nadu,Vellore,Gudiyatham(Uzhavar Sandhai ),Bottle gourd,Bottle Gourd,Local,06-09-2026,1800,1800,1800
Tamil Nadu,Vellore,Gudiyatham(Uzhavar Sandhai ),Green Chilli,Green Chilly,Local,06-09-2026,5000,5000,5000
Tamil Nadu,Vellore,Gudiyatham(Uzhavar Sandhai ),Banana - Green,Banana - Green,Local,06-09-2026,3500,3500,3500
Tamil Nadu,Vellore,Gudiyatham(Uzhavar Sandhai ),Ginger(Green),Green Ginger,Local,06-09-2026,19000,19000,19000
Tamil Nadu,Vellore,Gudiyatham(Uzhavar Sandhai ),Mango(Raw-Ripe),Mango - Raw-Ripe,Local,06-09-2026,6600,6600,6600
Tamil Nadu,Vellore,Gudiyatham(Uzhavar Sandhai ),Tender Coconut,Tender Coconut,Local,06-09-2026,3000,3500,3250
Tamil Nadu,Vellore,Gudiyatham(Uzhavar Sandhai ),Tamarind Fruit,Tamarind Fruit,Local,06-09-2026,15000,15000,15000
Tamil Nadu,Vellore,Gudiyatham(Uzhavar Sandhai ),Lemon,Lemon,Local,06-09-2026,13000,13000,13000
Tamil Nadu,Vellore,Gudiyatham(Uzhavar Sandhai ),Colacasia,Colacasia,Local,06-09-2026,5600,5600,5600
Tamil Nadu,Vellore,Gudiyatham(Uzhavar Sandhai ),Custard Apple(Sharifa),Custard Apple(Sharifa),Local,06-09-2026,4500,4500,4500
Tamil Nadu,Vellore,Gudiyatham(Uzhavar Sandhai ),Onion Green,Onion Green,Local,06-09-2026,8600,8600,8600
Tamil Nadu,Vellore,Kahithapattarai(Uzhavar Sandhai ),Ridgeguard(Tori),Ridgeguard(Tori),Local,06-09-2026,3500,3500,3500
Tamil Nadu,Vellore,Kahithapattarai(Uzhavar Sandhai ),Onion,Bellary,Local,06-09-2026,6000,6000,6000
Tamil Nadu,Vellore,Kahithapattarai(Uzhavar Sandhai ),Potato,Other,Local,06-09-2026,2400,2400,2400
Tamil Nadu,Vellore,Kahithapattarai(Uzhavar Sandhai ),Cauliflower,Ranchi,Local,06-09-2026,2500,2500,2500
Tamil Nadu,Vellore,Kahithapattarai(Uzhavar Sandhai ),Brinjal,Other,Local,06-09-2026,4600,4600,4600
Tamil Nadu,Vellore,Kahithapattarai(Uzhavar Sandhai ),Pumpkin,Pumpkin,Local,06-09-2026,2000,2000,2000
Tamil Nadu,Vellore,Kahithapattarai(Uzhavar Sandhai ),Amaranthus,Amaranthus,Local,06-09-2026,3000,4000,3500
Tamil Nadu,Vellore,Kahithapattarai(Uzhavar Sandhai ),Tapioca,Tapioca,Local,06-09-2026,3500,3500,3500
Tamil Nadu,Vellore,Kahithapattarai(Uzhavar Sandhai ),Yam(Ratalu),Yam (Ratalu),Local,06-09-2026,5000,5000,5000
Tamil Nadu,Vellore,Kahithapattarai(Uzhavar Sandhai ),Rose(Local),Rose (Local),Local,06-09-2026,7000,9000,8000
Tamil Nadu,Villupuram,Villupuram(Uzhavar Sandhai ),Sweet Potato,Hosur Red,Local,06-09-2026,6000,6000,6000
Tamil Nadu,Villupuram,Villupuram(Uzhavar Sandhai ),Snakeguard,Snakeguard,Local,06-09-2026,4000,4000,4000
Tamil Nadu,Villupuram,Villupuram(Uzhavar Sandhai ),Cucumbar(Kheera),Cucumbar,Local,06-09-2026,4000,8000,6000
Tamil Nadu,Villupuram,Villupuram(Uzhavar Sandhai ),Coriander(Leaves),I Sort,Local,06-09-2026,5000,5000,5000
Tamil Nadu,Villupuram,Villupuram(Uzhavar Sandhai ),Chow Chow,Chow Chow,Local,06-09-2026,4500,4500,4500
Tamil Nadu,Villupuram,Villupuram(Uzhavar Sandhai ),Drumstick,Drumstick,Local,06-09-2026,4000,4000,4000
Tamil Nadu,Villupuram,Villupuram(Uzhavar Sandhai ),Knool Khol,Knool Khol,Local,06-09-2026,5000,5000,5000
Tamil Nadu,Villupuram,Villupuram(Uzhavar Sandhai ),Karbuja(Musk Melon),Karbhuja,Local,06-09-2026,5000,5000,5000
Tamil Nadu,Villupuram,Villupuram(Uzhavar Sandhai ),Onion Green,Onion Green,Local,06-09-2026,7000,7000,7000
Tamil Nadu,Villupuram,Villupuram(Uzhavar Sandhai ),Sweet Corn ,Sweet Corn ,Local,06-09-2026,4000,4000,4000
West Bengal,Puruliya,Purulia APMC,Onion,Other,FAQ,06-09-2026,4200,4800,4500
Odisha,Dhenkanal,Hindol APMC,Onion,Other,Grade B,06-09-2026,4500,5000,4800
Odisha,Dhenkanal,Hindol APMC,Bhindi(Ladies Finger),Bhindi,Grade B,06-09-2026,4500,5000,4800
Odisha,Dhenkanal,Hindol APMC,Pumpkin,Pumpkin,Grade B,06-09-2026,1500,1800,1700
Odisha,Dhenkanal,Hindol APMC,Tomato,Tomato,Grade B,06-09-2026,3500,4000,3800
West Bengal,Alipurduar,Alipurduar APMC,Potato,Jyoti,FAQ,06-09-2026,590,640,620
West Bengal,Alipurduar,Alipurduar APMC,Brinjal,Brinjal,FAQ,06-09-2026,2500,3500,3000
West Bengal,Alipurduar,Alipurduar APMC,Green Chilli,Green Chilly,FAQ,06-09-2026,5000,6000,5500
Uttar Pradesh,Gonda,Gonda APMC,Wood,Other,FAQ,06-09-2026,300,300,300
Tamil Nadu,Thiruvannamalai,Cheyyar(Uzhavar Sandhai ),Cabbage,Cabbage,Local,06-09-2026,2000,2400,2200
Tamil Nadu,Thiruvannamalai,Cheyyar(Uzhavar Sandhai ),Papaya,Papaya,Local,06-09-2026,3200,4000,3600
Tamil Nadu,Thiruvannamalai,Cheyyar(Uzhavar Sandhai ),Cluster beans,Cluster Beans,Local,06-09-2026,3500,4200,3850
Tamil Nadu,Thiruvannamalai,Cheyyar(Uzhavar Sandhai ),Beans,Beans (Whole),Local,06-09-2026,8000,9600,8800
Tamil Nadu,Thiruvannamalai,Cheyyar(Uzhavar Sandhai ),Tender Coconut,Tender Coconut,Local,06-09-2026,2000,2500,2250
Tamil Nadu,Thiruvannamalai,Cheyyar(Uzhavar Sandhai ),Mint(Pudina),Mint(Pudina),Local,06-09-2026,3700,4500,4100
Andhra Pradesh,SPSR Nellore,Gudur APMC,Paddy(Common),MTU-1010,Local,06-09-2026,2389,2465,2425
Tamil Nadu,Ariyalur,Ariyalur(Uzhavar Sandhai),Snakeguard,Snakeguard,Local,06-09-2026,3000,3500,3250
Tamil Nadu,Ariyalur,Ariyalur(Uzhavar Sandhai),Potato,Red Nanital,Local,06-09-2026,3500,4000,3750
Tamil Nadu,Ariyalur,Ariyalur(Uzhavar Sandhai),Tomato,Deshi,Local,06-09-2026,2500,3000,2750
Tamil Nadu,Ariyalur,Ariyalur(Uzhavar Sandhai),Cluster beans,Cluster Beans,Local,06-09-2026,3000,3500,3250
Uttarakhand,Nanital,Haldwani APMC,Potato,Other,FAQ,06-09-2026,800,1500,1200
Uttarakhand,Nanital,Haldwani APMC,Pumpkin,Other,FAQ,06-09-2026,800,1200,1000
Uttarakhand,Nanital,Haldwani APMC,Banana,Other,Grade A,06-09-2026,900,1100,1000
Odisha,Cuttack,Banki APMC,Cucumbar(Kheera),Other,Medium,06-09-2026,4000,5000,4500
Odisha,Cuttack,Banki APMC,Bitter gourd,Other,Medium,06-09-2026,5000,6000,5500
Odisha,Cuttack,Banki APMC,Pumpkin,Other,Medium,06-09-2026,1200,2000,1500
Odisha,Cuttack,Banki APMC,Tomato,Tomato,FAQ,06-09-2026,3000,4000,3500
Haryana,Jind,Narwana APMC,Bhindi(Ladies Finger),Bhindi,Local,06-09-2026,1000,1500,1250
Haryana,Jind,Narwana APMC,Bottle gourd,Bottle Gourd,Local,06-09-2026,300,500,450
Rajasthan,Tonk,Malpura APMC,Mustard,Other,FAQ,06-09-2026,7900,8186,8100
Rajasthan,Tonk,Malpura APMC,Black Gram(Urd Beans)(Whole),Other,FAQ,06-09-2026,7200,7800,7400
Uttarakhand,Haridwar,Haridwar Union APMC,Green Chilli,Green Chilly,FAQ,06-09-2026,2000,3000,2500
Uttarakhand,Haridwar,Haridwar Union APMC,Potato,Other,FAQ,06-09-2026,700,950,850
Punjab,Hoshiarpur,Tanda Urmur APMC,Bitter gourd,Bitter Gourd,Grade A,06-09-2026,2500,3000,2800
Punjab,Hoshiarpur,Tanda Urmur APMC,Field Pea,Field Pea,Grade A,06-09-2026,7000,8000,7500
Punjab,Hoshiarpur,Tanda Urmur APMC,Tomato,Local,Grade A,06-09-2026,2500,3000,2800
Punjab,Jalandhar,Goraya APMC,Cucumbar(Kheera),Cucumbar,Local,06-09-2026,1500,1500,1500
Punjab,Jalandhar,Goraya APMC,Onion,Other,Local,06-09-2026,3000,3000,3000
Uttar Pradesh,Gautam Budh Nagar,Jewar APMC,Wheat,Deshi,FAQ,06-09-2026,2750,2750,2750
Odisha,Mayurbhanja,Betnoti APMC,Tomato,Tomato,FAQ,06-09-2026,3300,3700,3500
Odisha,Mayurbhanja,Betnoti APMC,Papaya(Raw),Other,FAQ,06-09-2026,2300,2700,2500
Keralam,Thiruvananthapuram,Pappanchani VFPCK Market,Amranthas Red,Chawli Lal,Grade A,06-09-2026,5000,5000,5000
Tamil Nadu,Coimbatore,Sundarapuram(Uzhavar Sandhai ),Cabbage,Cabbage,Local,06-09-2026,2500,3000,2750
Tamil Nadu,Coimbatore,Sundarapuram(Uzhavar Sandhai ),Beetroot,Beetroot,Local,06-09-2026,5800,6200,6000
Tamil Nadu,Coimbatore,Sundarapuram(Uzhavar Sandhai ),Papaya,Papaya,Local,06-09-2026,4000,4500,4250
Tamil Nadu,Coimbatore,Sundarapuram(Uzhavar Sandhai ),Bottle gourd,Bottle Gourd,Local,06-09-2026,3000,3500,3250
Tamil Nadu,Coimbatore,Sundarapuram(Uzhavar Sandhai ),Cowpea(Veg),Cowpea (Veg),Local,06-09-2026,3500,4000,3750
Tamil Nadu,Coimbatore,Sundarapuram(Uzhavar Sandhai ),Green Avare(W),Green Avare (W),Local,06-09-2026,5400,5800,5600
Haryana,Gurgaon,Gurgaon APMC,Apple,Apple,Grade C,06-09-2026,5000,10000,7500
Haryana,Gurgaon,Gurgaon APMC,Guava,Guava,Grade C,06-09-2026,5000,7000,6000
Haryana,Gurgaon,Gurgaon APMC,Tomato,Other,Grade B,06-09-2026,1000,1400,1200
Telangana,Nalgonda,Miryalguda(Rythu Bazar) ,Cabbage,Cabbage,Grade A,06-09-2026,2500,2500,2500
Telangana,Nalgonda,Miryalguda(Rythu Bazar) ,Potato,Potato,Grade A,06-09-2026,2500,2500,2500
Telangana,Nalgonda,Miryalguda(Rythu Bazar) ,Little gourd(Kundru),Little gourd (Kundru),Grade A,06-09-2026,4000,4000,4000
Keralam,Kozhikode(Calicut),Kakkur VFPCK Market,Banana,Nendra Bale,Grade A,06-09-2026,5400,6300,5800
West Bengal,Sounth 24 Parganas,Baruipur(Canning) APMC,Onion,Red,FAQ,06-09-2026,4700,4900,4800
West Bengal,Sounth 24 Parganas,Baruipur(Canning) APMC,Green Chilli,Green Chilly,FAQ,06-09-2026,5000,5300,5200
West Bengal,Sounth 24 Parganas,Baruipur(Canning) APMC,Sweet Pumpkin,Sweet Pumpkin,FAQ,06-09-2026,2000,2200,2100
Uttar Pradesh,Khiri (Lakhimpur),Maigalganj APMC,Wheat,Dara,FAQ,06-09-2026,2600,2600,2600
Punjab,Gurdaspur,Kalanaur APMC,Bottle gourd,Bottle Gourd,Grade A,06-09-2026,1200,1200,1200
Telangana,Hanumakonda,"Excise Colony,RBZ ",Potato,Other,Grade A,06-09-2026,3000,3000,3000
Telangana,Hanumakonda,"Excise Colony,RBZ ",Tomato,Other,Grade A,06-09-2026,2400,2400,2400
Tamil Nadu,Erode,Sathiyamagalam(Uzhavar Sandhai ),Carrot,Pusakesar,Local,06-09-2026,6000,6500,6250
Tamil Nadu,Erode,Sathiyamagalam(Uzhavar Sandhai ),Ridgeguard(Tori),Ridgeguard(Tori),Local,06-09-2026,4000,4600,4300
Tamil Nadu,Erode,Sathiyamagalam(Uzhavar Sandhai ),Brinjal,Other,Local,06-09-2026,3500,4000,3750
Tamil Nadu,Erode,Sathiyamagalam(Uzhavar Sandhai ),Chikoos(Sapota),Sapota,Local,06-09-2026,3500,4000,3750
Tamil Nadu,Erode,Sathiyamagalam(Uzhavar Sandhai ),Cluster beans,Cluster Beans,Local,06-09-2026,3000,3500,3250
Tamil Nadu,Erode,Sathiyamagalam(Uzhavar Sandhai ),Bitter gourd,Other,Local,06-09-2026,5000,5500,5250
Tamil Nadu,Erode,Sathiyamagalam(Uzhavar Sandhai ),Ashgourd,Gouard,Local,06-09-2026,2000,2400,2200
Tamil Nadu,Erode,Sathiyamagalam(Uzhavar Sandhai ),Lemon,Lemon,Local,06-09-2026,8000,8500,8250
Tamil Nadu,Erode,Sathiyamagalam(Uzhavar Sandhai ),Onion Green,Onion Green,Local,06-09-2026,7500,8000,7750
Tamil Nadu,Coimbatore,Mettupalayam(Uzhavar Sandhai ),Sweet Potato,Hosur Red,Local,06-09-2026,3500,4000,3750
Tamil Nadu,Coimbatore,Mettupalayam(Uzhavar Sandhai ),Beetroot,Beetroot,Local,06-09-2026,5500,6500,6000
Tamil Nadu,Coimbatore,Mettupalayam(Uzhavar Sandhai ),Groundnut,Big (With Shell),Local,06-09-2026,7000,8000,7500
Tamil Nadu,Coimbatore,Mettupalayam(Uzhavar Sandhai ),Apple,American,Local,06-09-2026,18000,20000,19000
Tamil Nadu,Coimbatore,Mettupalayam(Uzhavar Sandhai ),Bitter gourd,Bitter Gourd,Local,06-09-2026,4500,5000,4750
Tamil Nadu,Coimbatore,Mettupalayam(Uzhavar Sandhai ),Green Chilli,Green Chilly,Local,06-09-2026,3500,4200,3850
Tamil Nadu,Coimbatore,Mettupalayam(Uzhavar Sandhai ),Onion Green,Onion Green,Local,06-09-2026,7000,7800,7400
Haryana,Panipat,Samalkha APMC,Onion,Other,FAQ,06-09-2026,4000,4000,4000
Haryana,Panipat,Samalkha APMC,Brinjal,Brinjal,FAQ,06-09-2026,1000,1500,1300
Haryana,Panipat,Samalkha APMC,Green Chilli,Green Chilly,FAQ,06-09-2026,3000,4000,3500
Haryana,Panipat,Samalkha APMC,Spinach,Spinach,FAQ,06-09-2026,1000,1000,1000
Haryana,Panipat,Samalkha APMC,Capsicum,Capsicum,FAQ,06-09-2026,4000,4000,4000
Haryana,Panipat,Samalkha APMC,Carrot,Carrot,FAQ,06-09-2026,4000,4000,4000
Haryana,Panipat,Samalkha APMC,Cabbage,Cabbage,FAQ,06-09-2026,1500,2000,1800
Tamil Nadu,Namakkal,Tiruchengode APMC,Carrot,Pusakesar,Local,06-09-2026,6200,7000,6600
Tamil Nadu,Namakkal,Tiruchengode APMC,Tomato,Other,Local,06-09-2026,2600,3000,2800
Tamil Nadu,Namakkal,Tiruchengode APMC,Cluster beans,Cluster Beans,Local,06-09-2026,2600,3000,2800
Tamil Nadu,Namakkal,Tiruchengode APMC,Bitter gourd,Other,Local,06-09-2026,4500,5000,4750
Tamil Nadu,Namakkal,Tiruchengode APMC,Bottle gourd,Bottle Gourd,Local,06-09-2026,1800,2000,1900
Tamil Nadu,Namakkal,Tiruchengode APMC,Bhindi(Ladies Finger),Bhindi,Local,06-09-2026,2600,3000,2800
Tamil Nadu,Namakkal,Tiruchengode APMC,Drumstick,Drumstick,Local,06-09-2026,2600,3000,2800
Tamil Nadu,Namakkal,Tiruchengode APMC,Guava,Guava Allahabad,Local,06-09-2026,5400,6000,5700
Telangana,Siddipet,Vantamamidi APMC,Brinjal,Brinjal,Local,06-09-2026,1000,1500,1250
Telangana,Siddipet,Vantamamidi APMC,Bottle gourd,Bottle Gourd,Local,06-09-2026,500,500,500
Tamil Nadu,Ariyalur,Jeyankondam (Uzhavar Sandhai ),Brinjal,Round,Local,06-09-2026,4500,5000,4750
Tamil Nadu,Ariyalur,Jeyankondam (Uzhavar Sandhai ),Tomato,Deshi,Local,06-09-2026,2500,3000,2750
Telangana,Hyderabad,RYTHU BAZAR ERRAGADDA,Cabbage,Cabbage,Grade A,06-09-2026,1400,1400,1400
Telangana,Hyderabad,RYTHU BAZAR ERRAGADDA,Carrot,Carrot,Grade A,06-09-2026,5000,5000,5000
Telangana,Hyderabad,RYTHU BAZAR ERRAGADDA,Cluster beans,Cluster Beans,Grade A,06-09-2026,2800,2800,2800
Tamil Nadu,Coimbatore,RSPuram(Uzhavar Sandhai ),Sweet Potato,Hosur Red,Local,06-09-2026,4500,5000,4750
Tamil Nadu,Coimbatore,RSPuram(Uzhavar Sandhai ),Apple,American,Local,06-09-2026,20000,28000,24000
Tamil Nadu,Coimbatore,RSPuram(Uzhavar Sandhai ),Onion,Bellary,Local,06-09-2026,5200,5500,5350
Tamil Nadu,Coimbatore,RSPuram(Uzhavar Sandhai ),Potato,Other,Local,06-09-2026,5000,6000,5500
Tamil Nadu,Coimbatore,RSPuram(Uzhavar Sandhai ),Brinjal,Other,Local,06-09-2026,3200,3500,3350
Tamil Nadu,Coimbatore,RSPuram(Uzhavar Sandhai ),Green Peas,Green Peas,Local,06-09-2026,20000,21000,20500
Tamil Nadu,Coimbatore,RSPuram(Uzhavar Sandhai ),Tomato,Local,Local,06-09-2026,2400,2700,2550
Tamil Nadu,Coimbatore,RSPuram(Uzhavar Sandhai ),Cluster beans,Cluster Beans,Local,06-09-2026,3200,3600,3400
Tamil Nadu,Coimbatore,RSPuram(Uzhavar Sandhai ),Bhindi(Ladies Finger),Bhindi,Local,06-09-2026,3400,3800,3600
Tamil Nadu,Coimbatore,RSPuram(Uzhavar Sandhai ),Cowpea(Veg),Cowpea (Veg),Local,06-09-2026,3400,4000,3700
Tamil Nadu,Coimbatore,RSPuram(Uzhavar Sandhai ),Drumstick,Drumstick,Local,06-09-2026,2400,2800,2600
Tamil Nadu,Coimbatore,RSPuram(Uzhavar Sandhai ),Knool Khol,Knool Khol,Local,06-09-2026,3200,3600,3400
Tamil Nadu,Coimbatore,RSPuram(Uzhavar Sandhai ),Guava,Guava Allahabad,Local,06-09-2026,4500,5500,5000
Tamil Nadu,Coimbatore,RSPuram(Uzhavar Sandhai ),Indian Beans(Seam),Indian Beans (Seam),Local,06-09-2026,4500,5000,4750
Tamil Nadu,Coimbatore,RSPuram(Uzhavar Sandhai ),Lemon,Lemon,Local,06-09-2026,18500,19500,19000
Tamil Nadu,Coimbatore,Singanallur(Uzhavar Sandhai ),Betal Leaves,Mysore,Local,06-09-2026,20000,21000,20500
Tamil Nadu,Coimbatore,Singanallur(Uzhavar Sandhai ),Sweet Potato,Hosur Red,Local,06-09-2026,4500,5000,4750
Tamil Nadu,Coimbatore,Singanallur(Uzhavar Sandhai ),Cucumbar(Kheera),Cucumbar,Local,06-09-2026,4000,4500,4250
Tamil Nadu,Coimbatore,Singanallur(Uzhavar Sandhai ),Apple,American,Local,06-09-2026,27000,28000,27500
Tamil Nadu,Coimbatore,Singanallur(Uzhavar Sandhai ),Orange,Darjeeling,Local,06-09-2026,13000,14000,13500
Tamil Nadu,Coimbatore,Singanallur(Uzhavar Sandhai ),Banana,Karpura,Local,06-09-2026,5000,8600,6800
Tamil Nadu,Coimbatore,Singanallur(Uzhavar Sandhai ),Grapes,Annabesahai,Local,06-09-2026,8000,9000,8500
Tamil Nadu,Coimbatore,Singanallur(Uzhavar Sandhai ),Coriander(Leaves),I Sort,Local,06-09-2026,3500,4000,3750
Tamil Nadu,Coimbatore,Singanallur(Uzhavar Sandhai ),Papaya,Papaya,Local,06-09-2026,4400,4800,4600
Tamil Nadu,Coimbatore,Singanallur(Uzhavar Sandhai ),Cluster beans,Cluster Beans,Local,06-09-2026,3000,3500,3250
Tamil Nadu,Coimbatore,Singanallur(Uzhavar Sandhai ),Bhindi(Ladies Finger),Bhindi,Local,06-09-2026,4000,4500,4250
Tamil Nadu,Coimbatore,Singanallur(Uzhavar Sandhai ),Green Chilli,Green Chilly,Local,06-09-2026,4000,4500,4250
Tamil Nadu,Coimbatore,Singanallur(Uzhavar Sandhai ),Banana - Green,Banana - Green,Local,06-09-2026,4000,4500,4250
Tamil Nadu,Coimbatore,Singanallur(Uzhavar Sandhai ),Elephant Yam(Suran)/Amorphophallus,Elephant Yam (Suran),Local,06-09-2026,4000,4500,4250
Tamil Nadu,Coimbatore,Singanallur(Uzhavar Sandhai ),Yam(Ratalu),Yam (Ratalu),Local,06-09-2026,7000,8000,7500
Tamil Nadu,Coimbatore,Singanallur(Uzhavar Sandhai ),Amla(Nelli Kai),Amla,Local,06-09-2026,8000,9000,8500
Odisha,Mayurbhanja,Narasinghpur APMC,Pumpkin,Pumpkin,Local,06-09-2026,2000,3500,3000
Odisha,Mayurbhanja,Narasinghpur APMC,Snakeguard,Snakeguard,Local,06-09-2026,2200,3500,2500
Odisha,Mayurbhanja,Narasinghpur APMC,"Spiny Gourd / Kartali(Kantola)
",Kartali (Kantola),Local,06-09-2026,6000,15000,12000
Tamil Nadu,Coimbatore,Pollachi(Uzhavar Sandhai ),Carrot,Pusakesar,Local,06-09-2026,6000,6500,6250
Tamil Nadu,Coimbatore,Pollachi(Uzhavar Sandhai ),Tomato,Deshi,Local,06-09-2026,2000,2500,2250
Tamil Nadu,Coimbatore,Pollachi(Uzhavar Sandhai ),Bitter gourd,Bitter Gourd,Local,06-09-2026,5500,6000,5750
Tamil Nadu,Coimbatore,Pollachi(Uzhavar Sandhai ),Bottle gourd,Bottle Gourd,Local,06-09-2026,3000,3500,3250
Tamil Nadu,Coimbatore,Pollachi(Uzhavar Sandhai ),Amaranthus,Amaranthus,Local,06-09-2026,3000,4000,3500
Tamil Nadu,Coimbatore,Pollachi(Uzhavar Sandhai ),Elephant Yam(Suran)/Amorphophallus,Elephant Yam (Suran),Local,06-09-2026,3500,4000,3750
Tamil Nadu,Coimbatore,Pollachi(Uzhavar Sandhai ),Lemon,Lemon,Local,06-09-2026,12000,14000,13000
Tamil Nadu,Coimbatore,Pollachi(Uzhavar Sandhai ),Mint(Pudina),Mint(Pudina),Local,06-09-2026,5000,6000,5500
Madhya Pradesh,Betul,Betul(F&V) APMC,Potato,Desi,FAQ,06-09-2026,900,1400,1100
Madhya Pradesh,Betul,Betul(F&V) APMC,Onion,Onion,FAQ,06-09-2026,2500,4000,3000
Uttar Pradesh,Shahjahanpur,Jalalabad APMC,Wood,Eucalyptus,FAQ,06-09-2026,600,600,600
Uttar Pradesh,Agra,Khairagarh APMC,Mustard,Other,FAQ,06-09-2026,7950,8020,7980.66
Odisha,Rayagada,Rayagada(Muniguda) APMC,Pointed gourd(Parval),Other,Grade A,06-09-2026,6200,7900,7300
Telangana,Ranga Reddy,Ibrahimpatnam APMC,Bhindi(Ladies Finger),Bhindi,Local,06-09-2026,2500,2500,2500
Telangana,Ranga Reddy,Ibrahimpatnam APMC,Brinjal,Brinjal,Local,06-09-2026,1200,1200,1200
Telangana,Ranga Reddy,Ibrahimpatnam APMC,Tomato,Local,Local,06-09-2026,800,800,800
Telangana,Siddipet,Siddipet(Rythu Bazar) ,Cauliflower,African Sarson,Grade A,06-09-2026,2500,3500,3000
Telangana,Siddipet,Siddipet(Rythu Bazar) ,Green Chilli,Green Chilly,Grade A,06-09-2026,3000,4000,3400
Telangana,Siddipet,Siddipet(Rythu Bazar) ,Carrot,Carrot,Grade A,06-09-2026,3500,4500,4000
Telangana,Siddipet,Siddipet(Rythu Bazar) ,Cucumbar(Kheera),Cucumbar,Grade A,06-09-2026,2000,2800,2400
Chandigarh,Chandigarh,Chandigarh (Grain/F&V) APMC,Bhindi(Ladies Finger),Bhindi,FAQ,06-09-2026,800,1500,1300
Chandigarh,Chandigarh,Chandigarh (Grain/F&V) APMC,Cauliflower,Cauliflower,FAQ,06-09-2026,1500,2500,2000
Chandigarh,Chandigarh,Chandigarh (Grain/F&V) APMC,Bottle gourd,Bottle Gourd,FAQ,06-09-2026,500,1000,800
Chandigarh,Chandigarh,Chandigarh (Grain/F&V) APMC,Cabbage,Cabbage,FAQ,06-09-2026,500,1500,1200
Chandigarh,Chandigarh,Chandigarh (Grain/F&V) APMC,Capsicum,Capsicum,FAQ,06-09-2026,2000,2500,2400
Telangana,Ranga Reddy,"Vanasthalipuram,RBZ ",Drumstick,Drumstick,Grade A,06-09-2026,4000,4000,4000
Telangana,Ranga Reddy,"Vanasthalipuram,RBZ ",Ladies Finger,Ladies Finger,Grade A,06-09-2026,3500,3500,3500
Telangana,Ranga Reddy,"Vanasthalipuram,RBZ ",Cluster beans,Cluster Beans,Grade A,06-09-2026,2800,2800,2800
Telangana,Ranga Reddy,"Vanasthalipuram,RBZ ",Bottle gourd,Bottle Gourd,Grade A,06-09-2026,800,800,800
Telangana,Ranga Reddy,"Vanasthalipuram,RBZ ",Beetroot,Beetroot,Grade A,06-09-2026,3500,3500,3500
Tamil Nadu,Karur,Karur(Uzhavar Sandhai ),Snakeguard,Snakeguard,Local,06-09-2026,3000,3500,3250
Tamil Nadu,Karur,Karur(Uzhavar Sandhai ),Beetroot,Beetroot,Local,06-09-2026,6500,7000,6750
Tamil Nadu,Karur,Karur(Uzhavar Sandhai ),Brinjal,Other,Local,06-09-2026,4000,5000,4500
Tamil Nadu,Karur,Karur(Uzhavar Sandhai ),Tomato,Deshi,Local,06-09-2026,2500,3000,2750
Tamil Nadu,Karur,Karur(Uzhavar Sandhai ),Bhindi(Ladies Finger),Bhindi,Local,06-09-2026,4000,4500,4250
Tamil Nadu,Karur,Karur(Uzhavar Sandhai ),Raddish,Raddish,Local,06-09-2026,2500,3000,2750
Tamil Nadu,Karur,Karur(Uzhavar Sandhai ),Mango(Raw-Ripe),Mango - Raw-Ripe,Local,06-09-2026,8500,9000,8750
Tamil Nadu,Karur,Karur(Uzhavar Sandhai ),Knool Khol,Knool Khol,Local,06-09-2026,5500,6000,5750
Tamil Nadu,Karur,Karur(Uzhavar Sandhai ),Elephant Yam(Suran)/Amorphophallus,Elephant Yam (Suran),Local,06-09-2026,4500,5000,4750
Tamil Nadu,Karur,Karur(Uzhavar Sandhai ),Yam(Ratalu),Yam (Ratalu),Local,06-09-2026,9000,10000,9500
Tamil Nadu,Karur,Karur(Uzhavar Sandhai ),Lemon,Lemon,Local,06-09-2026,27500,28000,27750
Tamil Nadu,Coimbatore,Kurichi(Uzhavar Sandhai ),Coconut,Coconut,Local,06-09-2026,5500,6000,5750
Tamil Nadu,Coimbatore,Kurichi(Uzhavar Sandhai ),Pumpkin,Pumpkin,Local,06-09-2026,1400,1800,1600
Tamil Nadu,Coimbatore,Kurichi(Uzhavar Sandhai ),Amaranthus,Amaranthus,Local,06-09-2026,5000,6500,5750
Tamil Nadu,Coimbatore,Kurichi(Uzhavar Sandhai ),Banana - Green,Banana - Green,Local,06-09-2026,4000,4500,4250
Tamil Nadu,Coimbatore,Kurichi(Uzhavar Sandhai ),Raddish,Raddish,Local,06-09-2026,3000,3500,3250
Tamil Nadu,Coimbatore,Kurichi(Uzhavar Sandhai ),Thondekai,Thondekai,Local,06-09-2026,4000,4500,4250
Tamil Nadu,Cuddalore,Chidambaram(Uzhavar Sandhai ),Bhindi(Ladies Finger),Bhindi,Local,06-09-2026,3000,3000,3000
Tamil Nadu,Cuddalore,Cuddalore(Uzhavar Sandhai ),Cabbage,Cabbage,Local,06-09-2026,3000,3000,3000
Tamil Nadu,Cuddalore,Cuddalore(Uzhavar Sandhai ),Potato,Red Nanital,Local,06-09-2026,4000,4000,4000
Tamil Nadu,Cuddalore,Cuddalore(Uzhavar Sandhai ),Coriander(Leaves),I Sort,Local,06-09-2026,5000,5000,5000
Tamil Nadu,Cuddalore,Cuddalore(Uzhavar Sandhai ),Ashgourd,Gouard,Local,06-09-2026,3000,3000,3000
Tamil Nadu,Cuddalore,Cuddalore(Uzhavar Sandhai ),Bhindi(Ladies Finger),Bhindi,Local,06-09-2026,3500,3500,3500
Tamil Nadu,Cuddalore,Cuddalore(Uzhavar Sandhai ),Knool Khol,Knool Khol,Local,06-09-2026,3000,3000,3000
Tamil Nadu,Cuddalore,Cuddalore(Uzhavar Sandhai ),Yam(Ratalu),Yam (Ratalu),Local,06-09-2026,6000,6000,6000
Tamil Nadu,Tuticorin,Tuticorin(Uzhavar Sandhai ),Carrot,Pusakesar,Local,06-09-2026,7500,8000,7750
Tamil Nadu,Tuticorin,Tuticorin(Uzhavar Sandhai ),Ridgeguard(Tori),Ridgeguard(Tori),Local,06-09-2026,4500,5000,4750
Tamil Nadu,Tuticorin,Tuticorin(Uzhavar Sandhai ),Apple,American,Local,06-09-2026,19000,20000,19500
Tamil Nadu,Tuticorin,Tuticorin(Uzhavar Sandhai ),Orange,Darjeeling,Local,06-09-2026,14000,15000,14500
Tamil Nadu,Tuticorin,Tuticorin(Uzhavar Sandhai ),Garlic,Garlic,Local,06-09-2026,21000,22000,21500
Tamil Nadu,Tuticorin,Tuticorin(Uzhavar Sandhai ),Bitter gourd,Other,Local,06-09-2026,5000,6000,5500
Tamil Nadu,Tuticorin,Tuticorin(Uzhavar Sandhai ),Amaranthus,Amaranthus,Local,06-09-2026,800,1000,900
Tamil Nadu,Tuticorin,Tuticorin(Uzhavar Sandhai ),Mango(Raw-Ripe),Mango - Raw-Ripe,Local,06-09-2026,9000,10000,9500
Tamil Nadu,Tuticorin,Tuticorin(Uzhavar Sandhai ),Jack Fruit(Ripe),Jack Fruit,Local,06-09-2026,5000,6000,5500
Tamil Nadu,Tuticorin,Tuticorin(Uzhavar Sandhai ),Elephant Yam(Suran)/Amorphophallus,Elephant Yam (Suran),Local,06-09-2026,4500,5000,4750
Tamil Nadu,Tuticorin,Tuticorin(Uzhavar Sandhai ),Amla(Nelli Kai),Amla,Local,06-09-2026,6500,7000,6750
Tamil Nadu,Tuticorin,Tuticorin(Uzhavar Sandhai ),Sweet Corn ,Sweet Corn ,Local,06-09-2026,5000,6000,5500
Madhya Pradesh,Katni,Katni APMC,Red gram/Arhar/Tur(whole),Arhar Dal(Tur),FAQ,06-09-2026,8600,8600,8600
Tamil Nadu,Nagercoil (Kannyiakumari),Vadaseri APMC,Coconut,Coconut,Local,06-09-2026,6100,6300,6200
Tamil Nadu,Nagercoil (Kannyiakumari),Vadaseri APMC,Snakeguard,Snakeguard,Local,06-09-2026,3500,4000,3750
Tamil Nadu,Nagercoil (Kannyiakumari),Vadaseri APMC,Pineapple,Pine Apple,Local,06-09-2026,4500,5000,4750
Tamil Nadu,Nagercoil (Kannyiakumari),Vadaseri APMC,Onion,Bellary,Local,06-09-2026,5500,6000,5750
Tamil Nadu,Nagercoil (Kannyiakumari),Vadaseri APMC,Garlic,Garlic,Local,06-09-2026,20000,22000,21000
Tamil Nadu,Nagercoil (Kannyiakumari),Vadaseri APMC,Coriander(Leaves),I Sort,Local,06-09-2026,4300,4800,4550
Tamil Nadu,Nagercoil (Kannyiakumari),Vadaseri APMC,Tomato,Local,Local,06-09-2026,2700,3000,2850
Tamil Nadu,Nagercoil (Kannyiakumari),Vadaseri APMC,Chow Chow,Chow Chow,Local,06-09-2026,4500,5000,4750
Tamil Nadu,Nagercoil (Kannyiakumari),Vadaseri APMC,Jack Fruit(Ripe),Jack Fruit,Local,06-09-2026,3000,3500,3250
Tamil Nadu,Nagercoil (Kannyiakumari),Vadaseri APMC,Tender Coconut,Tender Coconut,Local,06-09-2026,4500,5000,4750
Tamil Nadu,Nagercoil (Kannyiakumari),Vadaseri APMC,Tamarind Fruit,Tamarind Fruit,Local,06-09-2026,13000,14000,13500
Tamil Nadu,Pudukkottai,Karambakkudi(Uzhavar Sandhai ),Amaranthus,Amaranthus,Local,06-09-2026,1500,2000,1750
Tamil Nadu,Pudukkottai,Karambakkudi(Uzhavar Sandhai ),Lemon,Lemon,Local,06-09-2026,17000,18000,17500
Tamil Nadu,Pudukkottai,Karambakkudi(Uzhavar Sandhai ),Onion Green,Onion Green,Local,06-09-2026,8000,9000,8500
Maharashtra,Ahilyanagar,APMC Rahata ,Tomato,Other,Local,06-09-2026,500,2200,1350
Maharashtra,Ahilyanagar,APMC Rahata ,Chilly Capsicum,Other,Local,06-09-2026,500,2000,1250
Maharashtra,Ahilyanagar,APMC Rahata ,Green Peas,Other,Local,06-09-2026,6000,6500,6200
Maharashtra,Ahilyanagar,APMC Rahata ,Cucumbar(Kheera),Other,Local,06-09-2026,1000,2000,1500
Maharashtra,Ahilyanagar,APMC Rahata ,Cabbage,Other,Local,06-09-2026,300,1000,650
Tamil Nadu,Vellore,Thirupathur APMC,Ridgeguard(Tori),Ridgeguard(Tori),Local,06-09-2026,4000,4000,4000
Tamil Nadu,Vellore,Thirupathur APMC,Cauliflower,Ranchi,Local,06-09-2026,3000,3000,3000
Tamil Nadu,Vellore,Thirupathur APMC,Tomato,Deshi,Local,06-09-2026,2800,2800,2800
Tamil Nadu,Vellore,Thirupathur APMC,Banana - Green,Banana - Green,Local,06-09-2026,2500,2500,2500
Tamil Nadu,Vellore,Thirupathur APMC,Capsicum,Capsicum,Local,06-09-2026,5000,5000,5000
Tamil Nadu,Vellore,Thirupathur APMC,Drumstick,Drumstick,Local,06-09-2026,4000,4000,4000
Tamil Nadu,Vellore,Thirupathur APMC,Yam(Ratalu),Yam (Ratalu),Local,06-09-2026,4000,4000,4000
Tamil Nadu,Vellore,Thirupathur APMC,Mint(Pudina),Mint(Pudina),Local,06-09-2026,5000,5000,5000
Tamil Nadu,Vellore,Thirupathur APMC,Sweet Corn ,Sweet Corn ,Local,06-09-2026,3000,3000,3000
Tamil Nadu,Vellore,Vellore APMC,Cabbage,Cabbage,Local,06-09-2026,2500,2500,2500
Tamil Nadu,Vellore,Vellore APMC,Banana,Red Banana,Local,06-09-2026,6000,7000,6500
Tamil Nadu,Vellore,Vellore APMC,Mango,Safeda,Local,06-09-2026,15000,15000,15000
Tamil Nadu,Vellore,Vellore APMC,Bitter gourd,Bitter Gourd,Local,06-09-2026,4000,4500,4250
Tamil Nadu,Vellore,Vellore APMC,Ashgourd,Gouard,Local,06-09-2026,3500,3500,3500
Tamil Nadu,Vellore,Vellore APMC,Pumpkin,Pumpkin,Local,06-09-2026,2500,2500,2500
Tamil Nadu,Vellore,Vellore APMC,Banana - Green,Banana - Green,Local,06-09-2026,3000,3000,3000
Tamil Nadu,Vellore,Vellore APMC,Ginger(Green),Green Ginger,Local,06-09-2026,16000,16000,16000
Tamil Nadu,Vellore,Vellore APMC,Raddish,Raddish,Local,06-09-2026,2000,2000,2000
Tamil Nadu,Vellore,Vellore APMC,Thondekai,Thondekai,Local,06-09-2026,3000,3000,3000
Tamil Nadu,Vellore,Vellore APMC,Mango(Raw-Ripe),Mango - Raw-Ripe,Local,06-09-2026,9000,9000,9000
Tamil Nadu,Vellore,Vellore APMC,Guava,Guava Allahabad,Local,06-09-2026,4000,5000,4500
Tamil Nadu,Vellore,Vellore APMC,Mint(Pudina),Mint(Pudina),Local,06-09-2026,3500,3500,3500
Tamil Nadu,Vellore,Vellore APMC,Sweet Corn ,Sweet Corn ,Local,06-09-2026,2500,2500,2500
Madhya Pradesh,Rajgarh,Biaora APMC,Soyabean,Soyabeen,FAQ,06-09-2026,4000,5605,5605
Bihar,Supaul,Triveniganj APMC,Pointed gourd(Parval),Pointed gourd (Parval),Grade A,06-09-2026,3200,3200,3200
Bihar,Supaul,Triveniganj APMC,Bhindi(Ladies Finger),Bhindi,Grade A,06-09-2026,2500,2500,2500
Bihar,Supaul,Triveniganj APMC,Green Chilli,Green Chilly,Grade A,06-09-2026,4600,4600,4600
Tamil Nadu,Dharmapuri,Harur(Uzhavar Sandhai ),Cabbage,Cabbage,Local,06-09-2026,3000,3500,3250
Tamil Nadu,Dharmapuri,Harur(Uzhavar Sandhai ),Papaya,Papaya,Local,06-09-2026,2500,3000,2750
Tamil Nadu,Dharmapuri,Harur(Uzhavar Sandhai ),Pumpkin,Pumpkin,Local,06-09-2026,1500,2000,1750
Tamil Nadu,Dharmapuri,Harur(Uzhavar Sandhai ),Banana - Green,Banana - Green,Local,06-09-2026,2000,2500,2250
Tamil Nadu,Dharmapuri,Harur(Uzhavar Sandhai ),Beans,Beans (Whole),Local,06-09-2026,8000,9000,8500
Tamil Nadu,Dharmapuri,Harur(Uzhavar Sandhai ),Thondekai,Thondekai,Local,06-09-2026,4500,5000,4750
Tamil Nadu,Dharmapuri,Harur(Uzhavar Sandhai ),Green Avare(W),Green Avare (W),Local,06-09-2026,5000,6000,5500
Tamil Nadu,Dharmapuri,Harur(Uzhavar Sandhai ),Guava,Guava Allahabad,Local,06-09-2026,4000,5000,4500
Tamil Nadu,Dharmapuri,Harur(Uzhavar Sandhai ),Onion Green,Onion Green,Local,06-09-2026,6000,6500,6250
Tamil Nadu,Krishnagiri,Kaveripattinam(Uzhavar Sandhai ),Ridgeguard(Tori),Ridgeguard(Tori),Local,06-09-2026,6000,6000,6000
Tamil Nadu,Krishnagiri,Kaveripattinam(Uzhavar Sandhai ),Onion,Bellary,Local,06-09-2026,5000,5000,5000
Tamil Nadu,Krishnagiri,Kaveripattinam(Uzhavar Sandhai ),Potato,Red Nanital,Local,06-09-2026,4000,4000,4000
Tamil Nadu,Krishnagiri,Kaveripattinam(Uzhavar Sandhai ),Bhindi(Ladies Finger),Bhindi,Local,06-09-2026,3000,3000,3000
Tamil Nadu,Krishnagiri,Kaveripattinam(Uzhavar Sandhai ),Chow Chow,Chow Chow,Local,06-09-2026,3500,3500,3500
Tamil Nadu,Krishnagiri,Kaveripattinam(Uzhavar Sandhai ),Lemon,Lemon,Local,06-09-2026,9000,9000,9000
Tamil Nadu,Krishnagiri,Kaveripattinam(Uzhavar Sandhai ),Mint(Pudina),Mint(Pudina),Local,06-09-2026,5000,5000,5000
Tamil Nadu,The Nilgiris,Gudalur(Uzhavar Sandhai ),Coconut,Coconut,Local,06-09-2026,6000,6500,6250
Tamil Nadu,The Nilgiris,Gudalur(Uzhavar Sandhai ),Cluster beans,Cluster Beans,Local,06-09-2026,3500,4000,3750
Tamil Nadu,The Nilgiris,Gudalur(Uzhavar Sandhai ),Bitter gourd,Bitter Gourd,Local,06-09-2026,4500,4800,4650
Tamil Nadu,The Nilgiris,Gudalur(Uzhavar Sandhai ),Ridgeguard(Tori),Ridgeguard(Tori),Local,06-09-2026,4500,5000,4750
Tamil Nadu,The Nilgiris,Gudalur(Uzhavar Sandhai ),Pumpkin,Pumpkin,Local,06-09-2026,1500,2000,1750
Tamil Nadu,The Nilgiris,Gudalur(Uzhavar Sandhai ),Cowpea(Veg),Cowpea (Veg),Local,06-09-2026,3500,4000,3750
Tamil Nadu,The Nilgiris,Gudalur(Uzhavar Sandhai ),Beans,Beans (Whole),Local,06-09-2026,6500,7000,6750
Tamil Nadu,The Nilgiris,Gudalur(Uzhavar Sandhai ),Thondekai,Thondekai,Local,06-09-2026,2500,3000,2750
Tamil Nadu,The Nilgiris,Gudalur(Uzhavar Sandhai ),Chow Chow,Chow Chow,Local,06-09-2026,2000,2500,2250
Odisha,Bargarh,Attabira APMC,Tomato,Other,Local,06-09-2026,1650,1950,1800
Himachal Pradesh,Kullu,SMY Bhuntar,Cabbage,Other,FAQ,06-09-2026,2000,2500,2200
Himachal Pradesh,Kullu,SMY Bhuntar,Green Chilli,Other,FAQ,06-09-2026,4000,5000,4500
Himachal Pradesh,Kullu,SMY Bhuntar,Potato,Other,FAQ,06-09-2026,1000,2000,1500
Himachal Pradesh,Kullu,SMY Bhuntar,Pumpkin,Other,FAQ,06-09-2026,2200,2500,2300
Himachal Pradesh,Kullu,SMY Bhuntar,Bitter gourd,Bitter Gourd,FAQ,06-09-2026,800,1000,900
Himachal Pradesh,Kullu,SMY Bhuntar,Squash(Chappal Kadoo),Other,FAQ,06-09-2026,2000,2500,2200
Himachal Pradesh,Kullu,SMY Bhuntar,Ginger(Green),Other,FAQ,06-09-2026,9000,10000,9500
Himachal Pradesh,Kullu,SMY Bhuntar,Water Melon,Other,Medium,06-09-2026,3000,3200,3100
Punjab,Tarntaran,Patti APMC,Banana,Other,Grade B,06-09-2026,1.2,1.2,1.2
Punjab,Tarntaran,Patti APMC,Brinjal,Other,Local,06-09-2026,0.12,0.12,0.12
Punjab,Tarntaran,Patti APMC,Spinach,Other,Local,06-09-2026,450,450,450
Punjab,Tarntaran,Patti APMC,Pea Pod/Pea Cod/हरी मटर,Other,Local,06-09-2026,5200,5200,5200
Uttarakhand,Dehradoon,Vikasnagar APMC,Ginger(Green),Green Ginger,Medium,06-09-2026,3500,6000,6000
Uttarakhand,Dehradoon,Vikasnagar APMC,Bitter gourd,Other,Medium,06-09-2026,500,1200,1200
Uttarakhand,Dehradoon,Vikasnagar APMC,Papaya,Papaya,Medium,06-09-2026,1500,1600,1600
Andhra Pradesh,Tirupathi,Venkatagiri APMC,Black Gram(Urd Beans)(Whole),Local,FAQ,06-09-2026,7300,8000,7700
Uttarakhand,Dehradoon,Rishikesh APMC,Tomato,Other,Medium,06-09-2026,1550,2200,1800
Uttarakhand,Dehradoon,Rishikesh APMC,Cucumbar(Kheera),Other,Medium,06-09-2026,1000,2000,1800
Uttarakhand,Dehradoon,Rishikesh APMC,Ridgeguard(Tori),Other,Medium,06-09-2026,600,900,700
Uttarakhand,Dehradoon,Rishikesh APMC,Pomegranate,Other,Medium,06-09-2026,6200,10800,7800
Uttar Pradesh,Auraiya,Auraiya APMC,Wheat,Other,FAQ,06-09-2026,2620,2620,2620
Telangana,Medchal Malkajgiri,"Kukatpally,RBZ",Brinjal,Brinjal,Local,06-09-2026,2300,2300,2300
Telangana,Medchal Malkajgiri,"Kukatpally,RBZ",Cabbage,Cabbage,Local,06-09-2026,1400,1400,1400
Telangana,Medchal Malkajgiri,"Kukatpally,RBZ",Cucumbar(Kheera),Cucumbar,Local,06-09-2026,1800,1800,1800
Telangana,Medchal Malkajgiri,"Kukatpally,RBZ",Tomato,Deshi,Local,06-09-2026,1500,1500,1500
Telangana,Medchal Malkajgiri,"Kukatpally,RBZ",Green Chilli,Green Chilly,Local,06-09-2026,2800,2800,2800
Telangana,Medchal Malkajgiri,"Kukatpally,RBZ",Ridgeguard(Tori),Other,Local,06-09-2026,3500,3500,3500
Telangana,Medchal Malkajgiri,"Kukatpally,RBZ",Snakeguard,Other,Local,06-09-2026,2300,2300,2300
Telangana,Medchal Malkajgiri,"Kukatpally,RBZ",Other green and fresh vegetables,Other,Local,06-09-2026,2000,2000,2000
Uttarakhand,Udhamsinghnagar,Jaspur(UC) APMC,Bottle gourd,Other,FAQ,06-09-2026,1200,1400,1300
Uttarakhand,Udhamsinghnagar,Jaspur(UC) APMC,Raddish,Raddish,FAQ,06-09-2026,1000,1000,1000
Uttarakhand,Udhamsinghnagar,Jaspur(UC) APMC,Tomato,Tomato,FAQ,06-09-2026,2600,2800,2700
